record_id,title,exclusion_reason,detail,publication_state,record_type
ARED-GH-00010,Fante Asafo flags visual system,record_type,"record_type ""living visual system"" is a planning row",source-backed seed record,living visual system
ARED-GH-00015,Artist Alliance Gallery Asafo flag collection,record_type,"record_type ""collection"" is a planning row",source-backed seed record,collection
ARED-GH-00016,Fowler Museum Asafo flag collection,record_type,"record_type ""collection"" is a planning row",source-backed seed record,collection
ARED-GH-00031,Packaging design and production research corpus at KNUST,record_type,"record_type ""research collection"" is a planning row",source-backed seed record,research collection
ARED-GH-00033,Department of Communication Design staff and alumni authority cluster,record_type,"record_type ""authority cluster"" is a planning row",source-backed seed record,authority cluster
ARED-GH-00034,Gold Coast and Ghana newspaper visual culture research field,record_type,"record_type ""research field"" is a planning row",source-backed seed record,research field
ARED-GH-00036,Colonial map and survey graphics research field,record_type,"record_type ""research field"" is a planning row",source-backed seed record,research field
ARED-GH-00037,Colonial and postcolonial postage stamp design research field,templated_wording,"contains ""institutional research lead""",source-backed seed record,research field
ARED-GH-00038,Currency and banknote design research field,templated_wording,"contains ""research target""",source-backed seed record,research field
ARED-GH-00039,Ghanaian hand-painted cinema poster visual system,templated_wording,"contains ""field is established; this row is a system-level""",source-backed seed record,living and historical visual system
ARED-GH-00040,Sign painting and public lettering in Ghana,templated_wording,"contains ""system-level record""",source-backed seed record,living visual system
ARED-GH-00041,Funeral poster and programme visual culture,templated_wording,"contains ""no object claim""",source-backed seed record,living visual system
ARED-GH-00042,Religious poster and banner visual culture,templated_wording,"contains ""ared field-research programme""",source-backed seed record,living visual system
ARED-GH-00043,Music cover and concert-poster visual culture,templated_wording,"contains ""ared field-research programme""",source-backed seed record,research field
ARED-GH-00044,"Political poster, party emblem and campaign graphic visual culture",templated_wording,"contains ""ared field-research programme""",source-backed seed record,research field
ARED-GH-00045,Posuban shrine visual system,record_type,"record_type ""architectural visual system"" is a planning row",source-backed seed record,architectural visual system
ARED-GH-00046,Sirigu women’s wall-painting visual system,templated_wording,"contains ""ared ghana-based research priority""",source-backed seed record,living visual system
ARED-GH-00047,Ga fantasy coffin design field,templated_wording,"contains ""ared ghana-based research priority""",source-backed seed record,living visual system
ARED-GH-00048,Ghanaian digital flyer and social-media design field,templated_wording,"contains ""ared digital preservation programme""",source-backed seed record,living visual system
ARED-GH-00049,Ghanaian design education institutional genealogy,templated_wording,"contains ""research framework""",source-backed seed record,research framework
ARED-GH-00050,ARED History of Graphic Design in Ghana master collection,record_type,"record_type ""collection"" is a planning row",source-backed seed record,collection
ARED-GH-00051,"Greater Accra: Land, cosmology and authority — object or artefact record research target 1",publication_state,"publication_state contains ""research target""",research target; no object claim,object or artefact record
ARED-GH-00052,"Greater Accra: Land, cosmology and authority — object or artefact record research target 2",publication_state,"publication_state contains ""research target""",research target; no object claim,object or artefact record
ARED-GH-00053,"Greater Accra: Land, cosmology and authority — object or artefact record research target 3",publication_state,"publication_state contains ""research target""",research target; no object claim,object or artefact record
ARED-GH-00054,"Greater Accra: Land, cosmology and authority — object or artefact record research target 4",publication_state,"publication_state contains ""research target""",research target; no object claim,object or artefact record
ARED-GH-00055,"Greater Accra: Land, cosmology and authority — object or artefact record research target 5",publication_state,"publication_state contains ""research target""",research target; no object claim,object or artefact record
ARED-GH-00056,"Greater Accra: Land, cosmology and authority — maker or workshop authority record research target 1",publication_state,"publication_state contains ""research target""",research target; no object claim,maker or workshop authority record
ARED-GH-00057,"Greater Accra: Land, cosmology and authority — maker or workshop authority record research target 2",publication_state,"publication_state contains ""research target""",research target; no object claim,maker or workshop authority record
ARED-GH-00058,"Greater Accra: Land, cosmology and authority — maker or workshop authority record research target 3",publication_state,"publication_state contains ""research target""",research target; no object claim,maker or workshop authority record
ARED-GH-00059,"Greater Accra: Land, cosmology and authority — maker or workshop authority record research target 4",publication_state,"publication_state contains ""research target""",research target; no object claim,maker or workshop authority record
ARED-GH-00060,"Greater Accra: Land, cosmology and authority — maker or workshop authority record research target 5",publication_state,"publication_state contains ""research target""",research target; no object claim,maker or workshop authority record
ARED-GH-00061,"Greater Accra: Land, cosmology and authority — institution or collection record research target 1",publication_state,"publication_state contains ""research target""",research target; no object claim,institution or collection record
ARED-GH-00062,"Greater Accra: Land, cosmology and authority — institution or collection record research target 2",publication_state,"publication_state contains ""research target""",research target; no object claim,institution or collection record
ARED-GH-00063,"Greater Accra: Land, cosmology and authority — institution or collection record research target 3",publication_state,"publication_state contains ""research target""",research target; no object claim,institution or collection record
ARED-GH-00064,"Greater Accra: Land, cosmology and authority — institution or collection record research target 4",publication_state,"publication_state contains ""research target""",research target; no object claim,institution or collection record
ARED-GH-00065,"Greater Accra: Land, cosmology and authority — institution or collection record research target 5",publication_state,"publication_state contains ""research target""",research target; no object claim,institution or collection record
ARED-GH-00066,"Greater Accra: Land, cosmology and authority — oral-history interview research target 1",publication_state,"publication_state contains ""research target""",research target; no object claim,oral-history interview
ARED-GH-00067,"Greater Accra: Land, cosmology and authority — oral-history interview research target 2",publication_state,"publication_state contains ""research target""",research target; no object claim,oral-history interview
ARED-GH-00068,"Greater Accra: Land, cosmology and authority — oral-history interview research target 3",publication_state,"publication_state contains ""research target""",research target; no object claim,oral-history interview
ARED-GH-00069,"Greater Accra: Land, cosmology and authority — oral-history interview research target 4",publication_state,"publication_state contains ""research target""",research target; no object claim,oral-history interview
ARED-GH-00070,"Greater Accra: Land, cosmology and authority — oral-history interview research target 5",publication_state,"publication_state contains ""research target""",research target; no object claim,oral-history interview
ARED-GH-00071,"Greater Accra: Land, cosmology and authority — publication or archival source research target 1",publication_state,"publication_state contains ""research target""",research target; no object claim,publication or archival source
ARED-GH-00072,"Greater Accra: Land, cosmology and authority — publication or archival source research target 2",publication_state,"publication_state contains ""research target""",research target; no object claim,publication or archival source
ARED-GH-00073,"Greater Accra: Land, cosmology and authority — publication or archival source research target 3",publication_state,"publication_state contains ""research target""",research target; no object claim,publication or archival source
ARED-GH-00074,"Greater Accra: Land, cosmology and authority — publication or archival source research target 4",publication_state,"publication_state contains ""research target""",research target; no object claim,publication or archival source
ARED-GH-00075,"Greater Accra: Land, cosmology and authority — publication or archival source research target 5",publication_state,"publication_state contains ""research target""",research target; no object claim,publication or archival source
ARED-GH-00076,"Greater Accra: Memory, proverb and performance — object or artefact record research target 1",publication_state,"publication_state contains ""research target""",research target; no object claim,object or artefact record
ARED-GH-00077,"Greater Accra: Memory, proverb and performance — object or artefact record research target 2",publication_state,"publication_state contains ""research target""",research target; no object claim,object or artefact record
ARED-GH-00078,"Greater Accra: Memory, proverb and performance — object or artefact record research target 3",publication_state,"publication_state contains ""research target""",research target; no object claim,object or artefact record
ARED-GH-00079,"Greater Accra: Memory, proverb and performance — object or artefact record research target 4",publication_state,"publication_state contains ""research target""",research target; no object claim,object or artefact record
ARED-GH-00080,"Greater Accra: Memory, proverb and performance — object or artefact record research target 5",publication_state,"publication_state contains ""research target""",research target; no object claim,object or artefact record
ARED-GH-00081,"Greater Accra: Memory, proverb and performance — maker or workshop authority record research target 1",publication_state,"publication_state contains ""research target""",research target; no object claim,maker or workshop authority record
ARED-GH-00082,"Greater Accra: Memory, proverb and performance — maker or workshop authority record research target 2",publication_state,"publication_state contains ""research target""",research target; no object claim,maker or workshop authority record
ARED-GH-00083,"Greater Accra: Memory, proverb and performance — maker or workshop authority record research target 3",publication_state,"publication_state contains ""research target""",research target; no object claim,maker or workshop authority record
ARED-GH-00084,"Greater Accra: Memory, proverb and performance — maker or workshop authority record research target 4",publication_state,"publication_state contains ""research target""",research target; no object claim,maker or workshop authority record
ARED-GH-00085,"Greater Accra: Memory, proverb and performance — maker or workshop authority record research target 5",publication_state,"publication_state contains ""research target""",research target; no object claim,maker or workshop authority record
ARED-GH-00086,"Greater Accra: Memory, proverb and performance — institution or collection record research target 1",publication_state,"publication_state contains ""research target""",research target; no object claim,institution or collection record
ARED-GH-00087,"Greater Accra: Memory, proverb and performance — institution or collection record research target 2",publication_state,"publication_state contains ""research target""",research target; no object claim,institution or collection record
ARED-GH-00088,"Greater Accra: Memory, proverb and performance — institution or collection record research target 3",publication_state,"publication_state contains ""research target""",research target; no object claim,institution or collection record
ARED-GH-00089,"Greater Accra: Memory, proverb and performance — institution or collection record research target 4",publication_state,"publication_state contains ""research target""",research target; no object claim,institution or collection record
ARED-GH-00090,"Greater Accra: Memory, proverb and performance — institution or collection record research target 5",publication_state,"publication_state contains ""research target""",research target; no object claim,institution or collection record
ARED-GH-00091,"Greater Accra: Memory, proverb and performance — oral-history interview research target 1",publication_state,"publication_state contains ""research target""",research target; no object claim,oral-history interview
ARED-GH-00092,"Greater Accra: Memory, proverb and performance — oral-history interview research target 2",publication_state,"publication_state contains ""research target""",research target; no object claim,oral-history interview
ARED-GH-00093,"Greater Accra: Memory, proverb and performance — oral-history interview research target 3",publication_state,"publication_state contains ""research target""",research target; no object claim,oral-history interview
ARED-GH-00094,"Greater Accra: Memory, proverb and performance — oral-history interview research target 4",publication_state,"publication_state contains ""research target""",research target; no object claim,oral-history interview
ARED-GH-00095,"Greater Accra: Memory, proverb and performance — oral-history interview research target 5",publication_state,"publication_state contains ""research target""",research target; no object claim,oral-history interview
ARED-GH-00096,"Greater Accra: Memory, proverb and performance — publication or archival source research target 1",publication_state,"publication_state contains ""research target""",research target; no object claim,publication or archival source
ARED-GH-00097,"Greater Accra: Memory, proverb and performance — publication or archival source research target 2",publication_state,"publication_state contains ""research target""",research target; no object claim,publication or archival source
ARED-GH-00098,"Greater Accra: Memory, proverb and performance — publication or archival source research target 3",publication_state,"publication_state contains ""research target""",research target; no object claim,publication or archival source
ARED-GH-00099,"Greater Accra: Memory, proverb and performance — publication or archival source research target 4",publication_state,"publication_state contains ""research target""",research target; no object claim,publication or archival source
ARED-GH-00100,"Greater Accra: Memory, proverb and performance — publication or archival source research target 5",publication_state,"publication_state contains ""research target""",research target; no object claim,publication or archival source
ARED-GH-00101,"Greater Accra: Cloth, pattern and social identity — object or artefact record research target 1",publication_state,"publication_state contains ""research target""",research target; no object claim,object or artefact record
ARED-GH-00102,"Greater Accra: Cloth, pattern and social identity — object or artefact record research target 2",publication_state,"publication_state contains ""research target""",research target; no object claim,object or artefact record
ARED-GH-00103,"Greater Accra: Cloth, pattern and social identity — object or artefact record research target 3",publication_state,"publication_state contains ""research target""",research target; no object claim,object or artefact record
ARED-GH-00104,"Greater Accra: Cloth, pattern and social identity — object or artefact record research target 4",publication_state,"publication_state contains ""research target""",research target; no object claim,object or artefact record
ARED-GH-00105,"Greater Accra: Cloth, pattern and social identity — object or artefact record research target 5",publication_state,"publication_state contains ""research target""",research target; no object claim,object or artefact record
ARED-GH-00106,"Greater Accra: Cloth, pattern and social identity — maker or workshop authority record research target 1",publication_state,"publication_state contains ""research target""",research target; no object claim,maker or workshop authority record
ARED-GH-00107,"Greater Accra: Cloth, pattern and social identity — maker or workshop authority record research target 2",publication_state,"publication_state contains ""research target""",research target; no object claim,maker or workshop authority record
ARED-GH-00108,"Greater Accra: Cloth, pattern and social identity — maker or workshop authority record research target 3",publication_state,"publication_state contains ""research target""",research target; no object claim,maker or workshop authority record
ARED-GH-00109,"Greater Accra: Cloth, pattern and social identity — maker or workshop authority record research target 4",publication_state,"publication_state contains ""research target""",research target; no object claim,maker or workshop authority record
ARED-GH-00110,"Greater Accra: Cloth, pattern and social identity — maker or workshop authority record research target 5",publication_state,"publication_state contains ""research target""",research target; no object claim,maker or workshop authority record
ARED-GH-00111,"Greater Accra: Cloth, pattern and social identity — institution or collection record research target 1",publication_state,"publication_state contains ""research target""",research target; no object claim,institution or collection record
ARED-GH-00112,"Greater Accra: Cloth, pattern and social identity — institution or collection record research target 2",publication_state,"publication_state contains ""research target""",research target; no object claim,institution or collection record
ARED-GH-00113,"Greater Accra: Cloth, pattern and social identity — institution or collection record research target 3",publication_state,"publication_state contains ""research target""",research target; no object claim,institution or collection record
ARED-GH-00114,"Greater Accra: Cloth, pattern and social identity — institution or collection record research target 4",publication_state,"publication_state contains ""research target""",research target; no object claim,institution or collection record
ARED-GH-00115,"Greater Accra: Cloth, pattern and social identity — institution or collection record research target 5",publication_state,"publication_state contains ""research target""",research target; no object claim,institution or collection record
ARED-GH-00116,"Greater Accra: Cloth, pattern and social identity — oral-history interview research target 1",publication_state,"publication_state contains ""research target""",research target; no object claim,oral-history interview
ARED-GH-00117,"Greater Accra: Cloth, pattern and social identity — oral-history interview research target 2",publication_state,"publication_state contains ""research target""",research target; no object claim,oral-history interview
ARED-GH-00118,"Greater Accra: Cloth, pattern and social identity — oral-history interview research target 3",publication_state,"publication_state contains ""research target""",research target; no object claim,oral-history interview
ARED-GH-00119,"Greater Accra: Cloth, pattern and social identity — oral-history interview research target 4",publication_state,"publication_state contains ""research target""",research target; no object claim,oral-history interview
ARED-GH-00120,"Greater Accra: Cloth, pattern and social identity — oral-history interview research target 5",publication_state,"publication_state contains ""research target""",research target; no object claim,oral-history interview
ARED-GH-00121,"Greater Accra: Cloth, pattern and social identity — publication or archival source research target 1",publication_state,"publication_state contains ""research target""",research target; no object claim,publication or archival source
ARED-GH-00122,"Greater Accra: Cloth, pattern and social identity — publication or archival source research target 2",publication_state,"publication_state contains ""research target""",research target; no object claim,publication or archival source
ARED-GH-00123,"Greater Accra: Cloth, pattern and social identity — publication or archival source research target 3",publication_state,"publication_state contains ""research target""",research target; no object claim,publication or archival source
ARED-GH-00124,"Greater Accra: Cloth, pattern and social identity — publication or archival source research target 4",publication_state,"publication_state contains ""research target""",research target; no object claim,publication or archival source
ARED-GH-00125,"Greater Accra: Cloth, pattern and social identity — publication or archival source research target 5",publication_state,"publication_state contains ""research target""",research target; no object claim,publication or archival source
ARED-GH-00126,"Greater Accra: Print, colonial rule and public culture — object or artefact record research target 1",publication_state,"publication_state contains ""research target""",research target; no object claim,object or artefact record
ARED-GH-00127,"Greater Accra: Print, colonial rule and public culture — object or artefact record research target 2",publication_state,"publication_state contains ""research target""",research target; no object claim,object or artefact record
ARED-GH-00128,"Greater Accra: Print, colonial rule and public culture — object or artefact record research target 3",publication_state,"publication_state contains ""research target""",research target; no object claim,object or artefact record
ARED-GH-00129,"Greater Accra: Print, colonial rule and public culture — object or artefact record research target 4",publication_state,"publication_state contains ""research target""",research target; no object claim,object or artefact record
ARED-GH-00130,"Greater Accra: Print, colonial rule and public culture — object or artefact record research target 5",publication_state,"publication_state contains ""research target""",research target; no object claim,object or artefact record
ARED-GH-00131,"Greater Accra: Print, colonial rule and public culture — maker or workshop authority record research target 1",publication_state,"publication_state contains ""research target""",research target; no object claim,maker or workshop authority record
ARED-GH-00132,"Greater Accra: Print, colonial rule and public culture — maker or workshop authority record research target 2",publication_state,"publication_state contains ""research target""",research target; no object claim,maker or workshop authority record
ARED-GH-00133,"Greater Accra: Print, colonial rule and public culture — maker or workshop authority record research target 3",publication_state,"publication_state contains ""research target""",research target; no object claim,maker or workshop authority record
ARED-GH-00134,"Greater Accra: Print, colonial rule and public culture — maker or workshop authority record research target 4",publication_state,"publication_state contains ""research target""",research target; no object claim,maker or workshop authority record
ARED-GH-00135,"Greater Accra: Print, colonial rule and public culture — maker or workshop authority record research target 5",publication_state,"publication_state contains ""research target""",research target; no object claim,maker or workshop authority record
ARED-GH-00136,"Greater Accra: Print, colonial rule and public culture — institution or collection record research target 1",publication_state,"publication_state contains ""research target""",research target; no object claim,institution or collection record
ARED-GH-00137,"Greater Accra: Print, colonial rule and public culture — institution or collection record research target 2",publication_state,"publication_state contains ""research target""",research target; no object claim,institution or collection record
ARED-GH-00138,"Greater Accra: Print, colonial rule and public culture — institution or collection record research target 3",publication_state,"publication_state contains ""research target""",research target; no object claim,institution or collection record
ARED-GH-00139,"Greater Accra: Print, colonial rule and public culture — institution or collection record research target 4",publication_state,"publication_state contains ""research target""",research target; no object claim,institution or collection record
ARED-GH-00140,"Greater Accra: Print, colonial rule and public culture — institution or collection record research target 5",publication_state,"publication_state contains ""research target""",research target; no object claim,institution or collection record
ARED-GH-00141,"Greater Accra: Print, colonial rule and public culture — oral-history interview research target 1",publication_state,"publication_state contains ""research target""",research target; no object claim,oral-history interview
ARED-GH-00142,"Greater Accra: Print, colonial rule and public culture — oral-history interview research target 2",publication_state,"publication_state contains ""research target""",research target; no object claim,oral-history interview
ARED-GH-00143,"Greater Accra: Print, colonial rule and public culture — oral-history interview research target 3",publication_state,"publication_state contains ""research target""",research target; no object claim,oral-history interview
ARED-GH-00144,"Greater Accra: Print, colonial rule and public culture — oral-history interview research target 4",publication_state,"publication_state contains ""research target""",research target; no object claim,oral-history interview
ARED-GH-00145,"Greater Accra: Print, colonial rule and public culture — oral-history interview research target 5",publication_state,"publication_state contains ""research target""",research target; no object claim,oral-history interview
ARED-GH-00146,"Greater Accra: Print, colonial rule and public culture — publication or archival source research target 1",publication_state,"publication_state contains ""research target""",research target; no object claim,publication or archival source
ARED-GH-00147,"Greater Accra: Print, colonial rule and public culture — publication or archival source research target 2",publication_state,"publication_state contains ""research target""",research target; no object claim,publication or archival source
ARED-GH-00148,"Greater Accra: Print, colonial rule and public culture — publication or archival source research target 3",publication_state,"publication_state contains ""research target""",research target; no object claim,publication or archival source
ARED-GH-00149,"Greater Accra: Print, colonial rule and public culture — publication or archival source research target 4",publication_state,"publication_state contains ""research target""",research target; no object claim,publication or archival source
ARED-GH-00150,"Greater Accra: Print, colonial rule and public culture — publication or archival source research target 5",publication_state,"publication_state contains ""research target""",research target; no object claim,publication or archival source
ARED-GH-00151,Greater Accra: Independence and state visual identity — object or artefact record research target 1,publication_state,"publication_state contains ""research target""",research target; no object claim,object or artefact record
ARED-GH-00152,Greater Accra: Independence and state visual identity — object or artefact record research target 2,publication_state,"publication_state contains ""research target""",research target; no object claim,object or artefact record
ARED-GH-00153,Greater Accra: Independence and state visual identity — object or artefact record research target 3,publication_state,"publication_state contains ""research target""",research target; no object claim,object or artefact record
ARED-GH-00154,Greater Accra: Independence and state visual identity — object or artefact record research target 4,publication_state,"publication_state contains ""research target""",research target; no object claim,object or artefact record
ARED-GH-00155,Greater Accra: Independence and state visual identity — object or artefact record research target 5,publication_state,"publication_state contains ""research target""",research target; no object claim,object or artefact record
ARED-GH-00156,Greater Accra: Independence and state visual identity — maker or workshop authority record research target 1,publication_state,"publication_state contains ""research target""",research target; no object claim,maker or workshop authority record
ARED-GH-00157,Greater Accra: Independence and state visual identity — maker or workshop authority record research target 2,publication_state,"publication_state contains ""research target""",research target; no object claim,maker or workshop authority record
ARED-GH-00158,Greater Accra: Independence and state visual identity — maker or workshop authority record research target 3,publication_state,"publication_state contains ""research target""",research target; no object claim,maker or workshop authority record
ARED-GH-00159,Greater Accra: Independence and state visual identity — maker or workshop authority record research target 4,publication_state,"publication_state contains ""research target""",research target; no object claim,maker or workshop authority record
ARED-GH-00160,Greater Accra: Independence and state visual identity — maker or workshop authority record research target 5,publication_state,"publication_state contains ""research target""",research target; no object claim,maker or workshop authority record
ARED-GH-00161,Greater Accra: Independence and state visual identity — institution or collection record research target 1,publication_state,"publication_state contains ""research target""",research target; no object claim,institution or collection record
ARED-GH-00162,Greater Accra: Independence and state visual identity — institution or collection record research target 2,publication_state,"publication_state contains ""research target""",research target; no object claim,institution or collection record
ARED-GH-00163,Greater Accra: Independence and state visual identity — institution or collection record research target 3,publication_state,"publication_state contains ""research target""",research target; no object claim,institution or collection record
ARED-GH-00164,Greater Accra: Independence and state visual identity — institution or collection record research target 4,publication_state,"publication_state contains ""research target""",research target; no object claim,institution or collection record
ARED-GH-00165,Greater Accra: Independence and state visual identity — institution or collection record research target 5,publication_state,"publication_state contains ""research target""",research target; no object claim,institution or collection record
ARED-GH-00166,Greater Accra: Independence and state visual identity — oral-history interview research target 1,publication_state,"publication_state contains ""research target""",research target; no object claim,oral-history interview
ARED-GH-00167,Greater Accra: Independence and state visual identity — oral-history interview research target 2,publication_state,"publication_state contains ""research target""",research target; no object claim,oral-history interview
ARED-GH-00168,Greater Accra: Independence and state visual identity — oral-history interview research target 3,publication_state,"publication_state contains ""research target""",research target; no object claim,oral-history interview
ARED-GH-00169,Greater Accra: Independence and state visual identity — oral-history interview research target 4,publication_state,"publication_state contains ""research target""",research target; no object claim,oral-history interview
ARED-GH-00170,Greater Accra: Independence and state visual identity — oral-history interview research target 5,publication_state,"publication_state contains ""research target""",research target; no object claim,oral-history interview
ARED-GH-00171,Greater Accra: Independence and state visual identity — publication or archival source research target 1,publication_state,"publication_state contains ""research target""",research target; no object claim,publication or archival source
ARED-GH-00172,Greater Accra: Independence and state visual identity — publication or archival source research target 2,publication_state,"publication_state contains ""research target""",research target; no object claim,publication or archival source
ARED-GH-00173,Greater Accra: Independence and state visual identity — publication or archival source research target 3,publication_state,"publication_state contains ""research target""",research target; no object claim,publication or archival source
ARED-GH-00174,Greater Accra: Independence and state visual identity — publication or archival source research target 4,publication_state,"publication_state contains ""research target""",research target; no object claim,publication or archival source
ARED-GH-00175,Greater Accra: Independence and state visual identity — publication or archival source research target 5,publication_state,"publication_state contains ""research target""",research target; no object claim,publication or archival source
ARED-GH-00176,Greater Accra: Popular and everyday graphics — object or artefact record research target 1,publication_state,"publication_state contains ""research target""",research target; no object claim,object or artefact record
ARED-GH-00177,Greater Accra: Popular and everyday graphics — object or artefact record research target 2,publication_state,"publication_state contains ""research target""",research target; no object claim,object or artefact record
ARED-GH-00178,Greater Accra: Popular and everyday graphics — object or artefact record research target 3,publication_state,"publication_state contains ""research target""",research target; no object claim,object or artefact record
ARED-GH-00179,Greater Accra: Popular and everyday graphics — object or artefact record research target 4,publication_state,"publication_state contains ""research target""",research target; no object claim,object or artefact record
ARED-GH-00180,Greater Accra: Popular and everyday graphics — object or artefact record research target 5,publication_state,"publication_state contains ""research target""",research target; no object claim,object or artefact record
ARED-GH-00181,Greater Accra: Popular and everyday graphics — maker or workshop authority record research target 1,publication_state,"publication_state contains ""research target""",research target; no object claim,maker or workshop authority record
ARED-GH-00182,Greater Accra: Popular and everyday graphics — maker or workshop authority record research target 2,publication_state,"publication_state contains ""research target""",research target; no object claim,maker or workshop authority record
ARED-GH-00183,Greater Accra: Popular and everyday graphics — maker or workshop authority record research target 3,publication_state,"publication_state contains ""research target""",research target; no object claim,maker or workshop authority record
ARED-GH-00184,Greater Accra: Popular and everyday graphics — maker or workshop authority record research target 4,publication_state,"publication_state contains ""research target""",research target; no object claim,maker or workshop authority record
ARED-GH-00185,Greater Accra: Popular and everyday graphics — maker or workshop authority record research target 5,publication_state,"publication_state contains ""research target""",research target; no object claim,maker or workshop authority record
ARED-GH-00186,Greater Accra: Popular and everyday graphics — institution or collection record research target 1,publication_state,"publication_state contains ""research target""",research target; no object claim,institution or collection record
ARED-GH-00187,Greater Accra: Popular and everyday graphics — institution or collection record research target 2,publication_state,"publication_state contains ""research target""",research target; no object claim,institution or collection record
ARED-GH-00188,Greater Accra: Popular and everyday graphics — institution or collection record research target 3,publication_state,"publication_state contains ""research target""",research target; no object claim,institution or collection record
ARED-GH-00189,Greater Accra: Popular and everyday graphics — institution or collection record research target 4,publication_state,"publication_state contains ""research target""",research target; no object claim,institution or collection record
ARED-GH-00190,Greater Accra: Popular and everyday graphics — institution or collection record research target 5,publication_state,"publication_state contains ""research target""",research target; no object claim,institution or collection record
ARED-GH-00191,Greater Accra: Popular and everyday graphics — oral-history interview research target 1,publication_state,"publication_state contains ""research target""",research target; no object claim,oral-history interview
ARED-GH-00192,Greater Accra: Popular and everyday graphics — oral-history interview research target 2,publication_state,"publication_state contains ""research target""",research target; no object claim,oral-history interview
ARED-GH-00193,Greater Accra: Popular and everyday graphics — oral-history interview research target 3,publication_state,"publication_state contains ""research target""",research target; no object claim,oral-history interview
ARED-GH-00194,Greater Accra: Popular and everyday graphics — oral-history interview research target 4,publication_state,"publication_state contains ""research target""",research target; no object claim,oral-history interview
ARED-GH-00195,Greater Accra: Popular and everyday graphics — oral-history interview research target 5,publication_state,"publication_state contains ""research target""",research target; no object claim,oral-history interview
ARED-GH-00196,Greater Accra: Popular and everyday graphics — publication or archival source research target 1,publication_state,"publication_state contains ""research target""",research target; no object claim,publication or archival source
ARED-GH-00197,Greater Accra: Popular and everyday graphics — publication or archival source research target 2,publication_state,"publication_state contains ""research target""",research target; no object claim,publication or archival source
ARED-GH-00198,Greater Accra: Popular and everyday graphics — publication or archival source research target 3,publication_state,"publication_state contains ""research target""",research target; no object claim,publication or archival source
ARED-GH-00199,Greater Accra: Popular and everyday graphics — publication or archival source research target 4,publication_state,"publication_state contains ""research target""",research target; no object claim,publication or archival source
ARED-GH-00200,Greater Accra: Popular and everyday graphics — publication or archival source research target 5,publication_state,"publication_state contains ""research target""",research target; no object claim,publication or archival source
ARED-GH-00201,"Greater Accra: Digital, diasporic and contemporary design — object or artefact record research target 1",publication_state,"publication_state contains ""research target""",research target; no object claim,object or artefact record
ARED-GH-00202,"Greater Accra: Digital, diasporic and contemporary design — object or artefact record research target 2",publication_state,"publication_state contains ""research target""",research target; no object claim,object or artefact record
ARED-GH-00203,"Greater Accra: Digital, diasporic and contemporary design — object or artefact record research target 3",publication_state,"publication_state contains ""research target""",research target; no object claim,object or artefact record
ARED-GH-00204,"Greater Accra: Digital, diasporic and contemporary design — object or artefact record research target 4",publication_state,"publication_state contains ""research target""",research target; no object claim,object or artefact record
ARED-GH-00205,"Greater Accra: Digital, diasporic and contemporary design — object or artefact record research target 5",publication_state,"publication_state contains ""research target""",research target; no object claim,object or artefact record
ARED-GH-00206,"Greater Accra: Digital, diasporic and contemporary design — maker or workshop authority record research target 1",publication_state,"publication_state contains ""research target""",research target; no object claim,maker or workshop authority record
ARED-GH-00207,"Greater Accra: Digital, diasporic and contemporary design — maker or workshop authority record research target 2",publication_state,"publication_state contains ""research target""",research target; no object claim,maker or workshop authority record
ARED-GH-00208,"Greater Accra: Digital, diasporic and contemporary design — maker or workshop authority record research target 3",publication_state,"publication_state contains ""research target""",research target; no object claim,maker or workshop authority record
ARED-GH-00209,"Greater Accra: Digital, diasporic and contemporary design — maker or workshop authority record research target 4",publication_state,"publication_state contains ""research target""",research target; no object claim,maker or workshop authority record
ARED-GH-00210,"Greater Accra: Digital, diasporic and contemporary design — maker or workshop authority record research target 5",publication_state,"publication_state contains ""research target""",research target; no object claim,maker or workshop authority record
ARED-GH-00211,"Greater Accra: Digital, diasporic and contemporary design — institution or collection record research target 1",publication_state,"publication_state contains ""research target""",research target; no object claim,institution or collection record
ARED-GH-00212,"Greater Accra: Digital, diasporic and contemporary design — institution or collection record research target 2",publication_state,"publication_state contains ""research target""",research target; no object claim,institution or collection record
ARED-GH-00213,"Greater Accra: Digital, diasporic and contemporary design — institution or collection record research target 3",publication_state,"publication_state contains ""research target""",research target; no object claim,institution or collection record
ARED-GH-00214,"Greater Accra: Digital, diasporic and contemporary design — institution or collection record research target 4",publication_state,"publication_state contains ""research target""",research target; no object claim,institution or collection record
ARED-GH-00215,"Greater Accra: Digital, diasporic and contemporary design — institution or collection record research target 5",publication_state,"publication_state contains ""research target""",research target; no object claim,institution or collection record
ARED-GH-00216,"Greater Accra: Digital, diasporic and contemporary design — oral-history interview research target 1",publication_state,"publication_state contains ""research target""",research target; no object claim,oral-history interview
ARED-GH-00217,"Greater Accra: Digital, diasporic and contemporary design — oral-history interview research target 2",publication_state,"publication_state contains ""research target""",research target; no object claim,oral-history interview
ARED-GH-00218,"Greater Accra: Digital, diasporic and contemporary design — oral-history interview research target 3",publication_state,"publication_state contains ""research target""",research target; no object claim,oral-history interview
ARED-GH-00219,"Greater Accra: Digital, diasporic and contemporary design — oral-history interview research target 4",publication_state,"publication_state contains ""research target""",research target; no object claim,oral-history interview
ARED-GH-00220,"Greater Accra: Digital, diasporic and contemporary design — oral-history interview research target 5",publication_state,"publication_state contains ""research target""",research target; no object claim,oral-history interview
ARED-GH-00221,"Greater Accra: Digital, diasporic and contemporary design — publication or archival source research target 1",publication_state,"publication_state contains ""research target""",research target; no object claim,publication or archival source
ARED-GH-00222,"Greater Accra: Digital, diasporic and contemporary design — publication or archival source research target 2",publication_state,"publication_state contains ""research target""",research target; no object claim,publication or archival source
ARED-GH-00223,"Greater Accra: Digital, diasporic and contemporary design — publication or archival source research target 3",publication_state,"publication_state contains ""research target""",research target; no object claim,publication or archival source
ARED-GH-00224,"Greater Accra: Digital, diasporic and contemporary design — publication or archival source research target 4",publication_state,"publication_state contains ""research target""",research target; no object claim,publication or archival source
ARED-GH-00225,"Greater Accra: Digital, diasporic and contemporary design — publication or archival source research target 5",publication_state,"publication_state contains ""research target""",research target; no object claim,publication or archival source
ARED-GH-00226,"Central Region: Land, cosmology and authority — object or artefact record research target 1",publication_state,"publication_state contains ""research target""",research target; no object claim,object or artefact record
ARED-GH-00227,"Central Region: Land, cosmology and authority — object or artefact record research target 2",publication_state,"publication_state contains ""research target""",research target; no object claim,object or artefact record
ARED-GH-00228,"Central Region: Land, cosmology and authority — object or artefact record research target 3",publication_state,"publication_state contains ""research target""",research target; no object claim,object or artefact record
ARED-GH-00229,"Central Region: Land, cosmology and authority — object or artefact record research target 4",publication_state,"publication_state contains ""research target""",research target; no object claim,object or artefact record
ARED-GH-00230,"Central Region: Land, cosmology and authority — object or artefact record research target 5",publication_state,"publication_state contains ""research target""",research target; no object claim,object or artefact record
ARED-GH-00231,"Central Region: Land, cosmology and authority — maker or workshop authority record research target 1",publication_state,"publication_state contains ""research target""",research target; no object claim,maker or workshop authority record
ARED-GH-00232,"Central Region: Land, cosmology and authority — maker or workshop authority record research target 2",publication_state,"publication_state contains ""research target""",research target; no object claim,maker or workshop authority record
ARED-GH-00233,"Central Region: Land, cosmology and authority — maker or workshop authority record research target 3",publication_state,"publication_state contains ""research target""",research target; no object claim,maker or workshop authority record
ARED-GH-00234,"Central Region: Land, cosmology and authority — maker or workshop authority record research target 4",publication_state,"publication_state contains ""research target""",research target; no object claim,maker or workshop authority record
ARED-GH-00235,"Central Region: Land, cosmology and authority — maker or workshop authority record research target 5",publication_state,"publication_state contains ""research target""",research target; no object claim,maker or workshop authority record
ARED-GH-00236,"Central Region: Land, cosmology and authority — institution or collection record research target 1",publication_state,"publication_state contains ""research target""",research target; no object claim,institution or collection record
ARED-GH-00237,"Central Region: Land, cosmology and authority — institution or collection record research target 2",publication_state,"publication_state contains ""research target""",research target; no object claim,institution or collection record
ARED-GH-00238,"Central Region: Land, cosmology and authority — institution or collection record research target 3",publication_state,"publication_state contains ""research target""",research target; no object claim,institution or collection record
ARED-GH-00239,"Central Region: Land, cosmology and authority — institution or collection record research target 4",publication_state,"publication_state contains ""research target""",research target; no object claim,institution or collection record
ARED-GH-00240,"Central Region: Land, cosmology and authority — institution or collection record research target 5",publication_state,"publication_state contains ""research target""",research target; no object claim,institution or collection record
ARED-GH-00241,"Central Region: Land, cosmology and authority — oral-history interview research target 1",publication_state,"publication_state contains ""research target""",research target; no object claim,oral-history interview
ARED-GH-00242,"Central Region: Land, cosmology and authority — oral-history interview research target 2",publication_state,"publication_state contains ""research target""",research target; no object claim,oral-history interview
ARED-GH-00243,"Central Region: Land, cosmology and authority — oral-history interview research target 3",publication_state,"publication_state contains ""research target""",research target; no object claim,oral-history interview
ARED-GH-00244,"Central Region: Land, cosmology and authority — oral-history interview research target 4",publication_state,"publication_state contains ""research target""",research target; no object claim,oral-history interview
ARED-GH-00245,"Central Region: Land, cosmology and authority — oral-history interview research target 5",publication_state,"publication_state contains ""research target""",research target; no object claim,oral-history interview
ARED-GH-00246,"Central Region: Land, cosmology and authority — publication or archival source research target 1",publication_state,"publication_state contains ""research target""",research target; no object claim,publication or archival source
ARED-GH-00247,"Central Region: Land, cosmology and authority — publication or archival source research target 2",publication_state,"publication_state contains ""research target""",research target; no object claim,publication or archival source
ARED-GH-00248,"Central Region: Land, cosmology and authority — publication or archival source research target 3",publication_state,"publication_state contains ""research target""",research target; no object claim,publication or archival source
ARED-GH-00249,"Central Region: Land, cosmology and authority — publication or archival source research target 4",publication_state,"publication_state contains ""research target""",research target; no object claim,publication or archival source
ARED-GH-00250,"Central Region: Land, cosmology and authority — publication or archival source research target 5",publication_state,"publication_state contains ""research target""",research target; no object claim,publication or archival source
ARED-GH-00251,"Central Region: Memory, proverb and performance — object or artefact record research target 1",publication_state,"publication_state contains ""research target""",research target; no object claim,object or artefact record
ARED-GH-00252,"Central Region: Memory, proverb and performance — object or artefact record research target 2",publication_state,"publication_state contains ""research target""",research target; no object claim,object or artefact record
ARED-GH-00253,"Central Region: Memory, proverb and performance — object or artefact record research target 3",publication_state,"publication_state contains ""research target""",research target; no object claim,object or artefact record
ARED-GH-00254,"Central Region: Memory, proverb and performance — object or artefact record research target 4",publication_state,"publication_state contains ""research target""",research target; no object claim,object or artefact record
ARED-GH-00255,"Central Region: Memory, proverb and performance — object or artefact record research target 5",publication_state,"publication_state contains ""research target""",research target; no object claim,object or artefact record
ARED-GH-00256,"Central Region: Memory, proverb and performance — maker or workshop authority record research target 1",publication_state,"publication_state contains ""research target""",research target; no object claim,maker or workshop authority record
ARED-GH-00257,"Central Region: Memory, proverb and performance — maker or workshop authority record research target 2",publication_state,"publication_state contains ""research target""",research target; no object claim,maker or workshop authority record
ARED-GH-00258,"Central Region: Memory, proverb and performance — maker or workshop authority record research target 3",publication_state,"publication_state contains ""research target""",research target; no object claim,maker or workshop authority record
ARED-GH-00259,"Central Region: Memory, proverb and performance — maker or workshop authority record research target 4",publication_state,"publication_state contains ""research target""",research target; no object claim,maker or workshop authority record
ARED-GH-00260,"Central Region: Memory, proverb and performance — maker or workshop authority record research target 5",publication_state,"publication_state contains ""research target""",research target; no object claim,maker or workshop authority record
ARED-GH-00261,"Central Region: Memory, proverb and performance — institution or collection record research target 1",publication_state,"publication_state contains ""research target""",research target; no object claim,institution or collection record
ARED-GH-00262,"Central Region: Memory, proverb and performance — institution or collection record research target 2",publication_state,"publication_state contains ""research target""",research target; no object claim,institution or collection record
ARED-GH-00263,"Central Region: Memory, proverb and performance — institution or collection record research target 3",publication_state,"publication_state contains ""research target""",research target; no object claim,institution or collection record
ARED-GH-00264,"Central Region: Memory, proverb and performance — institution or collection record research target 4",publication_state,"publication_state contains ""research target""",research target; no object claim,institution or collection record
ARED-GH-00265,"Central Region: Memory, proverb and performance — institution or collection record research target 5",publication_state,"publication_state contains ""research target""",research target; no object claim,institution or collection record
ARED-GH-00266,"Central Region: Memory, proverb and performance — oral-history interview research target 1",publication_state,"publication_state contains ""research target""",research target; no object claim,oral-history interview
ARED-GH-00267,"Central Region: Memory, proverb and performance — oral-history interview research target 2",publication_state,"publication_state contains ""research target""",research target; no object claim,oral-history interview
ARED-GH-00268,"Central Region: Memory, proverb and performance — oral-history interview research target 3",publication_state,"publication_state contains ""research target""",research target; no object claim,oral-history interview
ARED-GH-00269,"Central Region: Memory, proverb and performance — oral-history interview research target 4",publication_state,"publication_state contains ""research target""",research target; no object claim,oral-history interview
ARED-GH-00270,"Central Region: Memory, proverb and performance — oral-history interview research target 5",publication_state,"publication_state contains ""research target""",research target; no object claim,oral-history interview
ARED-GH-00271,"Central Region: Memory, proverb and performance — publication or archival source research target 1",publication_state,"publication_state contains ""research target""",research target; no object claim,publication or archival source
ARED-GH-00272,"Central Region: Memory, proverb and performance — publication or archival source research target 2",publication_state,"publication_state contains ""research target""",research target; no object claim,publication or archival source
ARED-GH-00273,"Central Region: Memory, proverb and performance — publication or archival source research target 3",publication_state,"publication_state contains ""research target""",research target; no object claim,publication or archival source
ARED-GH-00274,"Central Region: Memory, proverb and performance — publication or archival source research target 4",publication_state,"publication_state contains ""research target""",research target; no object claim,publication or archival source
ARED-GH-00275,"Central Region: Memory, proverb and performance — publication or archival source research target 5",publication_state,"publication_state contains ""research target""",research target; no object claim,publication or archival source
ARED-GH-00276,"Central Region: Cloth, pattern and social identity — object or artefact record research target 1",publication_state,"publication_state contains ""research target""",research target; no object claim,object or artefact record
ARED-GH-00277,"Central Region: Cloth, pattern and social identity — object or artefact record research target 2",publication_state,"publication_state contains ""research target""",research target; no object claim,object or artefact record
ARED-GH-00278,"Central Region: Cloth, pattern and social identity — object or artefact record research target 3",publication_state,"publication_state contains ""research target""",research target; no object claim,object or artefact record
ARED-GH-00279,"Central Region: Cloth, pattern and social identity — object or artefact record research target 4",publication_state,"publication_state contains ""research target""",research target; no object claim,object or artefact record
ARED-GH-00280,"Central Region: Cloth, pattern and social identity — object or artefact record research target 5",publication_state,"publication_state contains ""research target""",research target; no object claim,object or artefact record
ARED-GH-00281,"Central Region: Cloth, pattern and social identity — maker or workshop authority record research target 1",publication_state,"publication_state contains ""research target""",research target; no object claim,maker or workshop authority record
ARED-GH-00282,"Central Region: Cloth, pattern and social identity — maker or workshop authority record research target 2",publication_state,"publication_state contains ""research target""",research target; no object claim,maker or workshop authority record
ARED-GH-00283,"Central Region: Cloth, pattern and social identity — maker or workshop authority record research target 3",publication_state,"publication_state contains ""research target""",research target; no object claim,maker or workshop authority record
ARED-GH-00284,"Central Region: Cloth, pattern and social identity — maker or workshop authority record research target 4",publication_state,"publication_state contains ""research target""",research target; no object claim,maker or workshop authority record
ARED-GH-00285,"Central Region: Cloth, pattern and social identity — maker or workshop authority record research target 5",publication_state,"publication_state contains ""research target""",research target; no object claim,maker or workshop authority record
ARED-GH-00286,"Central Region: Cloth, pattern and social identity — institution or collection record research target 1",publication_state,"publication_state contains ""research target""",research target; no object claim,institution or collection record
ARED-GH-00287,"Central Region: Cloth, pattern and social identity — institution or collection record research target 2",publication_state,"publication_state contains ""research target""",research target; no object claim,institution or collection record
ARED-GH-00288,"Central Region: Cloth, pattern and social identity — institution or collection record research target 3",publication_state,"publication_state contains ""research target""",research target; no object claim,institution or collection record
ARED-GH-00289,"Central Region: Cloth, pattern and social identity — institution or collection record research target 4",publication_state,"publication_state contains ""research target""",research target; no object claim,institution or collection record
ARED-GH-00290,"Central Region: Cloth, pattern and social identity — institution or collection record research target 5",publication_state,"publication_state contains ""research target""",research target; no object claim,institution or collection record
ARED-GH-00291,"Central Region: Cloth, pattern and social identity — oral-history interview research target 1",publication_state,"publication_state contains ""research target""",research target; no object claim,oral-history interview
ARED-GH-00292,"Central Region: Cloth, pattern and social identity — oral-history interview research target 2",publication_state,"publication_state contains ""research target""",research target; no object claim,oral-history interview
ARED-GH-00293,"Central Region: Cloth, pattern and social identity — oral-history interview research target 3",publication_state,"publication_state contains ""research target""",research target; no object claim,oral-history interview
ARED-GH-00294,"Central Region: Cloth, pattern and social identity — oral-history interview research target 4",publication_state,"publication_state contains ""research target""",research target; no object claim,oral-history interview
ARED-GH-00295,"Central Region: Cloth, pattern and social identity — oral-history interview research target 5",publication_state,"publication_state contains ""research target""",research target; no object claim,oral-history interview
ARED-GH-00296,"Central Region: Cloth, pattern and social identity — publication or archival source research target 1",publication_state,"publication_state contains ""research target""",research target; no object claim,publication or archival source
ARED-GH-00297,"Central Region: Cloth, pattern and social identity — publication or archival source research target 2",publication_state,"publication_state contains ""research target""",research target; no object claim,publication or archival source
ARED-GH-00298,"Central Region: Cloth, pattern and social identity — publication or archival source research target 3",publication_state,"publication_state contains ""research target""",research target; no object claim,publication or archival source
ARED-GH-00299,"Central Region: Cloth, pattern and social identity — publication or archival source research target 4",publication_state,"publication_state contains ""research target""",research target; no object claim,publication or archival source
ARED-GH-00300,"Central Region: Cloth, pattern and social identity — publication or archival source research target 5",publication_state,"publication_state contains ""research target""",research target; no object claim,publication or archival source
ARED-GH-00301,"Central Region: Print, colonial rule and public culture — object or artefact record research target 1",publication_state,"publication_state contains ""research target""",research target; no object claim,object or artefact record
ARED-GH-00302,"Central Region: Print, colonial rule and public culture — object or artefact record research target 2",publication_state,"publication_state contains ""research target""",research target; no object claim,object or artefact record
ARED-GH-00303,"Central Region: Print, colonial rule and public culture — object or artefact record research target 3",publication_state,"publication_state contains ""research target""",research target; no object claim,object or artefact record
ARED-GH-00304,"Central Region: Print, colonial rule and public culture — object or artefact record research target 4",publication_state,"publication_state contains ""research target""",research target; no object claim,object or artefact record
ARED-GH-00305,"Central Region: Print, colonial rule and public culture — object or artefact record research target 5",publication_state,"publication_state contains ""research target""",research target; no object claim,object or artefact record
ARED-GH-00306,"Central Region: Print, colonial rule and public culture — maker or workshop authority record research target 1",publication_state,"publication_state contains ""research target""",research target; no object claim,maker or workshop authority record
ARED-GH-00307,"Central Region: Print, colonial rule and public culture — maker or workshop authority record research target 2",publication_state,"publication_state contains ""research target""",research target; no object claim,maker or workshop authority record
ARED-GH-00308,"Central Region: Print, colonial rule and public culture — maker or workshop authority record research target 3",publication_state,"publication_state contains ""research target""",research target; no object claim,maker or workshop authority record
ARED-GH-00309,"Central Region: Print, colonial rule and public culture — maker or workshop authority record research target 4",publication_state,"publication_state contains ""research target""",research target; no object claim,maker or workshop authority record
ARED-GH-00310,"Central Region: Print, colonial rule and public culture — maker or workshop authority record research target 5",publication_state,"publication_state contains ""research target""",research target; no object claim,maker or workshop authority record
ARED-GH-00311,"Central Region: Print, colonial rule and public culture — institution or collection record research target 1",publication_state,"publication_state contains ""research target""",research target; no object claim,institution or collection record
ARED-GH-00312,"Central Region: Print, colonial rule and public culture — institution or collection record research target 2",publication_state,"publication_state contains ""research target""",research target; no object claim,institution or collection record
ARED-GH-00313,"Central Region: Print, colonial rule and public culture — institution or collection record research target 3",publication_state,"publication_state contains ""research target""",research target; no object claim,institution or collection record
ARED-GH-00314,"Central Region: Print, colonial rule and public culture — institution or collection record research target 4",publication_state,"publication_state contains ""research target""",research target; no object claim,institution or collection record
ARED-GH-00315,"Central Region: Print, colonial rule and public culture — institution or collection record research target 5",publication_state,"publication_state contains ""research target""",research target; no object claim,institution or collection record
ARED-GH-00316,"Central Region: Print, colonial rule and public culture — oral-history interview research target 1",publication_state,"publication_state contains ""research target""",research target; no object claim,oral-history interview
ARED-GH-00317,"Central Region: Print, colonial rule and public culture — oral-history interview research target 2",publication_state,"publication_state contains ""research target""",research target; no object claim,oral-history interview
ARED-GH-00318,"Central Region: Print, colonial rule and public culture — oral-history interview research target 3",publication_state,"publication_state contains ""research target""",research target; no object claim,oral-history interview
ARED-GH-00319,"Central Region: Print, colonial rule and public culture — oral-history interview research target 4",publication_state,"publication_state contains ""research target""",research target; no object claim,oral-history interview
ARED-GH-00320,"Central Region: Print, colonial rule and public culture — oral-history interview research target 5",publication_state,"publication_state contains ""research target""",research target; no object claim,oral-history interview
ARED-GH-00321,"Central Region: Print, colonial rule and public culture — publication or archival source research target 1",publication_state,"publication_state contains ""research target""",research target; no object claim,publication or archival source
ARED-GH-00322,"Central Region: Print, colonial rule and public culture — publication or archival source research target 2",publication_state,"publication_state contains ""research target""",research target; no object claim,publication or archival source
ARED-GH-00323,"Central Region: Print, colonial rule and public culture — publication or archival source research target 3",publication_state,"publication_state contains ""research target""",research target; no object claim,publication or archival source
ARED-GH-00324,"Central Region: Print, colonial rule and public culture — publication or archival source research target 4",publication_state,"publication_state contains ""research target""",research target; no object claim,publication or archival source
ARED-GH-00325,"Central Region: Print, colonial rule and public culture — publication or archival source research target 5",publication_state,"publication_state contains ""research target""",research target; no object claim,publication or archival source
ARED-GH-00326,Central Region: Independence and state visual identity — object or artefact record research target 1,publication_state,"publication_state contains ""research target""",research target; no object claim,object or artefact record
ARED-GH-00327,Central Region: Independence and state visual identity — object or artefact record research target 2,publication_state,"publication_state contains ""research target""",research target; no object claim,object or artefact record
ARED-GH-00328,Central Region: Independence and state visual identity — object or artefact record research target 3,publication_state,"publication_state contains ""research target""",research target; no object claim,object or artefact record
ARED-GH-00329,Central Region: Independence and state visual identity — object or artefact record research target 4,publication_state,"publication_state contains ""research target""",research target; no object claim,object or artefact record
ARED-GH-00330,Central Region: Independence and state visual identity — object or artefact record research target 5,publication_state,"publication_state contains ""research target""",research target; no object claim,object or artefact record
ARED-GH-00331,Central Region: Independence and state visual identity — maker or workshop authority record research target 1,publication_state,"publication_state contains ""research target""",research target; no object claim,maker or workshop authority record
ARED-GH-00332,Central Region: Independence and state visual identity — maker or workshop authority record research target 2,publication_state,"publication_state contains ""research target""",research target; no object claim,maker or workshop authority record
ARED-GH-00333,Central Region: Independence and state visual identity — maker or workshop authority record research target 3,publication_state,"publication_state contains ""research target""",research target; no object claim,maker or workshop authority record
ARED-GH-00334,Central Region: Independence and state visual identity — maker or workshop authority record research target 4,publication_state,"publication_state contains ""research target""",research target; no object claim,maker or workshop authority record
ARED-GH-00335,Central Region: Independence and state visual identity — maker or workshop authority record research target 5,publication_state,"publication_state contains ""research target""",research target; no object claim,maker or workshop authority record
ARED-GH-00336,Central Region: Independence and state visual identity — institution or collection record research target 1,publication_state,"publication_state contains ""research target""",research target; no object claim,institution or collection record
ARED-GH-00337,Central Region: Independence and state visual identity — institution or collection record research target 2,publication_state,"publication_state contains ""research target""",research target; no object claim,institution or collection record
ARED-GH-00338,Central Region: Independence and state visual identity — institution or collection record research target 3,publication_state,"publication_state contains ""research target""",research target; no object claim,institution or collection record
ARED-GH-00339,Central Region: Independence and state visual identity — institution or collection record research target 4,publication_state,"publication_state contains ""research target""",research target; no object claim,institution or collection record
ARED-GH-00340,Central Region: Independence and state visual identity — institution or collection record research target 5,publication_state,"publication_state contains ""research target""",research target; no object claim,institution or collection record
ARED-GH-00341,Central Region: Independence and state visual identity — oral-history interview research target 1,publication_state,"publication_state contains ""research target""",research target; no object claim,oral-history interview
ARED-GH-00342,Central Region: Independence and state visual identity — oral-history interview research target 2,publication_state,"publication_state contains ""research target""",research target; no object claim,oral-history interview
ARED-GH-00343,Central Region: Independence and state visual identity — oral-history interview research target 3,publication_state,"publication_state contains ""research target""",research target; no object claim,oral-history interview
ARED-GH-00344,Central Region: Independence and state visual identity — oral-history interview research target 4,publication_state,"publication_state contains ""research target""",research target; no object claim,oral-history interview
ARED-GH-00345,Central Region: Independence and state visual identity — oral-history interview research target 5,publication_state,"publication_state contains ""research target""",research target; no object claim,oral-history interview
ARED-GH-00346,Central Region: Independence and state visual identity — publication or archival source research target 1,publication_state,"publication_state contains ""research target""",research target; no object claim,publication or archival source
ARED-GH-00347,Central Region: Independence and state visual identity — publication or archival source research target 2,publication_state,"publication_state contains ""research target""",research target; no object claim,publication or archival source
ARED-GH-00348,Central Region: Independence and state visual identity — publication or archival source research target 3,publication_state,"publication_state contains ""research target""",research target; no object claim,publication or archival source
ARED-GH-00349,Central Region: Independence and state visual identity — publication or archival source research target 4,publication_state,"publication_state contains ""research target""",research target; no object claim,publication or archival source
ARED-GH-00350,Central Region: Independence and state visual identity — publication or archival source research target 5,publication_state,"publication_state contains ""research target""",research target; no object claim,publication or archival source
ARED-GH-00351,Central Region: Popular and everyday graphics — object or artefact record research target 1,publication_state,"publication_state contains ""research target""",research target; no object claim,object or artefact record
ARED-GH-00352,Central Region: Popular and everyday graphics — object or artefact record research target 2,publication_state,"publication_state contains ""research target""",research target; no object claim,object or artefact record
ARED-GH-00353,Central Region: Popular and everyday graphics — object or artefact record research target 3,publication_state,"publication_state contains ""research target""",research target; no object claim,object or artefact record
ARED-GH-00354,Central Region: Popular and everyday graphics — object or artefact record research target 4,publication_state,"publication_state contains ""research target""",research target; no object claim,object or artefact record
ARED-GH-00355,Central Region: Popular and everyday graphics — object or artefact record research target 5,publication_state,"publication_state contains ""research target""",research target; no object claim,object or artefact record
ARED-GH-00356,Central Region: Popular and everyday graphics — maker or workshop authority record research target 1,publication_state,"publication_state contains ""research target""",research target; no object claim,maker or workshop authority record
ARED-GH-00357,Central Region: Popular and everyday graphics — maker or workshop authority record research target 2,publication_state,"publication_state contains ""research target""",research target; no object claim,maker or workshop authority record
ARED-GH-00358,Central Region: Popular and everyday graphics — maker or workshop authority record research target 3,publication_state,"publication_state contains ""research target""",research target; no object claim,maker or workshop authority record
ARED-GH-00359,Central Region: Popular and everyday graphics — maker or workshop authority record research target 4,publication_state,"publication_state contains ""research target""",research target; no object claim,maker or workshop authority record
ARED-GH-00360,Central Region: Popular and everyday graphics — maker or workshop authority record research target 5,publication_state,"publication_state contains ""research target""",research target; no object claim,maker or workshop authority record
ARED-GH-00361,Central Region: Popular and everyday graphics — institution or collection record research target 1,publication_state,"publication_state contains ""research target""",research target; no object claim,institution or collection record
ARED-GH-00362,Central Region: Popular and everyday graphics — institution or collection record research target 2,publication_state,"publication_state contains ""research target""",research target; no object claim,institution or collection record
ARED-GH-00363,Central Region: Popular and everyday graphics — institution or collection record research target 3,publication_state,"publication_state contains ""research target""",research target; no object claim,institution or collection record
ARED-GH-00364,Central Region: Popular and everyday graphics — institution or collection record research target 4,publication_state,"publication_state contains ""research target""",research target; no object claim,institution or collection record
ARED-GH-00365,Central Region: Popular and everyday graphics — institution or collection record research target 5,publication_state,"publication_state contains ""research target""",research target; no object claim,institution or collection record
ARED-GH-00366,Central Region: Popular and everyday graphics — oral-history interview research target 1,publication_state,"publication_state contains ""research target""",research target; no object claim,oral-history interview
ARED-GH-00367,Central Region: Popular and everyday graphics — oral-history interview research target 2,publication_state,"publication_state contains ""research target""",research target; no object claim,oral-history interview
ARED-GH-00368,Central Region: Popular and everyday graphics — oral-history interview research target 3,publication_state,"publication_state contains ""research target""",research target; no object claim,oral-history interview
ARED-GH-00369,Central Region: Popular and everyday graphics — oral-history interview research target 4,publication_state,"publication_state contains ""research target""",research target; no object claim,oral-history interview
ARED-GH-00370,Central Region: Popular and everyday graphics — oral-history interview research target 5,publication_state,"publication_state contains ""research target""",research target; no object claim,oral-history interview
ARED-GH-00371,Central Region: Popular and everyday graphics — publication or archival source research target 1,publication_state,"publication_state contains ""research target""",research target; no object claim,publication or archival source
ARED-GH-00372,Central Region: Popular and everyday graphics — publication or archival source research target 2,publication_state,"publication_state contains ""research target""",research target; no object claim,publication or archival source
ARED-GH-00373,Central Region: Popular and everyday graphics — publication or archival source research target 3,publication_state,"publication_state contains ""research target""",research target; no object claim,publication or archival source
ARED-GH-00374,Central Region: Popular and everyday graphics — publication or archival source research target 4,publication_state,"publication_state contains ""research target""",research target; no object claim,publication or archival source
ARED-GH-00375,Central Region: Popular and everyday graphics — publication or archival source research target 5,publication_state,"publication_state contains ""research target""",research target; no object claim,publication or archival source
ARED-GH-00376,"Central Region: Digital, diasporic and contemporary design — object or artefact record research target 1",publication_state,"publication_state contains ""research target""",research target; no object claim,object or artefact record
ARED-GH-00377,"Central Region: Digital, diasporic and contemporary design — object or artefact record research target 2",publication_state,"publication_state contains ""research target""",research target; no object claim,object or artefact record
ARED-GH-00378,"Central Region: Digital, diasporic and contemporary design — object or artefact record research target 3",publication_state,"publication_state contains ""research target""",research target; no object claim,object or artefact record
ARED-GH-00379,"Central Region: Digital, diasporic and contemporary design — object or artefact record research target 4",publication_state,"publication_state contains ""research target""",research target; no object claim,object or artefact record
ARED-GH-00380,"Central Region: Digital, diasporic and contemporary design — object or artefact record research target 5",publication_state,"publication_state contains ""research target""",research target; no object claim,object or artefact record
ARED-GH-00381,"Central Region: Digital, diasporic and contemporary design — maker or workshop authority record research target 1",publication_state,"publication_state contains ""research target""",research target; no object claim,maker or workshop authority record
ARED-GH-00382,"Central Region: Digital, diasporic and contemporary design — maker or workshop authority record research target 2",publication_state,"publication_state contains ""research target""",research target; no object claim,maker or workshop authority record
ARED-GH-00383,"Central Region: Digital, diasporic and contemporary design — maker or workshop authority record research target 3",publication_state,"publication_state contains ""research target""",research target; no object claim,maker or workshop authority record
ARED-GH-00384,"Central Region: Digital, diasporic and contemporary design — maker or workshop authority record research target 4",publication_state,"publication_state contains ""research target""",research target; no object claim,maker or workshop authority record
ARED-GH-00385,"Central Region: Digital, diasporic and contemporary design — maker or workshop authority record research target 5",publication_state,"publication_state contains ""research target""",research target; no object claim,maker or workshop authority record
ARED-GH-00386,"Central Region: Digital, diasporic and contemporary design — institution or collection record research target 1",publication_state,"publication_state contains ""research target""",research target; no object claim,institution or collection record
ARED-GH-00387,"Central Region: Digital, diasporic and contemporary design — institution or collection record research target 2",publication_state,"publication_state contains ""research target""",research target; no object claim,institution or collection record
ARED-GH-00388,"Central Region: Digital, diasporic and contemporary design — institution or collection record research target 3",publication_state,"publication_state contains ""research target""",research target; no object claim,institution or collection record
ARED-GH-00389,"Central Region: Digital, diasporic and contemporary design — institution or collection record research target 4",publication_state,"publication_state contains ""research target""",research target; no object claim,institution or collection record
ARED-GH-00390,"Central Region: Digital, diasporic and contemporary design — institution or collection record research target 5",publication_state,"publication_state contains ""research target""",research target; no object claim,institution or collection record
ARED-GH-00391,"Central Region: Digital, diasporic and contemporary design — oral-history interview research target 1",publication_state,"publication_state contains ""research target""",research target; no object claim,oral-history interview
ARED-GH-00392,"Central Region: Digital, diasporic and contemporary design — oral-history interview research target 2",publication_state,"publication_state contains ""research target""",research target; no object claim,oral-history interview
ARED-GH-00393,"Central Region: Digital, diasporic and contemporary design — oral-history interview research target 3",publication_state,"publication_state contains ""research target""",research target; no object claim,oral-history interview
ARED-GH-00394,"Central Region: Digital, diasporic and contemporary design — oral-history interview research target 4",publication_state,"publication_state contains ""research target""",research target; no object claim,oral-history interview
ARED-GH-00395,"Central Region: Digital, diasporic and contemporary design — oral-history interview research target 5",publication_state,"publication_state contains ""research target""",research target; no object claim,oral-history interview
ARED-GH-00396,"Central Region: Digital, diasporic and contemporary design — publication or archival source research target 1",publication_state,"publication_state contains ""research target""",research target; no object claim,publication or archival source
ARED-GH-00397,"Central Region: Digital, diasporic and contemporary design — publication or archival source research target 2",publication_state,"publication_state contains ""research target""",research target; no object claim,publication or archival source
ARED-GH-00398,"Central Region: Digital, diasporic and contemporary design — publication or archival source research target 3",publication_state,"publication_state contains ""research target""",research target; no object claim,publication or archival source
ARED-GH-00399,"Central Region: Digital, diasporic and contemporary design — publication or archival source research target 4",publication_state,"publication_state contains ""research target""",research target; no object claim,publication or archival source
ARED-GH-00400,"Central Region: Digital, diasporic and contemporary design — publication or archival source research target 5",publication_state,"publication_state contains ""research target""",research target; no object claim,publication or archival source
ARED-GH-00401,"Western Region: Land, cosmology and authority — object or artefact record research target 1",publication_state,"publication_state contains ""research target""",research target; no object claim,object or artefact record
ARED-GH-00402,"Western Region: Land, cosmology and authority — object or artefact record research target 2",publication_state,"publication_state contains ""research target""",research target; no object claim,object or artefact record
ARED-GH-00403,"Western Region: Land, cosmology and authority — object or artefact record research target 3",publication_state,"publication_state contains ""research target""",research target; no object claim,object or artefact record
ARED-GH-00404,"Western Region: Land, cosmology and authority — object or artefact record research target 4",publication_state,"publication_state contains ""research target""",research target; no object claim,object or artefact record
ARED-GH-00405,"Western Region: Land, cosmology and authority — object or artefact record research target 5",publication_state,"publication_state contains ""research target""",research target; no object claim,object or artefact record
ARED-GH-00406,"Western Region: Land, cosmology and authority — maker or workshop authority record research target 1",publication_state,"publication_state contains ""research target""",research target; no object claim,maker or workshop authority record
ARED-GH-00407,"Western Region: Land, cosmology and authority — maker or workshop authority record research target 2",publication_state,"publication_state contains ""research target""",research target; no object claim,maker or workshop authority record
ARED-GH-00408,"Western Region: Land, cosmology and authority — maker or workshop authority record research target 3",publication_state,"publication_state contains ""research target""",research target; no object claim,maker or workshop authority record
ARED-GH-00409,"Western Region: Land, cosmology and authority — maker or workshop authority record research target 4",publication_state,"publication_state contains ""research target""",research target; no object claim,maker or workshop authority record
ARED-GH-00410,"Western Region: Land, cosmology and authority — maker or workshop authority record research target 5",publication_state,"publication_state contains ""research target""",research target; no object claim,maker or workshop authority record
ARED-GH-00411,"Western Region: Land, cosmology and authority — institution or collection record research target 1",publication_state,"publication_state contains ""research target""",research target; no object claim,institution or collection record
ARED-GH-00412,"Western Region: Land, cosmology and authority — institution or collection record research target 2",publication_state,"publication_state contains ""research target""",research target; no object claim,institution or collection record
ARED-GH-00413,"Western Region: Land, cosmology and authority — institution or collection record research target 3",publication_state,"publication_state contains ""research target""",research target; no object claim,institution or collection record
ARED-GH-00414,"Western Region: Land, cosmology and authority — institution or collection record research target 4",publication_state,"publication_state contains ""research target""",research target; no object claim,institution or collection record
ARED-GH-00415,"Western Region: Land, cosmology and authority — institution or collection record research target 5",publication_state,"publication_state contains ""research target""",research target; no object claim,institution or collection record
ARED-GH-00416,"Western Region: Land, cosmology and authority — oral-history interview research target 1",publication_state,"publication_state contains ""research target""",research target; no object claim,oral-history interview
ARED-GH-00417,"Western Region: Land, cosmology and authority — oral-history interview research target 2",publication_state,"publication_state contains ""research target""",research target; no object claim,oral-history interview
ARED-GH-00418,"Western Region: Land, cosmology and authority — oral-history interview research target 3",publication_state,"publication_state contains ""research target""",research target; no object claim,oral-history interview
ARED-GH-00419,"Western Region: Land, cosmology and authority — oral-history interview research target 4",publication_state,"publication_state contains ""research target""",research target; no object claim,oral-history interview
ARED-GH-00420,"Western Region: Land, cosmology and authority — oral-history interview research target 5",publication_state,"publication_state contains ""research target""",research target; no object claim,oral-history interview
ARED-GH-00421,"Western Region: Land, cosmology and authority — publication or archival source research target 1",publication_state,"publication_state contains ""research target""",research target; no object claim,publication or archival source
ARED-GH-00422,"Western Region: Land, cosmology and authority — publication or archival source research target 2",publication_state,"publication_state contains ""research target""",research target; no object claim,publication or archival source
ARED-GH-00423,"Western Region: Land, cosmology and authority — publication or archival source research target 3",publication_state,"publication_state contains ""research target""",research target; no object claim,publication or archival source
ARED-GH-00424,"Western Region: Land, cosmology and authority — publication or archival source research target 4",publication_state,"publication_state contains ""research target""",research target; no object claim,publication or archival source
ARED-GH-00425,"Western Region: Land, cosmology and authority — publication or archival source research target 5",publication_state,"publication_state contains ""research target""",research target; no object claim,publication or archival source
ARED-GH-00426,"Western Region: Memory, proverb and performance — object or artefact record research target 1",publication_state,"publication_state contains ""research target""",research target; no object claim,object or artefact record
ARED-GH-00427,"Western Region: Memory, proverb and performance — object or artefact record research target 2",publication_state,"publication_state contains ""research target""",research target; no object claim,object or artefact record
ARED-GH-00428,"Western Region: Memory, proverb and performance — object or artefact record research target 3",publication_state,"publication_state contains ""research target""",research target; no object claim,object or artefact record
ARED-GH-00429,"Western Region: Memory, proverb and performance — object or artefact record research target 4",publication_state,"publication_state contains ""research target""",research target; no object claim,object or artefact record
ARED-GH-00430,"Western Region: Memory, proverb and performance — object or artefact record research target 5",publication_state,"publication_state contains ""research target""",research target; no object claim,object or artefact record
ARED-GH-00431,"Western Region: Memory, proverb and performance — maker or workshop authority record research target 1",publication_state,"publication_state contains ""research target""",research target; no object claim,maker or workshop authority record
ARED-GH-00432,"Western Region: Memory, proverb and performance — maker or workshop authority record research target 2",publication_state,"publication_state contains ""research target""",research target; no object claim,maker or workshop authority record
ARED-GH-00433,"Western Region: Memory, proverb and performance — maker or workshop authority record research target 3",publication_state,"publication_state contains ""research target""",research target; no object claim,maker or workshop authority record
ARED-GH-00434,"Western Region: Memory, proverb and performance — maker or workshop authority record research target 4",publication_state,"publication_state contains ""research target""",research target; no object claim,maker or workshop authority record
ARED-GH-00435,"Western Region: Memory, proverb and performance — maker or workshop authority record research target 5",publication_state,"publication_state contains ""research target""",research target; no object claim,maker or workshop authority record
ARED-GH-00436,"Western Region: Memory, proverb and performance — institution or collection record research target 1",publication_state,"publication_state contains ""research target""",research target; no object claim,institution or collection record
ARED-GH-00437,"Western Region: Memory, proverb and performance — institution or collection record research target 2",publication_state,"publication_state contains ""research target""",research target; no object claim,institution or collection record
ARED-GH-00438,"Western Region: Memory, proverb and performance — institution or collection record research target 3",publication_state,"publication_state contains ""research target""",research target; no object claim,institution or collection record
ARED-GH-00439,"Western Region: Memory, proverb and performance — institution or collection record research target 4",publication_state,"publication_state contains ""research target""",research target; no object claim,institution or collection record
ARED-GH-00440,"Western Region: Memory, proverb and performance — institution or collection record research target 5",publication_state,"publication_state contains ""research target""",research target; no object claim,institution or collection record
ARED-GH-00441,"Western Region: Memory, proverb and performance — oral-history interview research target 1",publication_state,"publication_state contains ""research target""",research target; no object claim,oral-history interview
ARED-GH-00442,"Western Region: Memory, proverb and performance — oral-history interview research target 2",publication_state,"publication_state contains ""research target""",research target; no object claim,oral-history interview
ARED-GH-00443,"Western Region: Memory, proverb and performance — oral-history interview research target 3",publication_state,"publication_state contains ""research target""",research target; no object claim,oral-history interview
ARED-GH-00444,"Western Region: Memory, proverb and performance — oral-history interview research target 4",publication_state,"publication_state contains ""research target""",research target; no object claim,oral-history interview
ARED-GH-00445,"Western Region: Memory, proverb and performance — oral-history interview research target 5",publication_state,"publication_state contains ""research target""",research target; no object claim,oral-history interview
ARED-GH-00446,"Western Region: Memory, proverb and performance — publication or archival source research target 1",publication_state,"publication_state contains ""research target""",research target; no object claim,publication or archival source
ARED-GH-00447,"Western Region: Memory, proverb and performance — publication or archival source research target 2",publication_state,"publication_state contains ""research target""",research target; no object claim,publication or archival source
ARED-GH-00448,"Western Region: Memory, proverb and performance — publication or archival source research target 3",publication_state,"publication_state contains ""research target""",research target; no object claim,publication or archival source
ARED-GH-00449,"Western Region: Memory, proverb and performance — publication or archival source research target 4",publication_state,"publication_state contains ""research target""",research target; no object claim,publication or archival source
ARED-GH-00450,"Western Region: Memory, proverb and performance — publication or archival source research target 5",publication_state,"publication_state contains ""research target""",research target; no object claim,publication or archival source
ARED-GH-00451,"Western Region: Cloth, pattern and social identity — object or artefact record research target 1",publication_state,"publication_state contains ""research target""",research target; no object claim,object or artefact record
ARED-GH-00452,"Western Region: Cloth, pattern and social identity — object or artefact record research target 2",publication_state,"publication_state contains ""research target""",research target; no object claim,object or artefact record
ARED-GH-00453,"Western Region: Cloth, pattern and social identity — object or artefact record research target 3",publication_state,"publication_state contains ""research target""",research target; no object claim,object or artefact record
ARED-GH-00454,"Western Region: Cloth, pattern and social identity — object or artefact record research target 4",publication_state,"publication_state contains ""research target""",research target; no object claim,object or artefact record
ARED-GH-00455,"Western Region: Cloth, pattern and social identity — object or artefact record research target 5",publication_state,"publication_state contains ""research target""",research target; no object claim,object or artefact record
ARED-GH-00456,"Western Region: Cloth, pattern and social identity — maker or workshop authority record research target 1",publication_state,"publication_state contains ""research target""",research target; no object claim,maker or workshop authority record
ARED-GH-00457,"Western Region: Cloth, pattern and social identity — maker or workshop authority record research target 2",publication_state,"publication_state contains ""research target""",research target; no object claim,maker or workshop authority record
ARED-GH-00458,"Western Region: Cloth, pattern and social identity — maker or workshop authority record research target 3",publication_state,"publication_state contains ""research target""",research target; no object claim,maker or workshop authority record
ARED-GH-00459,"Western Region: Cloth, pattern and social identity — maker or workshop authority record research target 4",publication_state,"publication_state contains ""research target""",research target; no object claim,maker or workshop authority record
ARED-GH-00460,"Western Region: Cloth, pattern and social identity — maker or workshop authority record research target 5",publication_state,"publication_state contains ""research target""",research target; no object claim,maker or workshop authority record
ARED-GH-00461,"Western Region: Cloth, pattern and social identity — institution or collection record research target 1",publication_state,"publication_state contains ""research target""",research target; no object claim,institution or collection record
ARED-GH-00462,"Western Region: Cloth, pattern and social identity — institution or collection record research target 2",publication_state,"publication_state contains ""research target""",research target; no object claim,institution or collection record
ARED-GH-00463,"Western Region: Cloth, pattern and social identity — institution or collection record research target 3",publication_state,"publication_state contains ""research target""",research target; no object claim,institution or collection record
ARED-GH-00464,"Western Region: Cloth, pattern and social identity — institution or collection record research target 4",publication_state,"publication_state contains ""research target""",research target; no object claim,institution or collection record
ARED-GH-00465,"Western Region: Cloth, pattern and social identity — institution or collection record research target 5",publication_state,"publication_state contains ""research target""",research target; no object claim,institution or collection record
ARED-GH-00466,"Western Region: Cloth, pattern and social identity — oral-history interview research target 1",publication_state,"publication_state contains ""research target""",research target; no object claim,oral-history interview
ARED-GH-00467,"Western Region: Cloth, pattern and social identity — oral-history interview research target 2",publication_state,"publication_state contains ""research target""",research target; no object claim,oral-history interview
ARED-GH-00468,"Western Region: Cloth, pattern and social identity — oral-history interview research target 3",publication_state,"publication_state contains ""research target""",research target; no object claim,oral-history interview
ARED-GH-00469,"Western Region: Cloth, pattern and social identity — oral-history interview research target 4",publication_state,"publication_state contains ""research target""",research target; no object claim,oral-history interview
ARED-GH-00470,"Western Region: Cloth, pattern and social identity — oral-history interview research target 5",publication_state,"publication_state contains ""research target""",research target; no object claim,oral-history interview
ARED-GH-00471,"Western Region: Cloth, pattern and social identity — publication or archival source research target 1",publication_state,"publication_state contains ""research target""",research target; no object claim,publication or archival source
ARED-GH-00472,"Western Region: Cloth, pattern and social identity — publication or archival source research target 2",publication_state,"publication_state contains ""research target""",research target; no object claim,publication or archival source
ARED-GH-00473,"Western Region: Cloth, pattern and social identity — publication or archival source research target 3",publication_state,"publication_state contains ""research target""",research target; no object claim,publication or archival source
ARED-GH-00474,"Western Region: Cloth, pattern and social identity — publication or archival source research target 4",publication_state,"publication_state contains ""research target""",research target; no object claim,publication or archival source
ARED-GH-00475,"Western Region: Cloth, pattern and social identity — publication or archival source research target 5",publication_state,"publication_state contains ""research target""",research target; no object claim,publication or archival source
ARED-GH-00476,"Western Region: Print, colonial rule and public culture — object or artefact record research target 1",publication_state,"publication_state contains ""research target""",research target; no object claim,object or artefact record
ARED-GH-00477,"Western Region: Print, colonial rule and public culture — object or artefact record research target 2",publication_state,"publication_state contains ""research target""",research target; no object claim,object or artefact record
ARED-GH-00478,"Western Region: Print, colonial rule and public culture — object or artefact record research target 3",publication_state,"publication_state contains ""research target""",research target; no object claim,object or artefact record
ARED-GH-00479,"Western Region: Print, colonial rule and public culture — object or artefact record research target 4",publication_state,"publication_state contains ""research target""",research target; no object claim,object or artefact record
ARED-GH-00480,"Western Region: Print, colonial rule and public culture — object or artefact record research target 5",publication_state,"publication_state contains ""research target""",research target; no object claim,object or artefact record
ARED-GH-00481,"Western Region: Print, colonial rule and public culture — maker or workshop authority record research target 1",publication_state,"publication_state contains ""research target""",research target; no object claim,maker or workshop authority record
ARED-GH-00482,"Western Region: Print, colonial rule and public culture — maker or workshop authority record research target 2",publication_state,"publication_state contains ""research target""",research target; no object claim,maker or workshop authority record
ARED-GH-00483,"Western Region: Print, colonial rule and public culture — maker or workshop authority record research target 3",publication_state,"publication_state contains ""research target""",research target; no object claim,maker or workshop authority record
ARED-GH-00484,"Western Region: Print, colonial rule and public culture — maker or workshop authority record research target 4",publication_state,"publication_state contains ""research target""",research target; no object claim,maker or workshop authority record
ARED-GH-00485,"Western Region: Print, colonial rule and public culture — maker or workshop authority record research target 5",publication_state,"publication_state contains ""research target""",research target; no object claim,maker or workshop authority record
ARED-GH-00486,"Western Region: Print, colonial rule and public culture — institution or collection record research target 1",publication_state,"publication_state contains ""research target""",research target; no object claim,institution or collection record
ARED-GH-00487,"Western Region: Print, colonial rule and public culture — institution or collection record research target 2",publication_state,"publication_state contains ""research target""",research target; no object claim,institution or collection record
ARED-GH-00488,"Western Region: Print, colonial rule and public culture — institution or collection record research target 3",publication_state,"publication_state contains ""research target""",research target; no object claim,institution or collection record
ARED-GH-00489,"Western Region: Print, colonial rule and public culture — institution or collection record research target 4",publication_state,"publication_state contains ""research target""",research target; no object claim,institution or collection record
ARED-GH-00490,"Western Region: Print, colonial rule and public culture — institution or collection record research target 5",publication_state,"publication_state contains ""research target""",research target; no object claim,institution or collection record
ARED-GH-00491,"Western Region: Print, colonial rule and public culture — oral-history interview research target 1",publication_state,"publication_state contains ""research target""",research target; no object claim,oral-history interview
ARED-GH-00492,"Western Region: Print, colonial rule and public culture — oral-history interview research target 2",publication_state,"publication_state contains ""research target""",research target; no object claim,oral-history interview
ARED-GH-00493,"Western Region: Print, colonial rule and public culture — oral-history interview research target 3",publication_state,"publication_state contains ""research target""",research target; no object claim,oral-history interview
ARED-GH-00494,"Western Region: Print, colonial rule and public culture — oral-history interview research target 4",publication_state,"publication_state contains ""research target""",research target; no object claim,oral-history interview
ARED-GH-00495,"Western Region: Print, colonial rule and public culture — oral-history interview research target 5",publication_state,"publication_state contains ""research target""",research target; no object claim,oral-history interview
ARED-GH-00496,"Western Region: Print, colonial rule and public culture — publication or archival source research target 1",publication_state,"publication_state contains ""research target""",research target; no object claim,publication or archival source
ARED-GH-00497,"Western Region: Print, colonial rule and public culture — publication or archival source research target 2",publication_state,"publication_state contains ""research target""",research target; no object claim,publication or archival source
ARED-GH-00498,"Western Region: Print, colonial rule and public culture — publication or archival source research target 3",publication_state,"publication_state contains ""research target""",research target; no object claim,publication or archival source
ARED-GH-00499,"Western Region: Print, colonial rule and public culture — publication or archival source research target 4",publication_state,"publication_state contains ""research target""",research target; no object claim,publication or archival source
ARED-GH-00500,"Western Region: Print, colonial rule and public culture — publication or archival source research target 5",publication_state,"publication_state contains ""research target""",research target; no object claim,publication or archival source
ARED-GH-00501,Western Region: Independence and state visual identity — object or artefact record research target 1,publication_state,"publication_state contains ""research target""",research target; no object claim,object or artefact record
ARED-GH-00502,Western Region: Independence and state visual identity — object or artefact record research target 2,publication_state,"publication_state contains ""research target""",research target; no object claim,object or artefact record
ARED-GH-00503,Western Region: Independence and state visual identity — object or artefact record research target 3,publication_state,"publication_state contains ""research target""",research target; no object claim,object or artefact record
ARED-GH-00504,Western Region: Independence and state visual identity — object or artefact record research target 4,publication_state,"publication_state contains ""research target""",research target; no object claim,object or artefact record
ARED-GH-00505,Western Region: Independence and state visual identity — object or artefact record research target 5,publication_state,"publication_state contains ""research target""",research target; no object claim,object or artefact record
ARED-GH-00506,Western Region: Independence and state visual identity — maker or workshop authority record research target 1,publication_state,"publication_state contains ""research target""",research target; no object claim,maker or workshop authority record
ARED-GH-00507,Western Region: Independence and state visual identity — maker or workshop authority record research target 2,publication_state,"publication_state contains ""research target""",research target; no object claim,maker or workshop authority record
ARED-GH-00508,Western Region: Independence and state visual identity — maker or workshop authority record research target 3,publication_state,"publication_state contains ""research target""",research target; no object claim,maker or workshop authority record
ARED-GH-00509,Western Region: Independence and state visual identity — maker or workshop authority record research target 4,publication_state,"publication_state contains ""research target""",research target; no object claim,maker or workshop authority record
ARED-GH-00510,Western Region: Independence and state visual identity — maker or workshop authority record research target 5,publication_state,"publication_state contains ""research target""",research target; no object claim,maker or workshop authority record
ARED-GH-00511,Western Region: Independence and state visual identity — institution or collection record research target 1,publication_state,"publication_state contains ""research target""",research target; no object claim,institution or collection record
ARED-GH-00512,Western Region: Independence and state visual identity — institution or collection record research target 2,publication_state,"publication_state contains ""research target""",research target; no object claim,institution or collection record
ARED-GH-00513,Western Region: Independence and state visual identity — institution or collection record research target 3,publication_state,"publication_state contains ""research target""",research target; no object claim,institution or collection record
ARED-GH-00514,Western Region: Independence and state visual identity — institution or collection record research target 4,publication_state,"publication_state contains ""research target""",research target; no object claim,institution or collection record
ARED-GH-00515,Western Region: Independence and state visual identity — institution or collection record research target 5,publication_state,"publication_state contains ""research target""",research target; no object claim,institution or collection record
ARED-GH-00516,Western Region: Independence and state visual identity — oral-history interview research target 1,publication_state,"publication_state contains ""research target""",research target; no object claim,oral-history interview
ARED-GH-00517,Western Region: Independence and state visual identity — oral-history interview research target 2,publication_state,"publication_state contains ""research target""",research target; no object claim,oral-history interview
ARED-GH-00518,Western Region: Independence and state visual identity — oral-history interview research target 3,publication_state,"publication_state contains ""research target""",research target; no object claim,oral-history interview
ARED-GH-00519,Western Region: Independence and state visual identity — oral-history interview research target 4,publication_state,"publication_state contains ""research target""",research target; no object claim,oral-history interview
ARED-GH-00520,Western Region: Independence and state visual identity — oral-history interview research target 5,publication_state,"publication_state contains ""research target""",research target; no object claim,oral-history interview
ARED-GH-00521,Western Region: Independence and state visual identity — publication or archival source research target 1,publication_state,"publication_state contains ""research target""",research target; no object claim,publication or archival source
ARED-GH-00522,Western Region: Independence and state visual identity — publication or archival source research target 2,publication_state,"publication_state contains ""research target""",research target; no object claim,publication or archival source
ARED-GH-00523,Western Region: Independence and state visual identity — publication or archival source research target 3,publication_state,"publication_state contains ""research target""",research target; no object claim,publication or archival source
ARED-GH-00524,Western Region: Independence and state visual identity — publication or archival source research target 4,publication_state,"publication_state contains ""research target""",research target; no object claim,publication or archival source
ARED-GH-00525,Western Region: Independence and state visual identity — publication or archival source research target 5,publication_state,"publication_state contains ""research target""",research target; no object claim,publication or archival source
ARED-GH-00526,Western Region: Popular and everyday graphics — object or artefact record research target 1,publication_state,"publication_state contains ""research target""",research target; no object claim,object or artefact record
ARED-GH-00527,Western Region: Popular and everyday graphics — object or artefact record research target 2,publication_state,"publication_state contains ""research target""",research target; no object claim,object or artefact record
ARED-GH-00528,Western Region: Popular and everyday graphics — object or artefact record research target 3,publication_state,"publication_state contains ""research target""",research target; no object claim,object or artefact record
ARED-GH-00529,Western Region: Popular and everyday graphics — object or artefact record research target 4,publication_state,"publication_state contains ""research target""",research target; no object claim,object or artefact record
ARED-GH-00530,Western Region: Popular and everyday graphics — object or artefact record research target 5,publication_state,"publication_state contains ""research target""",research target; no object claim,object or artefact record
ARED-GH-00531,Western Region: Popular and everyday graphics — maker or workshop authority record research target 1,publication_state,"publication_state contains ""research target""",research target; no object claim,maker or workshop authority record
ARED-GH-00532,Western Region: Popular and everyday graphics — maker or workshop authority record research target 2,publication_state,"publication_state contains ""research target""",research target; no object claim,maker or workshop authority record
ARED-GH-00533,Western Region: Popular and everyday graphics — maker or workshop authority record research target 3,publication_state,"publication_state contains ""research target""",research target; no object claim,maker or workshop authority record
ARED-GH-00534,Western Region: Popular and everyday graphics — maker or workshop authority record research target 4,publication_state,"publication_state contains ""research target""",research target; no object claim,maker or workshop authority record
ARED-GH-00535,Western Region: Popular and everyday graphics — maker or workshop authority record research target 5,publication_state,"publication_state contains ""research target""",research target; no object claim,maker or workshop authority record
ARED-GH-00536,Western Region: Popular and everyday graphics — institution or collection record research target 1,publication_state,"publication_state contains ""research target""",research target; no object claim,institution or collection record
ARED-GH-00537,Western Region: Popular and everyday graphics — institution or collection record research target 2,publication_state,"publication_state contains ""research target""",research target; no object claim,institution or collection record
ARED-GH-00538,Western Region: Popular and everyday graphics — institution or collection record research target 3,publication_state,"publication_state contains ""research target""",research target; no object claim,institution or collection record
ARED-GH-00539,Western Region: Popular and everyday graphics — institution or collection record research target 4,publication_state,"publication_state contains ""research target""",research target; no object claim,institution or collection record
ARED-GH-00540,Western Region: Popular and everyday graphics — institution or collection record research target 5,publication_state,"publication_state contains ""research target""",research target; no object claim,institution or collection record
ARED-GH-00541,Western Region: Popular and everyday graphics — oral-history interview research target 1,publication_state,"publication_state contains ""research target""",research target; no object claim,oral-history interview
ARED-GH-00542,Western Region: Popular and everyday graphics — oral-history interview research target 2,publication_state,"publication_state contains ""research target""",research target; no object claim,oral-history interview
ARED-GH-00543,Western Region: Popular and everyday graphics — oral-history interview research target 3,publication_state,"publication_state contains ""research target""",research target; no object claim,oral-history interview
ARED-GH-00544,Western Region: Popular and everyday graphics — oral-history interview research target 4,publication_state,"publication_state contains ""research target""",research target; no object claim,oral-history interview
ARED-GH-00545,Western Region: Popular and everyday graphics — oral-history interview research target 5,publication_state,"publication_state contains ""research target""",research target; no object claim,oral-history interview
ARED-GH-00546,Western Region: Popular and everyday graphics — publication or archival source research target 1,publication_state,"publication_state contains ""research target""",research target; no object claim,publication or archival source
ARED-GH-00547,Western Region: Popular and everyday graphics — publication or archival source research target 2,publication_state,"publication_state contains ""research target""",research target; no object claim,publication or archival source
ARED-GH-00548,Western Region: Popular and everyday graphics — publication or archival source research target 3,publication_state,"publication_state contains ""research target""",research target; no object claim,publication or archival source
ARED-GH-00549,Western Region: Popular and everyday graphics — publication or archival source research target 4,publication_state,"publication_state contains ""research target""",research target; no object claim,publication or archival source
ARED-GH-00550,Western Region: Popular and everyday graphics — publication or archival source research target 5,publication_state,"publication_state contains ""research target""",research target; no object claim,publication or archival source
ARED-GH-00551,"Western Region: Digital, diasporic and contemporary design — object or artefact record research target 1",publication_state,"publication_state contains ""research target""",research target; no object claim,object or artefact record
ARED-GH-00552,"Western Region: Digital, diasporic and contemporary design — object or artefact record research target 2",publication_state,"publication_state contains ""research target""",research target; no object claim,object or artefact record
ARED-GH-00553,"Western Region: Digital, diasporic and contemporary design — object or artefact record research target 3",publication_state,"publication_state contains ""research target""",research target; no object claim,object or artefact record
ARED-GH-00554,"Western Region: Digital, diasporic and contemporary design — object or artefact record research target 4",publication_state,"publication_state contains ""research target""",research target; no object claim,object or artefact record
ARED-GH-00555,"Western Region: Digital, diasporic and contemporary design — object or artefact record research target 5",publication_state,"publication_state contains ""research target""",research target; no object claim,object or artefact record
ARED-GH-00556,"Western Region: Digital, diasporic and contemporary design — maker or workshop authority record research target 1",publication_state,"publication_state contains ""research target""",research target; no object claim,maker or workshop authority record
ARED-GH-00557,"Western Region: Digital, diasporic and contemporary design — maker or workshop authority record research target 2",publication_state,"publication_state contains ""research target""",research target; no object claim,maker or workshop authority record
ARED-GH-00558,"Western Region: Digital, diasporic and contemporary design — maker or workshop authority record research target 3",publication_state,"publication_state contains ""research target""",research target; no object claim,maker or workshop authority record
ARED-GH-00559,"Western Region: Digital, diasporic and contemporary design — maker or workshop authority record research target 4",publication_state,"publication_state contains ""research target""",research target; no object claim,maker or workshop authority record
ARED-GH-00560,"Western Region: Digital, diasporic and contemporary design — maker or workshop authority record research target 5",publication_state,"publication_state contains ""research target""",research target; no object claim,maker or workshop authority record
ARED-GH-00561,"Western Region: Digital, diasporic and contemporary design — institution or collection record research target 1",publication_state,"publication_state contains ""research target""",research target; no object claim,institution or collection record
ARED-GH-00562,"Western Region: Digital, diasporic and contemporary design — institution or collection record research target 2",publication_state,"publication_state contains ""research target""",research target; no object claim,institution or collection record
ARED-GH-00563,"Western Region: Digital, diasporic and contemporary design — institution or collection record research target 3",publication_state,"publication_state contains ""research target""",research target; no object claim,institution or collection record
ARED-GH-00564,"Western Region: Digital, diasporic and contemporary design — institution or collection record research target 4",publication_state,"publication_state contains ""research target""",research target; no object claim,institution or collection record
ARED-GH-00565,"Western Region: Digital, diasporic and contemporary design — institution or collection record research target 5",publication_state,"publication_state contains ""research target""",research target; no object claim,institution or collection record
ARED-GH-00566,"Western Region: Digital, diasporic and contemporary design — oral-history interview research target 1",publication_state,"publication_state contains ""research target""",research target; no object claim,oral-history interview
ARED-GH-00567,"Western Region: Digital, diasporic and contemporary design — oral-history interview research target 2",publication_state,"publication_state contains ""research target""",research target; no object claim,oral-history interview
ARED-GH-00568,"Western Region: Digital, diasporic and contemporary design — oral-history interview research target 3",publication_state,"publication_state contains ""research target""",research target; no object claim,oral-history interview
ARED-GH-00569,"Western Region: Digital, diasporic and contemporary design — oral-history interview research target 4",publication_state,"publication_state contains ""research target""",research target; no object claim,oral-history interview
ARED-GH-00570,"Western Region: Digital, diasporic and contemporary design — oral-history interview research target 5",publication_state,"publication_state contains ""research target""",research target; no object claim,oral-history interview
ARED-GH-00571,"Western Region: Digital, diasporic and contemporary design — publication or archival source research target 1",publication_state,"publication_state contains ""research target""",research target; no object claim,publication or archival source
ARED-GH-00572,"Western Region: Digital, diasporic and contemporary design — publication or archival source research target 2",publication_state,"publication_state contains ""research target""",research target; no object claim,publication or archival source
ARED-GH-00573,"Western Region: Digital, diasporic and contemporary design — publication or archival source research target 3",publication_state,"publication_state contains ""research target""",research target; no object claim,publication or archival source
ARED-GH-00574,"Western Region: Digital, diasporic and contemporary design — publication or archival source research target 4",publication_state,"publication_state contains ""research target""",research target; no object claim,publication or archival source
ARED-GH-00575,"Western Region: Digital, diasporic and contemporary design — publication or archival source research target 5",publication_state,"publication_state contains ""research target""",research target; no object claim,publication or archival source
ARED-GH-00576,"Ashanti Region: Land, cosmology and authority — object or artefact record research target 1",publication_state,"publication_state contains ""research target""",research target; no object claim,object or artefact record
ARED-GH-00577,"Ashanti Region: Land, cosmology and authority — object or artefact record research target 2",publication_state,"publication_state contains ""research target""",research target; no object claim,object or artefact record
ARED-GH-00578,"Ashanti Region: Land, cosmology and authority — object or artefact record research target 3",publication_state,"publication_state contains ""research target""",research target; no object claim,object or artefact record
ARED-GH-00579,"Ashanti Region: Land, cosmology and authority — object or artefact record research target 4",publication_state,"publication_state contains ""research target""",research target; no object claim,object or artefact record
ARED-GH-00580,"Ashanti Region: Land, cosmology and authority — object or artefact record research target 5",publication_state,"publication_state contains ""research target""",research target; no object claim,object or artefact record
ARED-GH-00581,"Ashanti Region: Land, cosmology and authority — maker or workshop authority record research target 1",publication_state,"publication_state contains ""research target""",research target; no object claim,maker or workshop authority record
ARED-GH-00582,"Ashanti Region: Land, cosmology and authority — maker or workshop authority record research target 2",publication_state,"publication_state contains ""research target""",research target; no object claim,maker or workshop authority record
ARED-GH-00583,"Ashanti Region: Land, cosmology and authority — maker or workshop authority record research target 3",publication_state,"publication_state contains ""research target""",research target; no object claim,maker or workshop authority record
ARED-GH-00584,"Ashanti Region: Land, cosmology and authority — maker or workshop authority record research target 4",publication_state,"publication_state contains ""research target""",research target; no object claim,maker or workshop authority record
ARED-GH-00585,"Ashanti Region: Land, cosmology and authority — maker or workshop authority record research target 5",publication_state,"publication_state contains ""research target""",research target; no object claim,maker or workshop authority record
ARED-GH-00586,"Ashanti Region: Land, cosmology and authority — institution or collection record research target 1",publication_state,"publication_state contains ""research target""",research target; no object claim,institution or collection record
ARED-GH-00587,"Ashanti Region: Land, cosmology and authority — institution or collection record research target 2",publication_state,"publication_state contains ""research target""",research target; no object claim,institution or collection record
ARED-GH-00588,"Ashanti Region: Land, cosmology and authority — institution or collection record research target 3",publication_state,"publication_state contains ""research target""",research target; no object claim,institution or collection record
ARED-GH-00589,"Ashanti Region: Land, cosmology and authority — institution or collection record research target 4",publication_state,"publication_state contains ""research target""",research target; no object claim,institution or collection record
ARED-GH-00590,"Ashanti Region: Land, cosmology and authority — institution or collection record research target 5",publication_state,"publication_state contains ""research target""",research target; no object claim,institution or collection record
ARED-GH-00591,"Ashanti Region: Land, cosmology and authority — oral-history interview research target 1",publication_state,"publication_state contains ""research target""",research target; no object claim,oral-history interview
ARED-GH-00592,"Ashanti Region: Land, cosmology and authority — oral-history interview research target 2",publication_state,"publication_state contains ""research target""",research target; no object claim,oral-history interview
ARED-GH-00593,"Ashanti Region: Land, cosmology and authority — oral-history interview research target 3",publication_state,"publication_state contains ""research target""",research target; no object claim,oral-history interview
ARED-GH-00594,"Ashanti Region: Land, cosmology and authority — oral-history interview research target 4",publication_state,"publication_state contains ""research target""",research target; no object claim,oral-history interview
ARED-GH-00595,"Ashanti Region: Land, cosmology and authority — oral-history interview research target 5",publication_state,"publication_state contains ""research target""",research target; no object claim,oral-history interview
ARED-GH-00596,"Ashanti Region: Land, cosmology and authority — publication or archival source research target 1",publication_state,"publication_state contains ""research target""",research target; no object claim,publication or archival source
ARED-GH-00597,"Ashanti Region: Land, cosmology and authority — publication or archival source research target 2",publication_state,"publication_state contains ""research target""",research target; no object claim,publication or archival source
ARED-GH-00598,"Ashanti Region: Land, cosmology and authority — publication or archival source research target 3",publication_state,"publication_state contains ""research target""",research target; no object claim,publication or archival source
ARED-GH-00599,"Ashanti Region: Land, cosmology and authority — publication or archival source research target 4",publication_state,"publication_state contains ""research target""",research target; no object claim,publication or archival source
ARED-GH-00600,"Ashanti Region: Land, cosmology and authority — publication or archival source research target 5",publication_state,"publication_state contains ""research target""",research target; no object claim,publication or archival source
ARED-GH-00601,"Ashanti Region: Memory, proverb and performance — object or artefact record research target 1",publication_state,"publication_state contains ""research target""",research target; no object claim,object or artefact record
ARED-GH-00602,"Ashanti Region: Memory, proverb and performance — object or artefact record research target 2",publication_state,"publication_state contains ""research target""",research target; no object claim,object or artefact record
ARED-GH-00603,"Ashanti Region: Memory, proverb and performance — object or artefact record research target 3",publication_state,"publication_state contains ""research target""",research target; no object claim,object or artefact record
ARED-GH-00604,"Ashanti Region: Memory, proverb and performance — object or artefact record research target 4",publication_state,"publication_state contains ""research target""",research target; no object claim,object or artefact record
ARED-GH-00605,"Ashanti Region: Memory, proverb and performance — object or artefact record research target 5",publication_state,"publication_state contains ""research target""",research target; no object claim,object or artefact record
ARED-GH-00606,"Ashanti Region: Memory, proverb and performance — maker or workshop authority record research target 1",publication_state,"publication_state contains ""research target""",research target; no object claim,maker or workshop authority record
ARED-GH-00607,"Ashanti Region: Memory, proverb and performance — maker or workshop authority record research target 2",publication_state,"publication_state contains ""research target""",research target; no object claim,maker or workshop authority record
ARED-GH-00608,"Ashanti Region: Memory, proverb and performance — maker or workshop authority record research target 3",publication_state,"publication_state contains ""research target""",research target; no object claim,maker or workshop authority record
ARED-GH-00609,"Ashanti Region: Memory, proverb and performance — maker or workshop authority record research target 4",publication_state,"publication_state contains ""research target""",research target; no object claim,maker or workshop authority record
ARED-GH-00610,"Ashanti Region: Memory, proverb and performance — maker or workshop authority record research target 5",publication_state,"publication_state contains ""research target""",research target; no object claim,maker or workshop authority record
ARED-GH-00611,"Ashanti Region: Memory, proverb and performance — institution or collection record research target 1",publication_state,"publication_state contains ""research target""",research target; no object claim,institution or collection record
ARED-GH-00612,"Ashanti Region: Memory, proverb and performance — institution or collection record research target 2",publication_state,"publication_state contains ""research target""",research target; no object claim,institution or collection record
ARED-GH-00613,"Ashanti Region: Memory, proverb and performance — institution or collection record research target 3",publication_state,"publication_state contains ""research target""",research target; no object claim,institution or collection record
ARED-GH-00614,"Ashanti Region: Memory, proverb and performance — institution or collection record research target 4",publication_state,"publication_state contains ""research target""",research target; no object claim,institution or collection record
ARED-GH-00615,"Ashanti Region: Memory, proverb and performance — institution or collection record research target 5",publication_state,"publication_state contains ""research target""",research target; no object claim,institution or collection record
ARED-GH-00616,"Ashanti Region: Memory, proverb and performance — oral-history interview research target 1",publication_state,"publication_state contains ""research target""",research target; no object claim,oral-history interview
ARED-GH-00617,"Ashanti Region: Memory, proverb and performance — oral-history interview research target 2",publication_state,"publication_state contains ""research target""",research target; no object claim,oral-history interview
ARED-GH-00618,"Ashanti Region: Memory, proverb and performance — oral-history interview research target 3",publication_state,"publication_state contains ""research target""",research target; no object claim,oral-history interview
ARED-GH-00619,"Ashanti Region: Memory, proverb and performance — oral-history interview research target 4",publication_state,"publication_state contains ""research target""",research target; no object claim,oral-history interview
ARED-GH-00620,"Ashanti Region: Memory, proverb and performance — oral-history interview research target 5",publication_state,"publication_state contains ""research target""",research target; no object claim,oral-history interview
ARED-GH-00621,"Ashanti Region: Memory, proverb and performance — publication or archival source research target 1",publication_state,"publication_state contains ""research target""",research target; no object claim,publication or archival source
ARED-GH-00622,"Ashanti Region: Memory, proverb and performance — publication or archival source research target 2",publication_state,"publication_state contains ""research target""",research target; no object claim,publication or archival source
ARED-GH-00623,"Ashanti Region: Memory, proverb and performance — publication or archival source research target 3",publication_state,"publication_state contains ""research target""",research target; no object claim,publication or archival source
ARED-GH-00624,"Ashanti Region: Memory, proverb and performance — publication or archival source research target 4",publication_state,"publication_state contains ""research target""",research target; no object claim,publication or archival source
ARED-GH-00625,"Ashanti Region: Memory, proverb and performance — publication or archival source research target 5",publication_state,"publication_state contains ""research target""",research target; no object claim,publication or archival source
ARED-GH-00626,"Ashanti Region: Cloth, pattern and social identity — object or artefact record research target 1",publication_state,"publication_state contains ""research target""",research target; no object claim,object or artefact record
ARED-GH-00627,"Ashanti Region: Cloth, pattern and social identity — object or artefact record research target 2",publication_state,"publication_state contains ""research target""",research target; no object claim,object or artefact record
ARED-GH-00628,"Ashanti Region: Cloth, pattern and social identity — object or artefact record research target 3",publication_state,"publication_state contains ""research target""",research target; no object claim,object or artefact record
ARED-GH-00629,"Ashanti Region: Cloth, pattern and social identity — object or artefact record research target 4",publication_state,"publication_state contains ""research target""",research target; no object claim,object or artefact record
ARED-GH-00630,"Ashanti Region: Cloth, pattern and social identity — object or artefact record research target 5",publication_state,"publication_state contains ""research target""",research target; no object claim,object or artefact record
ARED-GH-00631,"Ashanti Region: Cloth, pattern and social identity — maker or workshop authority record research target 1",publication_state,"publication_state contains ""research target""",research target; no object claim,maker or workshop authority record
ARED-GH-00632,"Ashanti Region: Cloth, pattern and social identity — maker or workshop authority record research target 2",publication_state,"publication_state contains ""research target""",research target; no object claim,maker or workshop authority record
ARED-GH-00633,"Ashanti Region: Cloth, pattern and social identity — maker or workshop authority record research target 3",publication_state,"publication_state contains ""research target""",research target; no object claim,maker or workshop authority record
ARED-GH-00634,"Ashanti Region: Cloth, pattern and social identity — maker or workshop authority record research target 4",publication_state,"publication_state contains ""research target""",research target; no object claim,maker or workshop authority record
ARED-GH-00635,"Ashanti Region: Cloth, pattern and social identity — maker or workshop authority record research target 5",publication_state,"publication_state contains ""research target""",research target; no object claim,maker or workshop authority record
ARED-GH-00636,"Ashanti Region: Cloth, pattern and social identity — institution or collection record research target 1",publication_state,"publication_state contains ""research target""",research target; no object claim,institution or collection record
ARED-GH-00637,"Ashanti Region: Cloth, pattern and social identity — institution or collection record research target 2",publication_state,"publication_state contains ""research target""",research target; no object claim,institution or collection record
ARED-GH-00638,"Ashanti Region: Cloth, pattern and social identity — institution or collection record research target 3",publication_state,"publication_state contains ""research target""",research target; no object claim,institution or collection record
ARED-GH-00639,"Ashanti Region: Cloth, pattern and social identity — institution or collection record research target 4",publication_state,"publication_state contains ""research target""",research target; no object claim,institution or collection record
ARED-GH-00640,"Ashanti Region: Cloth, pattern and social identity — institution or collection record research target 5",publication_state,"publication_state contains ""research target""",research target; no object claim,institution or collection record
ARED-GH-00641,"Ashanti Region: Cloth, pattern and social identity — oral-history interview research target 1",publication_state,"publication_state contains ""research target""",research target; no object claim,oral-history interview
ARED-GH-00642,"Ashanti Region: Cloth, pattern and social identity — oral-history interview research target 2",publication_state,"publication_state contains ""research target""",research target; no object claim,oral-history interview
ARED-GH-00643,"Ashanti Region: Cloth, pattern and social identity — oral-history interview research target 3",publication_state,"publication_state contains ""research target""",research target; no object claim,oral-history interview
ARED-GH-00644,"Ashanti Region: Cloth, pattern and social identity — oral-history interview research target 4",publication_state,"publication_state contains ""research target""",research target; no object claim,oral-history interview
ARED-GH-00645,"Ashanti Region: Cloth, pattern and social identity — oral-history interview research target 5",publication_state,"publication_state contains ""research target""",research target; no object claim,oral-history interview
ARED-GH-00646,"Ashanti Region: Cloth, pattern and social identity — publication or archival source research target 1",publication_state,"publication_state contains ""research target""",research target; no object claim,publication or archival source
ARED-GH-00647,"Ashanti Region: Cloth, pattern and social identity — publication or archival source research target 2",publication_state,"publication_state contains ""research target""",research target; no object claim,publication or archival source
ARED-GH-00648,"Ashanti Region: Cloth, pattern and social identity — publication or archival source research target 3",publication_state,"publication_state contains ""research target""",research target; no object claim,publication or archival source
ARED-GH-00649,"Ashanti Region: Cloth, pattern and social identity — publication or archival source research target 4",publication_state,"publication_state contains ""research target""",research target; no object claim,publication or archival source
ARED-GH-00650,"Ashanti Region: Cloth, pattern and social identity — publication or archival source research target 5",publication_state,"publication_state contains ""research target""",research target; no object claim,publication or archival source
ARED-GH-00651,"Ashanti Region: Print, colonial rule and public culture — object or artefact record research target 1",publication_state,"publication_state contains ""research target""",research target; no object claim,object or artefact record
ARED-GH-00652,"Ashanti Region: Print, colonial rule and public culture — object or artefact record research target 2",publication_state,"publication_state contains ""research target""",research target; no object claim,object or artefact record
ARED-GH-00653,"Ashanti Region: Print, colonial rule and public culture — object or artefact record research target 3",publication_state,"publication_state contains ""research target""",research target; no object claim,object or artefact record
ARED-GH-00654,"Ashanti Region: Print, colonial rule and public culture — object or artefact record research target 4",publication_state,"publication_state contains ""research target""",research target; no object claim,object or artefact record
ARED-GH-00655,"Ashanti Region: Print, colonial rule and public culture — object or artefact record research target 5",publication_state,"publication_state contains ""research target""",research target; no object claim,object or artefact record
ARED-GH-00656,"Ashanti Region: Print, colonial rule and public culture — maker or workshop authority record research target 1",publication_state,"publication_state contains ""research target""",research target; no object claim,maker or workshop authority record
ARED-GH-00657,"Ashanti Region: Print, colonial rule and public culture — maker or workshop authority record research target 2",publication_state,"publication_state contains ""research target""",research target; no object claim,maker or workshop authority record
ARED-GH-00658,"Ashanti Region: Print, colonial rule and public culture — maker or workshop authority record research target 3",publication_state,"publication_state contains ""research target""",research target; no object claim,maker or workshop authority record
ARED-GH-00659,"Ashanti Region: Print, colonial rule and public culture — maker or workshop authority record research target 4",publication_state,"publication_state contains ""research target""",research target; no object claim,maker or workshop authority record
ARED-GH-00660,"Ashanti Region: Print, colonial rule and public culture — maker or workshop authority record research target 5",publication_state,"publication_state contains ""research target""",research target; no object claim,maker or workshop authority record
ARED-GH-00661,"Ashanti Region: Print, colonial rule and public culture — institution or collection record research target 1",publication_state,"publication_state contains ""research target""",research target; no object claim,institution or collection record
ARED-GH-00662,"Ashanti Region: Print, colonial rule and public culture — institution or collection record research target 2",publication_state,"publication_state contains ""research target""",research target; no object claim,institution or collection record
ARED-GH-00663,"Ashanti Region: Print, colonial rule and public culture — institution or collection record research target 3",publication_state,"publication_state contains ""research target""",research target; no object claim,institution or collection record
ARED-GH-00664,"Ashanti Region: Print, colonial rule and public culture — institution or collection record research target 4",publication_state,"publication_state contains ""research target""",research target; no object claim,institution or collection record
ARED-GH-00665,"Ashanti Region: Print, colonial rule and public culture — institution or collection record research target 5",publication_state,"publication_state contains ""research target""",research target; no object claim,institution or collection record
ARED-GH-00666,"Ashanti Region: Print, colonial rule and public culture — oral-history interview research target 1",publication_state,"publication_state contains ""research target""",research target; no object claim,oral-history interview
ARED-GH-00667,"Ashanti Region: Print, colonial rule and public culture — oral-history interview research target 2",publication_state,"publication_state contains ""research target""",research target; no object claim,oral-history interview
ARED-GH-00668,"Ashanti Region: Print, colonial rule and public culture — oral-history interview research target 3",publication_state,"publication_state contains ""research target""",research target; no object claim,oral-history interview
ARED-GH-00669,"Ashanti Region: Print, colonial rule and public culture — oral-history interview research target 4",publication_state,"publication_state contains ""research target""",research target; no object claim,oral-history interview
ARED-GH-00670,"Ashanti Region: Print, colonial rule and public culture — oral-history interview research target 5",publication_state,"publication_state contains ""research target""",research target; no object claim,oral-history interview
ARED-GH-00671,"Ashanti Region: Print, colonial rule and public culture — publication or archival source research target 1",publication_state,"publication_state contains ""research target""",research target; no object claim,publication or archival source
ARED-GH-00672,"Ashanti Region: Print, colonial rule and public culture — publication or archival source research target 2",publication_state,"publication_state contains ""research target""",research target; no object claim,publication or archival source
ARED-GH-00673,"Ashanti Region: Print, colonial rule and public culture — publication or archival source research target 3",publication_state,"publication_state contains ""research target""",research target; no object claim,publication or archival source
ARED-GH-00674,"Ashanti Region: Print, colonial rule and public culture — publication or archival source research target 4",publication_state,"publication_state contains ""research target""",research target; no object claim,publication or archival source
ARED-GH-00675,"Ashanti Region: Print, colonial rule and public culture — publication or archival source research target 5",publication_state,"publication_state contains ""research target""",research target; no object claim,publication or archival source
ARED-GH-00676,Ashanti Region: Independence and state visual identity — object or artefact record research target 1,publication_state,"publication_state contains ""research target""",research target; no object claim,object or artefact record
ARED-GH-00677,Ashanti Region: Independence and state visual identity — object or artefact record research target 2,publication_state,"publication_state contains ""research target""",research target; no object claim,object or artefact record
ARED-GH-00678,Ashanti Region: Independence and state visual identity — object or artefact record research target 3,publication_state,"publication_state contains ""research target""",research target; no object claim,object or artefact record
ARED-GH-00679,Ashanti Region: Independence and state visual identity — object or artefact record research target 4,publication_state,"publication_state contains ""research target""",research target; no object claim,object or artefact record
ARED-GH-00680,Ashanti Region: Independence and state visual identity — object or artefact record research target 5,publication_state,"publication_state contains ""research target""",research target; no object claim,object or artefact record
ARED-GH-00681,Ashanti Region: Independence and state visual identity — maker or workshop authority record research target 1,publication_state,"publication_state contains ""research target""",research target; no object claim,maker or workshop authority record
ARED-GH-00682,Ashanti Region: Independence and state visual identity — maker or workshop authority record research target 2,publication_state,"publication_state contains ""research target""",research target; no object claim,maker or workshop authority record
ARED-GH-00683,Ashanti Region: Independence and state visual identity — maker or workshop authority record research target 3,publication_state,"publication_state contains ""research target""",research target; no object claim,maker or workshop authority record
ARED-GH-00684,Ashanti Region: Independence and state visual identity — maker or workshop authority record research target 4,publication_state,"publication_state contains ""research target""",research target; no object claim,maker or workshop authority record
ARED-GH-00685,Ashanti Region: Independence and state visual identity — maker or workshop authority record research target 5,publication_state,"publication_state contains ""research target""",research target; no object claim,maker or workshop authority record
ARED-GH-00686,Ashanti Region: Independence and state visual identity — institution or collection record research target 1,publication_state,"publication_state contains ""research target""",research target; no object claim,institution or collection record
ARED-GH-00687,Ashanti Region: Independence and state visual identity — institution or collection record research target 2,publication_state,"publication_state contains ""research target""",research target; no object claim,institution or collection record
ARED-GH-00688,Ashanti Region: Independence and state visual identity — institution or collection record research target 3,publication_state,"publication_state contains ""research target""",research target; no object claim,institution or collection record
ARED-GH-00689,Ashanti Region: Independence and state visual identity — institution or collection record research target 4,publication_state,"publication_state contains ""research target""",research target; no object claim,institution or collection record
ARED-GH-00690,Ashanti Region: Independence and state visual identity — institution or collection record research target 5,publication_state,"publication_state contains ""research target""",research target; no object claim,institution or collection record
ARED-GH-00691,Ashanti Region: Independence and state visual identity — oral-history interview research target 1,publication_state,"publication_state contains ""research target""",research target; no object claim,oral-history interview
ARED-GH-00692,Ashanti Region: Independence and state visual identity — oral-history interview research target 2,publication_state,"publication_state contains ""research target""",research target; no object claim,oral-history interview
ARED-GH-00693,Ashanti Region: Independence and state visual identity — oral-history interview research target 3,publication_state,"publication_state contains ""research target""",research target; no object claim,oral-history interview
ARED-GH-00694,Ashanti Region: Independence and state visual identity — oral-history interview research target 4,publication_state,"publication_state contains ""research target""",research target; no object claim,oral-history interview
ARED-GH-00695,Ashanti Region: Independence and state visual identity — oral-history interview research target 5,publication_state,"publication_state contains ""research target""",research target; no object claim,oral-history interview
ARED-GH-00696,Ashanti Region: Independence and state visual identity — publication or archival source research target 1,publication_state,"publication_state contains ""research target""",research target; no object claim,publication or archival source
ARED-GH-00697,Ashanti Region: Independence and state visual identity — publication or archival source research target 2,publication_state,"publication_state contains ""research target""",research target; no object claim,publication or archival source
ARED-GH-00698,Ashanti Region: Independence and state visual identity — publication or archival source research target 3,publication_state,"publication_state contains ""research target""",research target; no object claim,publication or archival source
ARED-GH-00699,Ashanti Region: Independence and state visual identity — publication or archival source research target 4,publication_state,"publication_state contains ""research target""",research target; no object claim,publication or archival source
ARED-GH-00700,Ashanti Region: Independence and state visual identity — publication or archival source research target 5,publication_state,"publication_state contains ""research target""",research target; no object claim,publication or archival source
ARED-GH-00701,Ashanti Region: Popular and everyday graphics — object or artefact record research target 1,publication_state,"publication_state contains ""research target""",research target; no object claim,object or artefact record
ARED-GH-00702,Ashanti Region: Popular and everyday graphics — object or artefact record research target 2,publication_state,"publication_state contains ""research target""",research target; no object claim,object or artefact record
ARED-GH-00703,Ashanti Region: Popular and everyday graphics — object or artefact record research target 3,publication_state,"publication_state contains ""research target""",research target; no object claim,object or artefact record
ARED-GH-00704,Ashanti Region: Popular and everyday graphics — object or artefact record research target 4,publication_state,"publication_state contains ""research target""",research target; no object claim,object or artefact record
ARED-GH-00705,Ashanti Region: Popular and everyday graphics — object or artefact record research target 5,publication_state,"publication_state contains ""research target""",research target; no object claim,object or artefact record
ARED-GH-00706,Ashanti Region: Popular and everyday graphics — maker or workshop authority record research target 1,publication_state,"publication_state contains ""research target""",research target; no object claim,maker or workshop authority record
ARED-GH-00707,Ashanti Region: Popular and everyday graphics — maker or workshop authority record research target 2,publication_state,"publication_state contains ""research target""",research target; no object claim,maker or workshop authority record
ARED-GH-00708,Ashanti Region: Popular and everyday graphics — maker or workshop authority record research target 3,publication_state,"publication_state contains ""research target""",research target; no object claim,maker or workshop authority record
ARED-GH-00709,Ashanti Region: Popular and everyday graphics — maker or workshop authority record research target 4,publication_state,"publication_state contains ""research target""",research target; no object claim,maker or workshop authority record
ARED-GH-00710,Ashanti Region: Popular and everyday graphics — maker or workshop authority record research target 5,publication_state,"publication_state contains ""research target""",research target; no object claim,maker or workshop authority record
ARED-GH-00711,Ashanti Region: Popular and everyday graphics — institution or collection record research target 1,publication_state,"publication_state contains ""research target""",research target; no object claim,institution or collection record
ARED-GH-00712,Ashanti Region: Popular and everyday graphics — institution or collection record research target 2,publication_state,"publication_state contains ""research target""",research target; no object claim,institution or collection record
ARED-GH-00713,Ashanti Region: Popular and everyday graphics — institution or collection record research target 3,publication_state,"publication_state contains ""research target""",research target; no object claim,institution or collection record
ARED-GH-00714,Ashanti Region: Popular and everyday graphics — institution or collection record research target 4,publication_state,"publication_state contains ""research target""",research target; no object claim,institution or collection record
ARED-GH-00715,Ashanti Region: Popular and everyday graphics — institution or collection record research target 5,publication_state,"publication_state contains ""research target""",research target; no object claim,institution or collection record
ARED-GH-00716,Ashanti Region: Popular and everyday graphics — oral-history interview research target 1,publication_state,"publication_state contains ""research target""",research target; no object claim,oral-history interview
ARED-GH-00717,Ashanti Region: Popular and everyday graphics — oral-history interview research target 2,publication_state,"publication_state contains ""research target""",research target; no object claim,oral-history interview
ARED-GH-00718,Ashanti Region: Popular and everyday graphics — oral-history interview research target 3,publication_state,"publication_state contains ""research target""",research target; no object claim,oral-history interview
ARED-GH-00719,Ashanti Region: Popular and everyday graphics — oral-history interview research target 4,publication_state,"publication_state contains ""research target""",research target; no object claim,oral-history interview
ARED-GH-00720,Ashanti Region: Popular and everyday graphics — oral-history interview research target 5,publication_state,"publication_state contains ""research target""",research target; no object claim,oral-history interview
ARED-GH-00721,Ashanti Region: Popular and everyday graphics — publication or archival source research target 1,publication_state,"publication_state contains ""research target""",research target; no object claim,publication or archival source
ARED-GH-00722,Ashanti Region: Popular and everyday graphics — publication or archival source research target 2,publication_state,"publication_state contains ""research target""",research target; no object claim,publication or archival source
ARED-GH-00723,Ashanti Region: Popular and everyday graphics — publication or archival source research target 3,publication_state,"publication_state contains ""research target""",research target; no object claim,publication or archival source
ARED-GH-00724,Ashanti Region: Popular and everyday graphics — publication or archival source research target 4,publication_state,"publication_state contains ""research target""",research target; no object claim,publication or archival source
ARED-GH-00725,Ashanti Region: Popular and everyday graphics — publication or archival source research target 5,publication_state,"publication_state contains ""research target""",research target; no object claim,publication or archival source
ARED-GH-00726,"Ashanti Region: Digital, diasporic and contemporary design — object or artefact record research target 1",publication_state,"publication_state contains ""research target""",research target; no object claim,object or artefact record
ARED-GH-00727,"Ashanti Region: Digital, diasporic and contemporary design — object or artefact record research target 2",publication_state,"publication_state contains ""research target""",research target; no object claim,object or artefact record
ARED-GH-00728,"Ashanti Region: Digital, diasporic and contemporary design — object or artefact record research target 3",publication_state,"publication_state contains ""research target""",research target; no object claim,object or artefact record
ARED-GH-00729,"Ashanti Region: Digital, diasporic and contemporary design — object or artefact record research target 4",publication_state,"publication_state contains ""research target""",research target; no object claim,object or artefact record
ARED-GH-00730,"Ashanti Region: Digital, diasporic and contemporary design — object or artefact record research target 5",publication_state,"publication_state contains ""research target""",research target; no object claim,object or artefact record
ARED-GH-00731,"Ashanti Region: Digital, diasporic and contemporary design — maker or workshop authority record research target 1",publication_state,"publication_state contains ""research target""",research target; no object claim,maker or workshop authority record
ARED-GH-00732,"Ashanti Region: Digital, diasporic and contemporary design — maker or workshop authority record research target 2",publication_state,"publication_state contains ""research target""",research target; no object claim,maker or workshop authority record
ARED-GH-00733,"Ashanti Region: Digital, diasporic and contemporary design — maker or workshop authority record research target 3",publication_state,"publication_state contains ""research target""",research target; no object claim,maker or workshop authority record
ARED-GH-00734,"Ashanti Region: Digital, diasporic and contemporary design — maker or workshop authority record research target 4",publication_state,"publication_state contains ""research target""",research target; no object claim,maker or workshop authority record
ARED-GH-00735,"Ashanti Region: Digital, diasporic and contemporary design — maker or workshop authority record research target 5",publication_state,"publication_state contains ""research target""",research target; no object claim,maker or workshop authority record
ARED-GH-00736,"Ashanti Region: Digital, diasporic and contemporary design — institution or collection record research target 1",publication_state,"publication_state contains ""research target""",research target; no object claim,institution or collection record
ARED-GH-00737,"Ashanti Region: Digital, diasporic and contemporary design — institution or collection record research target 2",publication_state,"publication_state contains ""research target""",research target; no object claim,institution or collection record
ARED-GH-00738,"Ashanti Region: Digital, diasporic and contemporary design — institution or collection record research target 3",publication_state,"publication_state contains ""research target""",research target; no object claim,institution or collection record
ARED-GH-00739,"Ashanti Region: Digital, diasporic and contemporary design — institution or collection record research target 4",publication_state,"publication_state contains ""research target""",research target; no object claim,institution or collection record
ARED-GH-00740,"Ashanti Region: Digital, diasporic and contemporary design — institution or collection record research target 5",publication_state,"publication_state contains ""research target""",research target; no object claim,institution or collection record
ARED-GH-00741,"Ashanti Region: Digital, diasporic and contemporary design — oral-history interview research target 1",publication_state,"publication_state contains ""research target""",research target; no object claim,oral-history interview
ARED-GH-00742,"Ashanti Region: Digital, diasporic and contemporary design — oral-history interview research target 2",publication_state,"publication_state contains ""research target""",research target; no object claim,oral-history interview
ARED-GH-00743,"Ashanti Region: Digital, diasporic and contemporary design — oral-history interview research target 3",publication_state,"publication_state contains ""research target""",research target; no object claim,oral-history interview
ARED-GH-00744,"Ashanti Region: Digital, diasporic and contemporary design — oral-history interview research target 4",publication_state,"publication_state contains ""research target""",research target; no object claim,oral-history interview
ARED-GH-00745,"Ashanti Region: Digital, diasporic and contemporary design — oral-history interview research target 5",publication_state,"publication_state contains ""research target""",research target; no object claim,oral-history interview
ARED-GH-00746,"Ashanti Region: Digital, diasporic and contemporary design — publication or archival source research target 1",publication_state,"publication_state contains ""research target""",research target; no object claim,publication or archival source
ARED-GH-00747,"Ashanti Region: Digital, diasporic and contemporary design — publication or archival source research target 2",publication_state,"publication_state contains ""research target""",research target; no object claim,publication or archival source
ARED-GH-00748,"Ashanti Region: Digital, diasporic and contemporary design — publication or archival source research target 3",publication_state,"publication_state contains ""research target""",research target; no object claim,publication or archival source
ARED-GH-00749,"Ashanti Region: Digital, diasporic and contemporary design — publication or archival source research target 4",publication_state,"publication_state contains ""research target""",research target; no object claim,publication or archival source
ARED-GH-00750,"Ashanti Region: Digital, diasporic and contemporary design — publication or archival source research target 5",publication_state,"publication_state contains ""research target""",research target; no object claim,publication or archival source
ARED-GH-00751,"Eastern Region: Land, cosmology and authority — object or artefact record research target 1",publication_state,"publication_state contains ""research target""",research target; no object claim,object or artefact record
ARED-GH-00752,"Eastern Region: Land, cosmology and authority — object or artefact record research target 2",publication_state,"publication_state contains ""research target""",research target; no object claim,object or artefact record
ARED-GH-00753,"Eastern Region: Land, cosmology and authority — object or artefact record research target 3",publication_state,"publication_state contains ""research target""",research target; no object claim,object or artefact record
ARED-GH-00754,"Eastern Region: Land, cosmology and authority — object or artefact record research target 4",publication_state,"publication_state contains ""research target""",research target; no object claim,object or artefact record
ARED-GH-00755,"Eastern Region: Land, cosmology and authority — object or artefact record research target 5",publication_state,"publication_state contains ""research target""",research target; no object claim,object or artefact record
ARED-GH-00756,"Eastern Region: Land, cosmology and authority — maker or workshop authority record research target 1",publication_state,"publication_state contains ""research target""",research target; no object claim,maker or workshop authority record
ARED-GH-00757,"Eastern Region: Land, cosmology and authority — maker or workshop authority record research target 2",publication_state,"publication_state contains ""research target""",research target; no object claim,maker or workshop authority record
ARED-GH-00758,"Eastern Region: Land, cosmology and authority — maker or workshop authority record research target 3",publication_state,"publication_state contains ""research target""",research target; no object claim,maker or workshop authority record
ARED-GH-00759,"Eastern Region: Land, cosmology and authority — maker or workshop authority record research target 4",publication_state,"publication_state contains ""research target""",research target; no object claim,maker or workshop authority record
ARED-GH-00760,"Eastern Region: Land, cosmology and authority — maker or workshop authority record research target 5",publication_state,"publication_state contains ""research target""",research target; no object claim,maker or workshop authority record
ARED-GH-00761,"Eastern Region: Land, cosmology and authority — institution or collection record research target 1",publication_state,"publication_state contains ""research target""",research target; no object claim,institution or collection record
ARED-GH-00762,"Eastern Region: Land, cosmology and authority — institution or collection record research target 2",publication_state,"publication_state contains ""research target""",research target; no object claim,institution or collection record
ARED-GH-00763,"Eastern Region: Land, cosmology and authority — institution or collection record research target 3",publication_state,"publication_state contains ""research target""",research target; no object claim,institution or collection record
ARED-GH-00764,"Eastern Region: Land, cosmology and authority — institution or collection record research target 4",publication_state,"publication_state contains ""research target""",research target; no object claim,institution or collection record
ARED-GH-00765,"Eastern Region: Land, cosmology and authority — institution or collection record research target 5",publication_state,"publication_state contains ""research target""",research target; no object claim,institution or collection record
ARED-GH-00766,"Eastern Region: Land, cosmology and authority — oral-history interview research target 1",publication_state,"publication_state contains ""research target""",research target; no object claim,oral-history interview
ARED-GH-00767,"Eastern Region: Land, cosmology and authority — oral-history interview research target 2",publication_state,"publication_state contains ""research target""",research target; no object claim,oral-history interview
ARED-GH-00768,"Eastern Region: Land, cosmology and authority — oral-history interview research target 3",publication_state,"publication_state contains ""research target""",research target; no object claim,oral-history interview
ARED-GH-00769,"Eastern Region: Land, cosmology and authority — oral-history interview research target 4",publication_state,"publication_state contains ""research target""",research target; no object claim,oral-history interview
ARED-GH-00770,"Eastern Region: Land, cosmology and authority — oral-history interview research target 5",publication_state,"publication_state contains ""research target""",research target; no object claim,oral-history interview
ARED-GH-00771,"Eastern Region: Land, cosmology and authority — publication or archival source research target 1",publication_state,"publication_state contains ""research target""",research target; no object claim,publication or archival source
ARED-GH-00772,"Eastern Region: Land, cosmology and authority — publication or archival source research target 2",publication_state,"publication_state contains ""research target""",research target; no object claim,publication or archival source
ARED-GH-00773,"Eastern Region: Land, cosmology and authority — publication or archival source research target 3",publication_state,"publication_state contains ""research target""",research target; no object claim,publication or archival source
ARED-GH-00774,"Eastern Region: Land, cosmology and authority — publication or archival source research target 4",publication_state,"publication_state contains ""research target""",research target; no object claim,publication or archival source
ARED-GH-00775,"Eastern Region: Land, cosmology and authority — publication or archival source research target 5",publication_state,"publication_state contains ""research target""",research target; no object claim,publication or archival source
ARED-GH-00776,"Eastern Region: Memory, proverb and performance — object or artefact record research target 1",publication_state,"publication_state contains ""research target""",research target; no object claim,object or artefact record
ARED-GH-00777,"Eastern Region: Memory, proverb and performance — object or artefact record research target 2",publication_state,"publication_state contains ""research target""",research target; no object claim,object or artefact record
ARED-GH-00778,"Eastern Region: Memory, proverb and performance — object or artefact record research target 3",publication_state,"publication_state contains ""research target""",research target; no object claim,object or artefact record
ARED-GH-00779,"Eastern Region: Memory, proverb and performance — object or artefact record research target 4",publication_state,"publication_state contains ""research target""",research target; no object claim,object or artefact record
ARED-GH-00780,"Eastern Region: Memory, proverb and performance — object or artefact record research target 5",publication_state,"publication_state contains ""research target""",research target; no object claim,object or artefact record
ARED-GH-00781,"Eastern Region: Memory, proverb and performance — maker or workshop authority record research target 1",publication_state,"publication_state contains ""research target""",research target; no object claim,maker or workshop authority record
ARED-GH-00782,"Eastern Region: Memory, proverb and performance — maker or workshop authority record research target 2",publication_state,"publication_state contains ""research target""",research target; no object claim,maker or workshop authority record
ARED-GH-00783,"Eastern Region: Memory, proverb and performance — maker or workshop authority record research target 3",publication_state,"publication_state contains ""research target""",research target; no object claim,maker or workshop authority record
ARED-GH-00784,"Eastern Region: Memory, proverb and performance — maker or workshop authority record research target 4",publication_state,"publication_state contains ""research target""",research target; no object claim,maker or workshop authority record
ARED-GH-00785,"Eastern Region: Memory, proverb and performance — maker or workshop authority record research target 5",publication_state,"publication_state contains ""research target""",research target; no object claim,maker or workshop authority record
ARED-GH-00786,"Eastern Region: Memory, proverb and performance — institution or collection record research target 1",publication_state,"publication_state contains ""research target""",research target; no object claim,institution or collection record
ARED-GH-00787,"Eastern Region: Memory, proverb and performance — institution or collection record research target 2",publication_state,"publication_state contains ""research target""",research target; no object claim,institution or collection record
ARED-GH-00788,"Eastern Region: Memory, proverb and performance — institution or collection record research target 3",publication_state,"publication_state contains ""research target""",research target; no object claim,institution or collection record
ARED-GH-00789,"Eastern Region: Memory, proverb and performance — institution or collection record research target 4",publication_state,"publication_state contains ""research target""",research target; no object claim,institution or collection record
ARED-GH-00790,"Eastern Region: Memory, proverb and performance — institution or collection record research target 5",publication_state,"publication_state contains ""research target""",research target; no object claim,institution or collection record
ARED-GH-00791,"Eastern Region: Memory, proverb and performance — oral-history interview research target 1",publication_state,"publication_state contains ""research target""",research target; no object claim,oral-history interview
ARED-GH-00792,"Eastern Region: Memory, proverb and performance — oral-history interview research target 2",publication_state,"publication_state contains ""research target""",research target; no object claim,oral-history interview
ARED-GH-00793,"Eastern Region: Memory, proverb and performance — oral-history interview research target 3",publication_state,"publication_state contains ""research target""",research target; no object claim,oral-history interview
ARED-GH-00794,"Eastern Region: Memory, proverb and performance — oral-history interview research target 4",publication_state,"publication_state contains ""research target""",research target; no object claim,oral-history interview
ARED-GH-00795,"Eastern Region: Memory, proverb and performance — oral-history interview research target 5",publication_state,"publication_state contains ""research target""",research target; no object claim,oral-history interview
ARED-GH-00796,"Eastern Region: Memory, proverb and performance — publication or archival source research target 1",publication_state,"publication_state contains ""research target""",research target; no object claim,publication or archival source
ARED-GH-00797,"Eastern Region: Memory, proverb and performance — publication or archival source research target 2",publication_state,"publication_state contains ""research target""",research target; no object claim,publication or archival source
ARED-GH-00798,"Eastern Region: Memory, proverb and performance — publication or archival source research target 3",publication_state,"publication_state contains ""research target""",research target; no object claim,publication or archival source
ARED-GH-00799,"Eastern Region: Memory, proverb and performance — publication or archival source research target 4",publication_state,"publication_state contains ""research target""",research target; no object claim,publication or archival source
ARED-GH-00800,"Eastern Region: Memory, proverb and performance — publication or archival source research target 5",publication_state,"publication_state contains ""research target""",research target; no object claim,publication or archival source
ARED-GH-00801,"Eastern Region: Cloth, pattern and social identity — object or artefact record research target 1",publication_state,"publication_state contains ""research target""",research target; no object claim,object or artefact record
ARED-GH-00802,"Eastern Region: Cloth, pattern and social identity — object or artefact record research target 2",publication_state,"publication_state contains ""research target""",research target; no object claim,object or artefact record
ARED-GH-00803,"Eastern Region: Cloth, pattern and social identity — object or artefact record research target 3",publication_state,"publication_state contains ""research target""",research target; no object claim,object or artefact record
ARED-GH-00804,"Eastern Region: Cloth, pattern and social identity — object or artefact record research target 4",publication_state,"publication_state contains ""research target""",research target; no object claim,object or artefact record
ARED-GH-00805,"Eastern Region: Cloth, pattern and social identity — object or artefact record research target 5",publication_state,"publication_state contains ""research target""",research target; no object claim,object or artefact record
ARED-GH-00806,"Eastern Region: Cloth, pattern and social identity — maker or workshop authority record research target 1",publication_state,"publication_state contains ""research target""",research target; no object claim,maker or workshop authority record
ARED-GH-00807,"Eastern Region: Cloth, pattern and social identity — maker or workshop authority record research target 2",publication_state,"publication_state contains ""research target""",research target; no object claim,maker or workshop authority record
ARED-GH-00808,"Eastern Region: Cloth, pattern and social identity — maker or workshop authority record research target 3",publication_state,"publication_state contains ""research target""",research target; no object claim,maker or workshop authority record
ARED-GH-00809,"Eastern Region: Cloth, pattern and social identity — maker or workshop authority record research target 4",publication_state,"publication_state contains ""research target""",research target; no object claim,maker or workshop authority record
ARED-GH-00810,"Eastern Region: Cloth, pattern and social identity — maker or workshop authority record research target 5",publication_state,"publication_state contains ""research target""",research target; no object claim,maker or workshop authority record
ARED-GH-00811,"Eastern Region: Cloth, pattern and social identity — institution or collection record research target 1",publication_state,"publication_state contains ""research target""",research target; no object claim,institution or collection record
ARED-GH-00812,"Eastern Region: Cloth, pattern and social identity — institution or collection record research target 2",publication_state,"publication_state contains ""research target""",research target; no object claim,institution or collection record
ARED-GH-00813,"Eastern Region: Cloth, pattern and social identity — institution or collection record research target 3",publication_state,"publication_state contains ""research target""",research target; no object claim,institution or collection record
ARED-GH-00814,"Eastern Region: Cloth, pattern and social identity — institution or collection record research target 4",publication_state,"publication_state contains ""research target""",research target; no object claim,institution or collection record
ARED-GH-00815,"Eastern Region: Cloth, pattern and social identity — institution or collection record research target 5",publication_state,"publication_state contains ""research target""",research target; no object claim,institution or collection record
ARED-GH-00816,"Eastern Region: Cloth, pattern and social identity — oral-history interview research target 1",publication_state,"publication_state contains ""research target""",research target; no object claim,oral-history interview
ARED-GH-00817,"Eastern Region: Cloth, pattern and social identity — oral-history interview research target 2",publication_state,"publication_state contains ""research target""",research target; no object claim,oral-history interview
ARED-GH-00818,"Eastern Region: Cloth, pattern and social identity — oral-history interview research target 3",publication_state,"publication_state contains ""research target""",research target; no object claim,oral-history interview
ARED-GH-00819,"Eastern Region: Cloth, pattern and social identity — oral-history interview research target 4",publication_state,"publication_state contains ""research target""",research target; no object claim,oral-history interview
ARED-GH-00820,"Eastern Region: Cloth, pattern and social identity — oral-history interview research target 5",publication_state,"publication_state contains ""research target""",research target; no object claim,oral-history interview
ARED-GH-00821,"Eastern Region: Cloth, pattern and social identity — publication or archival source research target 1",publication_state,"publication_state contains ""research target""",research target; no object claim,publication or archival source
ARED-GH-00822,"Eastern Region: Cloth, pattern and social identity — publication or archival source research target 2",publication_state,"publication_state contains ""research target""",research target; no object claim,publication or archival source
ARED-GH-00823,"Eastern Region: Cloth, pattern and social identity — publication or archival source research target 3",publication_state,"publication_state contains ""research target""",research target; no object claim,publication or archival source
ARED-GH-00824,"Eastern Region: Cloth, pattern and social identity — publication or archival source research target 4",publication_state,"publication_state contains ""research target""",research target; no object claim,publication or archival source
ARED-GH-00825,"Eastern Region: Cloth, pattern and social identity — publication or archival source research target 5",publication_state,"publication_state contains ""research target""",research target; no object claim,publication or archival source
ARED-GH-00826,"Eastern Region: Print, colonial rule and public culture — object or artefact record research target 1",publication_state,"publication_state contains ""research target""",research target; no object claim,object or artefact record
ARED-GH-00827,"Eastern Region: Print, colonial rule and public culture — object or artefact record research target 2",publication_state,"publication_state contains ""research target""",research target; no object claim,object or artefact record
ARED-GH-00828,"Eastern Region: Print, colonial rule and public culture — object or artefact record research target 3",publication_state,"publication_state contains ""research target""",research target; no object claim,object or artefact record
ARED-GH-00829,"Eastern Region: Print, colonial rule and public culture — object or artefact record research target 4",publication_state,"publication_state contains ""research target""",research target; no object claim,object or artefact record
ARED-GH-00830,"Eastern Region: Print, colonial rule and public culture — object or artefact record research target 5",publication_state,"publication_state contains ""research target""",research target; no object claim,object or artefact record
ARED-GH-00831,"Eastern Region: Print, colonial rule and public culture — maker or workshop authority record research target 1",publication_state,"publication_state contains ""research target""",research target; no object claim,maker or workshop authority record
ARED-GH-00832,"Eastern Region: Print, colonial rule and public culture — maker or workshop authority record research target 2",publication_state,"publication_state contains ""research target""",research target; no object claim,maker or workshop authority record
ARED-GH-00833,"Eastern Region: Print, colonial rule and public culture — maker or workshop authority record research target 3",publication_state,"publication_state contains ""research target""",research target; no object claim,maker or workshop authority record
ARED-GH-00834,"Eastern Region: Print, colonial rule and public culture — maker or workshop authority record research target 4",publication_state,"publication_state contains ""research target""",research target; no object claim,maker or workshop authority record
ARED-GH-00835,"Eastern Region: Print, colonial rule and public culture — maker or workshop authority record research target 5",publication_state,"publication_state contains ""research target""",research target; no object claim,maker or workshop authority record
ARED-GH-00836,"Eastern Region: Print, colonial rule and public culture — institution or collection record research target 1",publication_state,"publication_state contains ""research target""",research target; no object claim,institution or collection record
ARED-GH-00837,"Eastern Region: Print, colonial rule and public culture — institution or collection record research target 2",publication_state,"publication_state contains ""research target""",research target; no object claim,institution or collection record
ARED-GH-00838,"Eastern Region: Print, colonial rule and public culture — institution or collection record research target 3",publication_state,"publication_state contains ""research target""",research target; no object claim,institution or collection record
ARED-GH-00839,"Eastern Region: Print, colonial rule and public culture — institution or collection record research target 4",publication_state,"publication_state contains ""research target""",research target; no object claim,institution or collection record
ARED-GH-00840,"Eastern Region: Print, colonial rule and public culture — institution or collection record research target 5",publication_state,"publication_state contains ""research target""",research target; no object claim,institution or collection record
ARED-GH-00841,"Eastern Region: Print, colonial rule and public culture — oral-history interview research target 1",publication_state,"publication_state contains ""research target""",research target; no object claim,oral-history interview
ARED-GH-00842,"Eastern Region: Print, colonial rule and public culture — oral-history interview research target 2",publication_state,"publication_state contains ""research target""",research target; no object claim,oral-history interview
ARED-GH-00843,"Eastern Region: Print, colonial rule and public culture — oral-history interview research target 3",publication_state,"publication_state contains ""research target""",research target; no object claim,oral-history interview
ARED-GH-00844,"Eastern Region: Print, colonial rule and public culture — oral-history interview research target 4",publication_state,"publication_state contains ""research target""",research target; no object claim,oral-history interview
ARED-GH-00845,"Eastern Region: Print, colonial rule and public culture — oral-history interview research target 5",publication_state,"publication_state contains ""research target""",research target; no object claim,oral-history interview
ARED-GH-00846,"Eastern Region: Print, colonial rule and public culture — publication or archival source research target 1",publication_state,"publication_state contains ""research target""",research target; no object claim,publication or archival source
ARED-GH-00847,"Eastern Region: Print, colonial rule and public culture — publication or archival source research target 2",publication_state,"publication_state contains ""research target""",research target; no object claim,publication or archival source
ARED-GH-00848,"Eastern Region: Print, colonial rule and public culture — publication or archival source research target 3",publication_state,"publication_state contains ""research target""",research target; no object claim,publication or archival source
ARED-GH-00849,"Eastern Region: Print, colonial rule and public culture — publication or archival source research target 4",publication_state,"publication_state contains ""research target""",research target; no object claim,publication or archival source
ARED-GH-00850,"Eastern Region: Print, colonial rule and public culture — publication or archival source research target 5",publication_state,"publication_state contains ""research target""",research target; no object claim,publication or archival source
ARED-GH-00851,Eastern Region: Independence and state visual identity — object or artefact record research target 1,publication_state,"publication_state contains ""research target""",research target; no object claim,object or artefact record
ARED-GH-00852,Eastern Region: Independence and state visual identity — object or artefact record research target 2,publication_state,"publication_state contains ""research target""",research target; no object claim,object or artefact record
ARED-GH-00853,Eastern Region: Independence and state visual identity — object or artefact record research target 3,publication_state,"publication_state contains ""research target""",research target; no object claim,object or artefact record
ARED-GH-00854,Eastern Region: Independence and state visual identity — object or artefact record research target 4,publication_state,"publication_state contains ""research target""",research target; no object claim,object or artefact record
ARED-GH-00855,Eastern Region: Independence and state visual identity — object or artefact record research target 5,publication_state,"publication_state contains ""research target""",research target; no object claim,object or artefact record
ARED-GH-00856,Eastern Region: Independence and state visual identity — maker or workshop authority record research target 1,publication_state,"publication_state contains ""research target""",research target; no object claim,maker or workshop authority record
ARED-GH-00857,Eastern Region: Independence and state visual identity — maker or workshop authority record research target 2,publication_state,"publication_state contains ""research target""",research target; no object claim,maker or workshop authority record
ARED-GH-00858,Eastern Region: Independence and state visual identity — maker or workshop authority record research target 3,publication_state,"publication_state contains ""research target""",research target; no object claim,maker or workshop authority record
ARED-GH-00859,Eastern Region: Independence and state visual identity — maker or workshop authority record research target 4,publication_state,"publication_state contains ""research target""",research target; no object claim,maker or workshop authority record
ARED-GH-00860,Eastern Region: Independence and state visual identity — maker or workshop authority record research target 5,publication_state,"publication_state contains ""research target""",research target; no object claim,maker or workshop authority record
ARED-GH-00861,Eastern Region: Independence and state visual identity — institution or collection record research target 1,publication_state,"publication_state contains ""research target""",research target; no object claim,institution or collection record
ARED-GH-00862,Eastern Region: Independence and state visual identity — institution or collection record research target 2,publication_state,"publication_state contains ""research target""",research target; no object claim,institution or collection record
ARED-GH-00863,Eastern Region: Independence and state visual identity — institution or collection record research target 3,publication_state,"publication_state contains ""research target""",research target; no object claim,institution or collection record
ARED-GH-00864,Eastern Region: Independence and state visual identity — institution or collection record research target 4,publication_state,"publication_state contains ""research target""",research target; no object claim,institution or collection record
ARED-GH-00865,Eastern Region: Independence and state visual identity — institution or collection record research target 5,publication_state,"publication_state contains ""research target""",research target; no object claim,institution or collection record
ARED-GH-00866,Eastern Region: Independence and state visual identity — oral-history interview research target 1,publication_state,"publication_state contains ""research target""",research target; no object claim,oral-history interview
ARED-GH-00867,Eastern Region: Independence and state visual identity — oral-history interview research target 2,publication_state,"publication_state contains ""research target""",research target; no object claim,oral-history interview
ARED-GH-00868,Eastern Region: Independence and state visual identity — oral-history interview research target 3,publication_state,"publication_state contains ""research target""",research target; no object claim,oral-history interview
ARED-GH-00869,Eastern Region: Independence and state visual identity — oral-history interview research target 4,publication_state,"publication_state contains ""research target""",research target; no object claim,oral-history interview
ARED-GH-00870,Eastern Region: Independence and state visual identity — oral-history interview research target 5,publication_state,"publication_state contains ""research target""",research target; no object claim,oral-history interview
ARED-GH-00871,Eastern Region: Independence and state visual identity — publication or archival source research target 1,publication_state,"publication_state contains ""research target""",research target; no object claim,publication or archival source
ARED-GH-00872,Eastern Region: Independence and state visual identity — publication or archival source research target 2,publication_state,"publication_state contains ""research target""",research target; no object claim,publication or archival source
ARED-GH-00873,Eastern Region: Independence and state visual identity — publication or archival source research target 3,publication_state,"publication_state contains ""research target""",research target; no object claim,publication or archival source
ARED-GH-00874,Eastern Region: Independence and state visual identity — publication or archival source research target 4,publication_state,"publication_state contains ""research target""",research target; no object claim,publication or archival source
ARED-GH-00875,Eastern Region: Independence and state visual identity — publication or archival source research target 5,publication_state,"publication_state contains ""research target""",research target; no object claim,publication or archival source
ARED-GH-00876,Eastern Region: Popular and everyday graphics — object or artefact record research target 1,publication_state,"publication_state contains ""research target""",research target; no object claim,object or artefact record
ARED-GH-00877,Eastern Region: Popular and everyday graphics — object or artefact record research target 2,publication_state,"publication_state contains ""research target""",research target; no object claim,object or artefact record
ARED-GH-00878,Eastern Region: Popular and everyday graphics — object or artefact record research target 3,publication_state,"publication_state contains ""research target""",research target; no object claim,object or artefact record
ARED-GH-00879,Eastern Region: Popular and everyday graphics — object or artefact record research target 4,publication_state,"publication_state contains ""research target""",research target; no object claim,object or artefact record
ARED-GH-00880,Eastern Region: Popular and everyday graphics — object or artefact record research target 5,publication_state,"publication_state contains ""research target""",research target; no object claim,object or artefact record
ARED-GH-00881,Eastern Region: Popular and everyday graphics — maker or workshop authority record research target 1,publication_state,"publication_state contains ""research target""",research target; no object claim,maker or workshop authority record
ARED-GH-00882,Eastern Region: Popular and everyday graphics — maker or workshop authority record research target 2,publication_state,"publication_state contains ""research target""",research target; no object claim,maker or workshop authority record
ARED-GH-00883,Eastern Region: Popular and everyday graphics — maker or workshop authority record research target 3,publication_state,"publication_state contains ""research target""",research target; no object claim,maker or workshop authority record
ARED-GH-00884,Eastern Region: Popular and everyday graphics — maker or workshop authority record research target 4,publication_state,"publication_state contains ""research target""",research target; no object claim,maker or workshop authority record
ARED-GH-00885,Eastern Region: Popular and everyday graphics — maker or workshop authority record research target 5,publication_state,"publication_state contains ""research target""",research target; no object claim,maker or workshop authority record
ARED-GH-00886,Eastern Region: Popular and everyday graphics — institution or collection record research target 1,publication_state,"publication_state contains ""research target""",research target; no object claim,institution or collection record
ARED-GH-00887,Eastern Region: Popular and everyday graphics — institution or collection record research target 2,publication_state,"publication_state contains ""research target""",research target; no object claim,institution or collection record
ARED-GH-00888,Eastern Region: Popular and everyday graphics — institution or collection record research target 3,publication_state,"publication_state contains ""research target""",research target; no object claim,institution or collection record
ARED-GH-00889,Eastern Region: Popular and everyday graphics — institution or collection record research target 4,publication_state,"publication_state contains ""research target""",research target; no object claim,institution or collection record
ARED-GH-00890,Eastern Region: Popular and everyday graphics — institution or collection record research target 5,publication_state,"publication_state contains ""research target""",research target; no object claim,institution or collection record
ARED-GH-00891,Eastern Region: Popular and everyday graphics — oral-history interview research target 1,publication_state,"publication_state contains ""research target""",research target; no object claim,oral-history interview
ARED-GH-00892,Eastern Region: Popular and everyday graphics — oral-history interview research target 2,publication_state,"publication_state contains ""research target""",research target; no object claim,oral-history interview
ARED-GH-00893,Eastern Region: Popular and everyday graphics — oral-history interview research target 3,publication_state,"publication_state contains ""research target""",research target; no object claim,oral-history interview
ARED-GH-00894,Eastern Region: Popular and everyday graphics — oral-history interview research target 4,publication_state,"publication_state contains ""research target""",research target; no object claim,oral-history interview
ARED-GH-00895,Eastern Region: Popular and everyday graphics — oral-history interview research target 5,publication_state,"publication_state contains ""research target""",research target; no object claim,oral-history interview
ARED-GH-00896,Eastern Region: Popular and everyday graphics — publication or archival source research target 1,publication_state,"publication_state contains ""research target""",research target; no object claim,publication or archival source
ARED-GH-00897,Eastern Region: Popular and everyday graphics — publication or archival source research target 2,publication_state,"publication_state contains ""research target""",research target; no object claim,publication or archival source
ARED-GH-00898,Eastern Region: Popular and everyday graphics — publication or archival source research target 3,publication_state,"publication_state contains ""research target""",research target; no object claim,publication or archival source
ARED-GH-00899,Eastern Region: Popular and everyday graphics — publication or archival source research target 4,publication_state,"publication_state contains ""research target""",research target; no object claim,publication or archival source
ARED-GH-00900,Eastern Region: Popular and everyday graphics — publication or archival source research target 5,publication_state,"publication_state contains ""research target""",research target; no object claim,publication or archival source
ARED-GH-00901,"Eastern Region: Digital, diasporic and contemporary design — object or artefact record research target 1",publication_state,"publication_state contains ""research target""",research target; no object claim,object or artefact record
ARED-GH-00902,"Eastern Region: Digital, diasporic and contemporary design — object or artefact record research target 2",publication_state,"publication_state contains ""research target""",research target; no object claim,object or artefact record
ARED-GH-00903,"Eastern Region: Digital, diasporic and contemporary design — object or artefact record research target 3",publication_state,"publication_state contains ""research target""",research target; no object claim,object or artefact record
ARED-GH-00904,"Eastern Region: Digital, diasporic and contemporary design — object or artefact record research target 4",publication_state,"publication_state contains ""research target""",research target; no object claim,object or artefact record
ARED-GH-00905,"Eastern Region: Digital, diasporic and contemporary design — object or artefact record research target 5",publication_state,"publication_state contains ""research target""",research target; no object claim,object or artefact record
ARED-GH-00906,"Eastern Region: Digital, diasporic and contemporary design — maker or workshop authority record research target 1",publication_state,"publication_state contains ""research target""",research target; no object claim,maker or workshop authority record
ARED-GH-00907,"Eastern Region: Digital, diasporic and contemporary design — maker or workshop authority record research target 2",publication_state,"publication_state contains ""research target""",research target; no object claim,maker or workshop authority record
ARED-GH-00908,"Eastern Region: Digital, diasporic and contemporary design — maker or workshop authority record research target 3",publication_state,"publication_state contains ""research target""",research target; no object claim,maker or workshop authority record
ARED-GH-00909,"Eastern Region: Digital, diasporic and contemporary design — maker or workshop authority record research target 4",publication_state,"publication_state contains ""research target""",research target; no object claim,maker or workshop authority record
ARED-GH-00910,"Eastern Region: Digital, diasporic and contemporary design — maker or workshop authority record research target 5",publication_state,"publication_state contains ""research target""",research target; no object claim,maker or workshop authority record
ARED-GH-00911,"Eastern Region: Digital, diasporic and contemporary design — institution or collection record research target 1",publication_state,"publication_state contains ""research target""",research target; no object claim,institution or collection record
ARED-GH-00912,"Eastern Region: Digital, diasporic and contemporary design — institution or collection record research target 2",publication_state,"publication_state contains ""research target""",research target; no object claim,institution or collection record
ARED-GH-00913,"Eastern Region: Digital, diasporic and contemporary design — institution or collection record research target 3",publication_state,"publication_state contains ""research target""",research target; no object claim,institution or collection record
ARED-GH-00914,"Eastern Region: Digital, diasporic and contemporary design — institution or collection record research target 4",publication_state,"publication_state contains ""research target""",research target; no object claim,institution or collection record
ARED-GH-00915,"Eastern Region: Digital, diasporic and contemporary design — institution or collection record research target 5",publication_state,"publication_state contains ""research target""",research target; no object claim,institution or collection record
ARED-GH-00916,"Eastern Region: Digital, diasporic and contemporary design — oral-history interview research target 1",publication_state,"publication_state contains ""research target""",research target; no object claim,oral-history interview
ARED-GH-00917,"Eastern Region: Digital, diasporic and contemporary design — oral-history interview research target 2",publication_state,"publication_state contains ""research target""",research target; no object claim,oral-history interview
ARED-GH-00918,"Eastern Region: Digital, diasporic and contemporary design — oral-history interview research target 3",publication_state,"publication_state contains ""research target""",research target; no object claim,oral-history interview
ARED-GH-00919,"Eastern Region: Digital, diasporic and contemporary design — oral-history interview research target 4",publication_state,"publication_state contains ""research target""",research target; no object claim,oral-history interview
ARED-GH-00920,"Eastern Region: Digital, diasporic and contemporary design — oral-history interview research target 5",publication_state,"publication_state contains ""research target""",research target; no object claim,oral-history interview
ARED-GH-00921,"Eastern Region: Digital, diasporic and contemporary design — publication or archival source research target 1",publication_state,"publication_state contains ""research target""",research target; no object claim,publication or archival source
ARED-GH-00922,"Eastern Region: Digital, diasporic and contemporary design — publication or archival source research target 2",publication_state,"publication_state contains ""research target""",research target; no object claim,publication or archival source
ARED-GH-00923,"Eastern Region: Digital, diasporic and contemporary design — publication or archival source research target 3",publication_state,"publication_state contains ""research target""",research target; no object claim,publication or archival source
ARED-GH-00924,"Eastern Region: Digital, diasporic and contemporary design — publication or archival source research target 4",publication_state,"publication_state contains ""research target""",research target; no object claim,publication or archival source
ARED-GH-00925,"Eastern Region: Digital, diasporic and contemporary design — publication or archival source research target 5",publication_state,"publication_state contains ""research target""",research target; no object claim,publication or archival source
ARED-GH-00926,"Volta Region: Land, cosmology and authority — object or artefact record research target 1",publication_state,"publication_state contains ""research target""",research target; no object claim,object or artefact record
ARED-GH-00927,"Volta Region: Land, cosmology and authority — object or artefact record research target 2",publication_state,"publication_state contains ""research target""",research target; no object claim,object or artefact record
ARED-GH-00928,"Volta Region: Land, cosmology and authority — object or artefact record research target 3",publication_state,"publication_state contains ""research target""",research target; no object claim,object or artefact record
ARED-GH-00929,"Volta Region: Land, cosmology and authority — object or artefact record research target 4",publication_state,"publication_state contains ""research target""",research target; no object claim,object or artefact record
ARED-GH-00930,"Volta Region: Land, cosmology and authority — object or artefact record research target 5",publication_state,"publication_state contains ""research target""",research target; no object claim,object or artefact record
ARED-GH-00931,"Volta Region: Land, cosmology and authority — maker or workshop authority record research target 1",publication_state,"publication_state contains ""research target""",research target; no object claim,maker or workshop authority record
ARED-GH-00932,"Volta Region: Land, cosmology and authority — maker or workshop authority record research target 2",publication_state,"publication_state contains ""research target""",research target; no object claim,maker or workshop authority record
ARED-GH-00933,"Volta Region: Land, cosmology and authority — maker or workshop authority record research target 3",publication_state,"publication_state contains ""research target""",research target; no object claim,maker or workshop authority record
ARED-GH-00934,"Volta Region: Land, cosmology and authority — maker or workshop authority record research target 4",publication_state,"publication_state contains ""research target""",research target; no object claim,maker or workshop authority record
ARED-GH-00935,"Volta Region: Land, cosmology and authority — maker or workshop authority record research target 5",publication_state,"publication_state contains ""research target""",research target; no object claim,maker or workshop authority record
ARED-GH-00936,"Volta Region: Land, cosmology and authority — institution or collection record research target 1",publication_state,"publication_state contains ""research target""",research target; no object claim,institution or collection record
ARED-GH-00937,"Volta Region: Land, cosmology and authority — institution or collection record research target 2",publication_state,"publication_state contains ""research target""",research target; no object claim,institution or collection record
ARED-GH-00938,"Volta Region: Land, cosmology and authority — institution or collection record research target 3",publication_state,"publication_state contains ""research target""",research target; no object claim,institution or collection record
ARED-GH-00939,"Volta Region: Land, cosmology and authority — institution or collection record research target 4",publication_state,"publication_state contains ""research target""",research target; no object claim,institution or collection record
ARED-GH-00940,"Volta Region: Land, cosmology and authority — institution or collection record research target 5",publication_state,"publication_state contains ""research target""",research target; no object claim,institution or collection record
ARED-GH-00941,"Volta Region: Land, cosmology and authority — oral-history interview research target 1",publication_state,"publication_state contains ""research target""",research target; no object claim,oral-history interview
ARED-GH-00942,"Volta Region: Land, cosmology and authority — oral-history interview research target 2",publication_state,"publication_state contains ""research target""",research target; no object claim,oral-history interview
ARED-GH-00943,"Volta Region: Land, cosmology and authority — oral-history interview research target 3",publication_state,"publication_state contains ""research target""",research target; no object claim,oral-history interview
ARED-GH-00944,"Volta Region: Land, cosmology and authority — oral-history interview research target 4",publication_state,"publication_state contains ""research target""",research target; no object claim,oral-history interview
ARED-GH-00945,"Volta Region: Land, cosmology and authority — oral-history interview research target 5",publication_state,"publication_state contains ""research target""",research target; no object claim,oral-history interview
ARED-GH-00946,"Volta Region: Land, cosmology and authority — publication or archival source research target 1",publication_state,"publication_state contains ""research target""",research target; no object claim,publication or archival source
ARED-GH-00947,"Volta Region: Land, cosmology and authority — publication or archival source research target 2",publication_state,"publication_state contains ""research target""",research target; no object claim,publication or archival source
ARED-GH-00948,"Volta Region: Land, cosmology and authority — publication or archival source research target 3",publication_state,"publication_state contains ""research target""",research target; no object claim,publication or archival source
ARED-GH-00949,"Volta Region: Land, cosmology and authority — publication or archival source research target 4",publication_state,"publication_state contains ""research target""",research target; no object claim,publication or archival source
ARED-GH-00950,"Volta Region: Land, cosmology and authority — publication or archival source research target 5",publication_state,"publication_state contains ""research target""",research target; no object claim,publication or archival source
ARED-GH-00951,"Volta Region: Memory, proverb and performance — object or artefact record research target 1",publication_state,"publication_state contains ""research target""",research target; no object claim,object or artefact record
ARED-GH-00952,"Volta Region: Memory, proverb and performance — object or artefact record research target 2",publication_state,"publication_state contains ""research target""",research target; no object claim,object or artefact record
ARED-GH-00953,"Volta Region: Memory, proverb and performance — object or artefact record research target 3",publication_state,"publication_state contains ""research target""",research target; no object claim,object or artefact record
ARED-GH-00954,"Volta Region: Memory, proverb and performance — object or artefact record research target 4",publication_state,"publication_state contains ""research target""",research target; no object claim,object or artefact record
ARED-GH-00955,"Volta Region: Memory, proverb and performance — object or artefact record research target 5",publication_state,"publication_state contains ""research target""",research target; no object claim,object or artefact record
ARED-GH-00956,"Volta Region: Memory, proverb and performance — maker or workshop authority record research target 1",publication_state,"publication_state contains ""research target""",research target; no object claim,maker or workshop authority record
ARED-GH-00957,"Volta Region: Memory, proverb and performance — maker or workshop authority record research target 2",publication_state,"publication_state contains ""research target""",research target; no object claim,maker or workshop authority record
ARED-GH-00958,"Volta Region: Memory, proverb and performance — maker or workshop authority record research target 3",publication_state,"publication_state contains ""research target""",research target; no object claim,maker or workshop authority record
ARED-GH-00959,"Volta Region: Memory, proverb and performance — maker or workshop authority record research target 4",publication_state,"publication_state contains ""research target""",research target; no object claim,maker or workshop authority record
ARED-GH-00960,"Volta Region: Memory, proverb and performance — maker or workshop authority record research target 5",publication_state,"publication_state contains ""research target""",research target; no object claim,maker or workshop authority record
ARED-GH-00961,"Volta Region: Memory, proverb and performance — institution or collection record research target 1",publication_state,"publication_state contains ""research target""",research target; no object claim,institution or collection record
ARED-GH-00962,"Volta Region: Memory, proverb and performance — institution or collection record research target 2",publication_state,"publication_state contains ""research target""",research target; no object claim,institution or collection record
ARED-GH-00963,"Volta Region: Memory, proverb and performance — institution or collection record research target 3",publication_state,"publication_state contains ""research target""",research target; no object claim,institution or collection record
ARED-GH-00964,"Volta Region: Memory, proverb and performance — institution or collection record research target 4",publication_state,"publication_state contains ""research target""",research target; no object claim,institution or collection record
ARED-GH-00965,"Volta Region: Memory, proverb and performance — institution or collection record research target 5",publication_state,"publication_state contains ""research target""",research target; no object claim,institution or collection record
ARED-GH-00966,"Volta Region: Memory, proverb and performance — oral-history interview research target 1",publication_state,"publication_state contains ""research target""",research target; no object claim,oral-history interview
ARED-GH-00967,"Volta Region: Memory, proverb and performance — oral-history interview research target 2",publication_state,"publication_state contains ""research target""",research target; no object claim,oral-history interview
ARED-GH-00968,"Volta Region: Memory, proverb and performance — oral-history interview research target 3",publication_state,"publication_state contains ""research target""",research target; no object claim,oral-history interview
ARED-GH-00969,"Volta Region: Memory, proverb and performance — oral-history interview research target 4",publication_state,"publication_state contains ""research target""",research target; no object claim,oral-history interview
ARED-GH-00970,"Volta Region: Memory, proverb and performance — oral-history interview research target 5",publication_state,"publication_state contains ""research target""",research target; no object claim,oral-history interview
ARED-GH-00971,"Volta Region: Memory, proverb and performance — publication or archival source research target 1",publication_state,"publication_state contains ""research target""",research target; no object claim,publication or archival source
ARED-GH-00972,"Volta Region: Memory, proverb and performance — publication or archival source research target 2",publication_state,"publication_state contains ""research target""",research target; no object claim,publication or archival source
ARED-GH-00973,"Volta Region: Memory, proverb and performance — publication or archival source research target 3",publication_state,"publication_state contains ""research target""",research target; no object claim,publication or archival source
ARED-GH-00974,"Volta Region: Memory, proverb and performance — publication or archival source research target 4",publication_state,"publication_state contains ""research target""",research target; no object claim,publication or archival source
ARED-GH-00975,"Volta Region: Memory, proverb and performance — publication or archival source research target 5",publication_state,"publication_state contains ""research target""",research target; no object claim,publication or archival source
ARED-GH-00976,"Volta Region: Cloth, pattern and social identity — object or artefact record research target 1",publication_state,"publication_state contains ""research target""",research target; no object claim,object or artefact record
ARED-GH-00977,"Volta Region: Cloth, pattern and social identity — object or artefact record research target 2",publication_state,"publication_state contains ""research target""",research target; no object claim,object or artefact record
ARED-GH-00978,"Volta Region: Cloth, pattern and social identity — object or artefact record research target 3",publication_state,"publication_state contains ""research target""",research target; no object claim,object or artefact record
ARED-GH-00979,"Volta Region: Cloth, pattern and social identity — object or artefact record research target 4",publication_state,"publication_state contains ""research target""",research target; no object claim,object or artefact record
ARED-GH-00980,"Volta Region: Cloth, pattern and social identity — object or artefact record research target 5",publication_state,"publication_state contains ""research target""",research target; no object claim,object or artefact record
ARED-GH-00981,"Volta Region: Cloth, pattern and social identity — maker or workshop authority record research target 1",publication_state,"publication_state contains ""research target""",research target; no object claim,maker or workshop authority record
ARED-GH-00982,"Volta Region: Cloth, pattern and social identity — maker or workshop authority record research target 2",publication_state,"publication_state contains ""research target""",research target; no object claim,maker or workshop authority record
ARED-GH-00983,"Volta Region: Cloth, pattern and social identity — maker or workshop authority record research target 3",publication_state,"publication_state contains ""research target""",research target; no object claim,maker or workshop authority record
ARED-GH-00984,"Volta Region: Cloth, pattern and social identity — maker or workshop authority record research target 4",publication_state,"publication_state contains ""research target""",research target; no object claim,maker or workshop authority record
ARED-GH-00985,"Volta Region: Cloth, pattern and social identity — maker or workshop authority record research target 5",publication_state,"publication_state contains ""research target""",research target; no object claim,maker or workshop authority record
ARED-GH-00986,"Volta Region: Cloth, pattern and social identity — institution or collection record research target 1",publication_state,"publication_state contains ""research target""",research target; no object claim,institution or collection record
ARED-GH-00987,"Volta Region: Cloth, pattern and social identity — institution or collection record research target 2",publication_state,"publication_state contains ""research target""",research target; no object claim,institution or collection record
ARED-GH-00988,"Volta Region: Cloth, pattern and social identity — institution or collection record research target 3",publication_state,"publication_state contains ""research target""",research target; no object claim,institution or collection record
ARED-GH-00989,"Volta Region: Cloth, pattern and social identity — institution or collection record research target 4",publication_state,"publication_state contains ""research target""",research target; no object claim,institution or collection record
ARED-GH-00990,"Volta Region: Cloth, pattern and social identity — institution or collection record research target 5",publication_state,"publication_state contains ""research target""",research target; no object claim,institution or collection record
ARED-GH-00991,"Volta Region: Cloth, pattern and social identity — oral-history interview research target 1",publication_state,"publication_state contains ""research target""",research target; no object claim,oral-history interview
ARED-GH-00992,"Volta Region: Cloth, pattern and social identity — oral-history interview research target 2",publication_state,"publication_state contains ""research target""",research target; no object claim,oral-history interview
ARED-GH-00993,"Volta Region: Cloth, pattern and social identity — oral-history interview research target 3",publication_state,"publication_state contains ""research target""",research target; no object claim,oral-history interview
ARED-GH-00994,"Volta Region: Cloth, pattern and social identity — oral-history interview research target 4",publication_state,"publication_state contains ""research target""",research target; no object claim,oral-history interview
ARED-GH-00995,"Volta Region: Cloth, pattern and social identity — oral-history interview research target 5",publication_state,"publication_state contains ""research target""",research target; no object claim,oral-history interview
ARED-GH-00996,"Volta Region: Cloth, pattern and social identity — publication or archival source research target 1",publication_state,"publication_state contains ""research target""",research target; no object claim,publication or archival source
ARED-GH-00997,"Volta Region: Cloth, pattern and social identity — publication or archival source research target 2",publication_state,"publication_state contains ""research target""",research target; no object claim,publication or archival source
ARED-GH-00998,"Volta Region: Cloth, pattern and social identity — publication or archival source research target 3",publication_state,"publication_state contains ""research target""",research target; no object claim,publication or archival source
ARED-GH-00999,"Volta Region: Cloth, pattern and social identity — publication or archival source research target 4",publication_state,"publication_state contains ""research target""",research target; no object claim,publication or archival source
ARED-GH-01000,"Volta Region: Cloth, pattern and social identity — publication or archival source research target 5",publication_state,"publication_state contains ""research target""",research target; no object claim,publication or archival source
ARED-GH-01001,"Volta Region: Print, colonial rule and public culture — object or artefact record research target 1",publication_state,"publication_state contains ""research target""",research target; no object claim,object or artefact record
ARED-GH-01002,"Volta Region: Print, colonial rule and public culture — object or artefact record research target 2",publication_state,"publication_state contains ""research target""",research target; no object claim,object or artefact record
ARED-GH-01003,"Volta Region: Print, colonial rule and public culture — object or artefact record research target 3",publication_state,"publication_state contains ""research target""",research target; no object claim,object or artefact record
ARED-GH-01004,"Volta Region: Print, colonial rule and public culture — object or artefact record research target 4",publication_state,"publication_state contains ""research target""",research target; no object claim,object or artefact record
ARED-GH-01005,"Volta Region: Print, colonial rule and public culture — object or artefact record research target 5",publication_state,"publication_state contains ""research target""",research target; no object claim,object or artefact record
ARED-GH-01006,"Volta Region: Print, colonial rule and public culture — maker or workshop authority record research target 1",publication_state,"publication_state contains ""research target""",research target; no object claim,maker or workshop authority record
ARED-GH-01007,"Volta Region: Print, colonial rule and public culture — maker or workshop authority record research target 2",publication_state,"publication_state contains ""research target""",research target; no object claim,maker or workshop authority record
ARED-GH-01008,"Volta Region: Print, colonial rule and public culture — maker or workshop authority record research target 3",publication_state,"publication_state contains ""research target""",research target; no object claim,maker or workshop authority record
ARED-GH-01009,"Volta Region: Print, colonial rule and public culture — maker or workshop authority record research target 4",publication_state,"publication_state contains ""research target""",research target; no object claim,maker or workshop authority record
ARED-GH-01010,"Volta Region: Print, colonial rule and public culture — maker or workshop authority record research target 5",publication_state,"publication_state contains ""research target""",research target; no object claim,maker or workshop authority record
ARED-GH-01011,"Volta Region: Print, colonial rule and public culture — institution or collection record research target 1",publication_state,"publication_state contains ""research target""",research target; no object claim,institution or collection record
ARED-GH-01012,"Volta Region: Print, colonial rule and public culture — institution or collection record research target 2",publication_state,"publication_state contains ""research target""",research target; no object claim,institution or collection record
ARED-GH-01013,"Volta Region: Print, colonial rule and public culture — institution or collection record research target 3",publication_state,"publication_state contains ""research target""",research target; no object claim,institution or collection record
ARED-GH-01014,"Volta Region: Print, colonial rule and public culture — institution or collection record research target 4",publication_state,"publication_state contains ""research target""",research target; no object claim,institution or collection record
ARED-GH-01015,"Volta Region: Print, colonial rule and public culture — institution or collection record research target 5",publication_state,"publication_state contains ""research target""",research target; no object claim,institution or collection record
ARED-GH-01016,"Volta Region: Print, colonial rule and public culture — oral-history interview research target 1",publication_state,"publication_state contains ""research target""",research target; no object claim,oral-history interview
ARED-GH-01017,"Volta Region: Print, colonial rule and public culture — oral-history interview research target 2",publication_state,"publication_state contains ""research target""",research target; no object claim,oral-history interview
ARED-GH-01018,"Volta Region: Print, colonial rule and public culture — oral-history interview research target 3",publication_state,"publication_state contains ""research target""",research target; no object claim,oral-history interview
ARED-GH-01019,"Volta Region: Print, colonial rule and public culture — oral-history interview research target 4",publication_state,"publication_state contains ""research target""",research target; no object claim,oral-history interview
ARED-GH-01020,"Volta Region: Print, colonial rule and public culture — oral-history interview research target 5",publication_state,"publication_state contains ""research target""",research target; no object claim,oral-history interview
ARED-GH-01021,"Volta Region: Print, colonial rule and public culture — publication or archival source research target 1",publication_state,"publication_state contains ""research target""",research target; no object claim,publication or archival source
ARED-GH-01022,"Volta Region: Print, colonial rule and public culture — publication or archival source research target 2",publication_state,"publication_state contains ""research target""",research target; no object claim,publication or archival source
ARED-GH-01023,"Volta Region: Print, colonial rule and public culture — publication or archival source research target 3",publication_state,"publication_state contains ""research target""",research target; no object claim,publication or archival source
ARED-GH-01024,"Volta Region: Print, colonial rule and public culture — publication or archival source research target 4",publication_state,"publication_state contains ""research target""",research target; no object claim,publication or archival source
ARED-GH-01025,"Volta Region: Print, colonial rule and public culture — publication or archival source research target 5",publication_state,"publication_state contains ""research target""",research target; no object claim,publication or archival source
ARED-GH-01026,Volta Region: Independence and state visual identity — object or artefact record research target 1,publication_state,"publication_state contains ""research target""",research target; no object claim,object or artefact record
ARED-GH-01027,Volta Region: Independence and state visual identity — object or artefact record research target 2,publication_state,"publication_state contains ""research target""",research target; no object claim,object or artefact record
ARED-GH-01028,Volta Region: Independence and state visual identity — object or artefact record research target 3,publication_state,"publication_state contains ""research target""",research target; no object claim,object or artefact record
ARED-GH-01029,Volta Region: Independence and state visual identity — object or artefact record research target 4,publication_state,"publication_state contains ""research target""",research target; no object claim,object or artefact record
ARED-GH-01030,Volta Region: Independence and state visual identity — object or artefact record research target 5,publication_state,"publication_state contains ""research target""",research target; no object claim,object or artefact record
ARED-GH-01031,Volta Region: Independence and state visual identity — maker or workshop authority record research target 1,publication_state,"publication_state contains ""research target""",research target; no object claim,maker or workshop authority record
ARED-GH-01032,Volta Region: Independence and state visual identity — maker or workshop authority record research target 2,publication_state,"publication_state contains ""research target""",research target; no object claim,maker or workshop authority record
ARED-GH-01033,Volta Region: Independence and state visual identity — maker or workshop authority record research target 3,publication_state,"publication_state contains ""research target""",research target; no object claim,maker or workshop authority record
ARED-GH-01034,Volta Region: Independence and state visual identity — maker or workshop authority record research target 4,publication_state,"publication_state contains ""research target""",research target; no object claim,maker or workshop authority record
ARED-GH-01035,Volta Region: Independence and state visual identity — maker or workshop authority record research target 5,publication_state,"publication_state contains ""research target""",research target; no object claim,maker or workshop authority record
ARED-GH-01036,Volta Region: Independence and state visual identity — institution or collection record research target 1,publication_state,"publication_state contains ""research target""",research target; no object claim,institution or collection record
ARED-GH-01037,Volta Region: Independence and state visual identity — institution or collection record research target 2,publication_state,"publication_state contains ""research target""",research target; no object claim,institution or collection record
ARED-GH-01038,Volta Region: Independence and state visual identity — institution or collection record research target 3,publication_state,"publication_state contains ""research target""",research target; no object claim,institution or collection record
ARED-GH-01039,Volta Region: Independence and state visual identity — institution or collection record research target 4,publication_state,"publication_state contains ""research target""",research target; no object claim,institution or collection record
ARED-GH-01040,Volta Region: Independence and state visual identity — institution or collection record research target 5,publication_state,"publication_state contains ""research target""",research target; no object claim,institution or collection record
ARED-GH-01041,Volta Region: Independence and state visual identity — oral-history interview research target 1,publication_state,"publication_state contains ""research target""",research target; no object claim,oral-history interview
ARED-GH-01042,Volta Region: Independence and state visual identity — oral-history interview research target 2,publication_state,"publication_state contains ""research target""",research target; no object claim,oral-history interview
ARED-GH-01043,Volta Region: Independence and state visual identity — oral-history interview research target 3,publication_state,"publication_state contains ""research target""",research target; no object claim,oral-history interview
ARED-GH-01044,Volta Region: Independence and state visual identity — oral-history interview research target 4,publication_state,"publication_state contains ""research target""",research target; no object claim,oral-history interview
ARED-GH-01045,Volta Region: Independence and state visual identity — oral-history interview research target 5,publication_state,"publication_state contains ""research target""",research target; no object claim,oral-history interview
ARED-GH-01046,Volta Region: Independence and state visual identity — publication or archival source research target 1,publication_state,"publication_state contains ""research target""",research target; no object claim,publication or archival source
ARED-GH-01047,Volta Region: Independence and state visual identity — publication or archival source research target 2,publication_state,"publication_state contains ""research target""",research target; no object claim,publication or archival source
ARED-GH-01048,Volta Region: Independence and state visual identity — publication or archival source research target 3,publication_state,"publication_state contains ""research target""",research target; no object claim,publication or archival source
ARED-GH-01049,Volta Region: Independence and state visual identity — publication or archival source research target 4,publication_state,"publication_state contains ""research target""",research target; no object claim,publication or archival source
ARED-GH-01050,Volta Region: Independence and state visual identity — publication or archival source research target 5,publication_state,"publication_state contains ""research target""",research target; no object claim,publication or archival source
ARED-GH-01051,Volta Region: Popular and everyday graphics — object or artefact record research target 1,publication_state,"publication_state contains ""research target""",research target; no object claim,object or artefact record
ARED-GH-01052,Volta Region: Popular and everyday graphics — object or artefact record research target 2,publication_state,"publication_state contains ""research target""",research target; no object claim,object or artefact record
ARED-GH-01053,Volta Region: Popular and everyday graphics — object or artefact record research target 3,publication_state,"publication_state contains ""research target""",research target; no object claim,object or artefact record
ARED-GH-01054,Volta Region: Popular and everyday graphics — object or artefact record research target 4,publication_state,"publication_state contains ""research target""",research target; no object claim,object or artefact record
ARED-GH-01055,Volta Region: Popular and everyday graphics — object or artefact record research target 5,publication_state,"publication_state contains ""research target""",research target; no object claim,object or artefact record
ARED-GH-01056,Volta Region: Popular and everyday graphics — maker or workshop authority record research target 1,publication_state,"publication_state contains ""research target""",research target; no object claim,maker or workshop authority record
ARED-GH-01057,Volta Region: Popular and everyday graphics — maker or workshop authority record research target 2,publication_state,"publication_state contains ""research target""",research target; no object claim,maker or workshop authority record
ARED-GH-01058,Volta Region: Popular and everyday graphics — maker or workshop authority record research target 3,publication_state,"publication_state contains ""research target""",research target; no object claim,maker or workshop authority record
ARED-GH-01059,Volta Region: Popular and everyday graphics — maker or workshop authority record research target 4,publication_state,"publication_state contains ""research target""",research target; no object claim,maker or workshop authority record
ARED-GH-01060,Volta Region: Popular and everyday graphics — maker or workshop authority record research target 5,publication_state,"publication_state contains ""research target""",research target; no object claim,maker or workshop authority record
ARED-GH-01061,Volta Region: Popular and everyday graphics — institution or collection record research target 1,publication_state,"publication_state contains ""research target""",research target; no object claim,institution or collection record
ARED-GH-01062,Volta Region: Popular and everyday graphics — institution or collection record research target 2,publication_state,"publication_state contains ""research target""",research target; no object claim,institution or collection record
ARED-GH-01063,Volta Region: Popular and everyday graphics — institution or collection record research target 3,publication_state,"publication_state contains ""research target""",research target; no object claim,institution or collection record
ARED-GH-01064,Volta Region: Popular and everyday graphics — institution or collection record research target 4,publication_state,"publication_state contains ""research target""",research target; no object claim,institution or collection record
ARED-GH-01065,Volta Region: Popular and everyday graphics — institution or collection record research target 5,publication_state,"publication_state contains ""research target""",research target; no object claim,institution or collection record
ARED-GH-01066,Volta Region: Popular and everyday graphics — oral-history interview research target 1,publication_state,"publication_state contains ""research target""",research target; no object claim,oral-history interview
ARED-GH-01067,Volta Region: Popular and everyday graphics — oral-history interview research target 2,publication_state,"publication_state contains ""research target""",research target; no object claim,oral-history interview
ARED-GH-01068,Volta Region: Popular and everyday graphics — oral-history interview research target 3,publication_state,"publication_state contains ""research target""",research target; no object claim,oral-history interview
ARED-GH-01069,Volta Region: Popular and everyday graphics — oral-history interview research target 4,publication_state,"publication_state contains ""research target""",research target; no object claim,oral-history interview
ARED-GH-01070,Volta Region: Popular and everyday graphics — oral-history interview research target 5,publication_state,"publication_state contains ""research target""",research target; no object claim,oral-history interview
ARED-GH-01071,Volta Region: Popular and everyday graphics — publication or archival source research target 1,publication_state,"publication_state contains ""research target""",research target; no object claim,publication or archival source
ARED-GH-01072,Volta Region: Popular and everyday graphics — publication or archival source research target 2,publication_state,"publication_state contains ""research target""",research target; no object claim,publication or archival source
ARED-GH-01073,Volta Region: Popular and everyday graphics — publication or archival source research target 3,publication_state,"publication_state contains ""research target""",research target; no object claim,publication or archival source
ARED-GH-01074,Volta Region: Popular and everyday graphics — publication or archival source research target 4,publication_state,"publication_state contains ""research target""",research target; no object claim,publication or archival source
ARED-GH-01075,Volta Region: Popular and everyday graphics — publication or archival source research target 5,publication_state,"publication_state contains ""research target""",research target; no object claim,publication or archival source
ARED-GH-01076,"Volta Region: Digital, diasporic and contemporary design — object or artefact record research target 1",publication_state,"publication_state contains ""research target""",research target; no object claim,object or artefact record
ARED-GH-01077,"Volta Region: Digital, diasporic and contemporary design — object or artefact record research target 2",publication_state,"publication_state contains ""research target""",research target; no object claim,object or artefact record
ARED-GH-01078,"Volta Region: Digital, diasporic and contemporary design — object or artefact record research target 3",publication_state,"publication_state contains ""research target""",research target; no object claim,object or artefact record
ARED-GH-01079,"Volta Region: Digital, diasporic and contemporary design — object or artefact record research target 4",publication_state,"publication_state contains ""research target""",research target; no object claim,object or artefact record
ARED-GH-01080,"Volta Region: Digital, diasporic and contemporary design — object or artefact record research target 5",publication_state,"publication_state contains ""research target""",research target; no object claim,object or artefact record
ARED-GH-01081,"Volta Region: Digital, diasporic and contemporary design — maker or workshop authority record research target 1",publication_state,"publication_state contains ""research target""",research target; no object claim,maker or workshop authority record
ARED-GH-01082,"Volta Region: Digital, diasporic and contemporary design — maker or workshop authority record research target 2",publication_state,"publication_state contains ""research target""",research target; no object claim,maker or workshop authority record
ARED-GH-01083,"Volta Region: Digital, diasporic and contemporary design — maker or workshop authority record research target 3",publication_state,"publication_state contains ""research target""",research target; no object claim,maker or workshop authority record
ARED-GH-01084,"Volta Region: Digital, diasporic and contemporary design — maker or workshop authority record research target 4",publication_state,"publication_state contains ""research target""",research target; no object claim,maker or workshop authority record
ARED-GH-01085,"Volta Region: Digital, diasporic and contemporary design — maker or workshop authority record research target 5",publication_state,"publication_state contains ""research target""",research target; no object claim,maker or workshop authority record
ARED-GH-01086,"Volta Region: Digital, diasporic and contemporary design — institution or collection record research target 1",publication_state,"publication_state contains ""research target""",research target; no object claim,institution or collection record
ARED-GH-01087,"Volta Region: Digital, diasporic and contemporary design — institution or collection record research target 2",publication_state,"publication_state contains ""research target""",research target; no object claim,institution or collection record
ARED-GH-01088,"Volta Region: Digital, diasporic and contemporary design — institution or collection record research target 3",publication_state,"publication_state contains ""research target""",research target; no object claim,institution or collection record
ARED-GH-01089,"Volta Region: Digital, diasporic and contemporary design — institution or collection record research target 4",publication_state,"publication_state contains ""research target""",research target; no object claim,institution or collection record
ARED-GH-01090,"Volta Region: Digital, diasporic and contemporary design — institution or collection record research target 5",publication_state,"publication_state contains ""research target""",research target; no object claim,institution or collection record
ARED-GH-01091,"Volta Region: Digital, diasporic and contemporary design — oral-history interview research target 1",publication_state,"publication_state contains ""research target""",research target; no object claim,oral-history interview
ARED-GH-01092,"Volta Region: Digital, diasporic and contemporary design — oral-history interview research target 2",publication_state,"publication_state contains ""research target""",research target; no object claim,oral-history interview
ARED-GH-01093,"Volta Region: Digital, diasporic and contemporary design — oral-history interview research target 3",publication_state,"publication_state contains ""research target""",research target; no object claim,oral-history interview
ARED-GH-01094,"Volta Region: Digital, diasporic and contemporary design — oral-history interview research target 4",publication_state,"publication_state contains ""research target""",research target; no object claim,oral-history interview
ARED-GH-01095,"Volta Region: Digital, diasporic and contemporary design — oral-history interview research target 5",publication_state,"publication_state contains ""research target""",research target; no object claim,oral-history interview
ARED-GH-01096,"Volta Region: Digital, diasporic and contemporary design — publication or archival source research target 1",publication_state,"publication_state contains ""research target""",research target; no object claim,publication or archival source
ARED-GH-01097,"Volta Region: Digital, diasporic and contemporary design — publication or archival source research target 2",publication_state,"publication_state contains ""research target""",research target; no object claim,publication or archival source
ARED-GH-01098,"Volta Region: Digital, diasporic and contemporary design — publication or archival source research target 3",publication_state,"publication_state contains ""research target""",research target; no object claim,publication or archival source
ARED-GH-01099,"Volta Region: Digital, diasporic and contemporary design — publication or archival source research target 4",publication_state,"publication_state contains ""research target""",research target; no object claim,publication or archival source
ARED-GH-01100,"Volta Region: Digital, diasporic and contemporary design — publication or archival source research target 5",publication_state,"publication_state contains ""research target""",research target; no object claim,publication or archival source
ARED-GH-01101,"Oti Region: Land, cosmology and authority — object or artefact record research target 1",publication_state,"publication_state contains ""research target""",research target; no object claim,object or artefact record
ARED-GH-01102,"Oti Region: Land, cosmology and authority — object or artefact record research target 2",publication_state,"publication_state contains ""research target""",research target; no object claim,object or artefact record
ARED-GH-01103,"Oti Region: Land, cosmology and authority — object or artefact record research target 3",publication_state,"publication_state contains ""research target""",research target; no object claim,object or artefact record
ARED-GH-01104,"Oti Region: Land, cosmology and authority — object or artefact record research target 4",publication_state,"publication_state contains ""research target""",research target; no object claim,object or artefact record
ARED-GH-01105,"Oti Region: Land, cosmology and authority — object or artefact record research target 5",publication_state,"publication_state contains ""research target""",research target; no object claim,object or artefact record
ARED-GH-01106,"Oti Region: Land, cosmology and authority — maker or workshop authority record research target 1",publication_state,"publication_state contains ""research target""",research target; no object claim,maker or workshop authority record
ARED-GH-01107,"Oti Region: Land, cosmology and authority — maker or workshop authority record research target 2",publication_state,"publication_state contains ""research target""",research target; no object claim,maker or workshop authority record
ARED-GH-01108,"Oti Region: Land, cosmology and authority — maker or workshop authority record research target 3",publication_state,"publication_state contains ""research target""",research target; no object claim,maker or workshop authority record
ARED-GH-01109,"Oti Region: Land, cosmology and authority — maker or workshop authority record research target 4",publication_state,"publication_state contains ""research target""",research target; no object claim,maker or workshop authority record
ARED-GH-01110,"Oti Region: Land, cosmology and authority — maker or workshop authority record research target 5",publication_state,"publication_state contains ""research target""",research target; no object claim,maker or workshop authority record
ARED-GH-01111,"Oti Region: Land, cosmology and authority — institution or collection record research target 1",publication_state,"publication_state contains ""research target""",research target; no object claim,institution or collection record
ARED-GH-01112,"Oti Region: Land, cosmology and authority — institution or collection record research target 2",publication_state,"publication_state contains ""research target""",research target; no object claim,institution or collection record
ARED-GH-01113,"Oti Region: Land, cosmology and authority — institution or collection record research target 3",publication_state,"publication_state contains ""research target""",research target; no object claim,institution or collection record
ARED-GH-01114,"Oti Region: Land, cosmology and authority — institution or collection record research target 4",publication_state,"publication_state contains ""research target""",research target; no object claim,institution or collection record
ARED-GH-01115,"Oti Region: Land, cosmology and authority — institution or collection record research target 5",publication_state,"publication_state contains ""research target""",research target; no object claim,institution or collection record
ARED-GH-01116,"Oti Region: Land, cosmology and authority — oral-history interview research target 1",publication_state,"publication_state contains ""research target""",research target; no object claim,oral-history interview
ARED-GH-01117,"Oti Region: Land, cosmology and authority — oral-history interview research target 2",publication_state,"publication_state contains ""research target""",research target; no object claim,oral-history interview
ARED-GH-01118,"Oti Region: Land, cosmology and authority — oral-history interview research target 3",publication_state,"publication_state contains ""research target""",research target; no object claim,oral-history interview
ARED-GH-01119,"Oti Region: Land, cosmology and authority — oral-history interview research target 4",publication_state,"publication_state contains ""research target""",research target; no object claim,oral-history interview
ARED-GH-01120,"Oti Region: Land, cosmology and authority — oral-history interview research target 5",publication_state,"publication_state contains ""research target""",research target; no object claim,oral-history interview
ARED-GH-01121,"Oti Region: Land, cosmology and authority — publication or archival source research target 1",publication_state,"publication_state contains ""research target""",research target; no object claim,publication or archival source
ARED-GH-01122,"Oti Region: Land, cosmology and authority — publication or archival source research target 2",publication_state,"publication_state contains ""research target""",research target; no object claim,publication or archival source
ARED-GH-01123,"Oti Region: Land, cosmology and authority — publication or archival source research target 3",publication_state,"publication_state contains ""research target""",research target; no object claim,publication or archival source
ARED-GH-01124,"Oti Region: Land, cosmology and authority — publication or archival source research target 4",publication_state,"publication_state contains ""research target""",research target; no object claim,publication or archival source
ARED-GH-01125,"Oti Region: Land, cosmology and authority — publication or archival source research target 5",publication_state,"publication_state contains ""research target""",research target; no object claim,publication or archival source
ARED-GH-01126,"Oti Region: Memory, proverb and performance — object or artefact record research target 1",publication_state,"publication_state contains ""research target""",research target; no object claim,object or artefact record
ARED-GH-01127,"Oti Region: Memory, proverb and performance — object or artefact record research target 2",publication_state,"publication_state contains ""research target""",research target; no object claim,object or artefact record
ARED-GH-01128,"Oti Region: Memory, proverb and performance — object or artefact record research target 3",publication_state,"publication_state contains ""research target""",research target; no object claim,object or artefact record
ARED-GH-01129,"Oti Region: Memory, proverb and performance — object or artefact record research target 4",publication_state,"publication_state contains ""research target""",research target; no object claim,object or artefact record
ARED-GH-01130,"Oti Region: Memory, proverb and performance — object or artefact record research target 5",publication_state,"publication_state contains ""research target""",research target; no object claim,object or artefact record
ARED-GH-01131,"Oti Region: Memory, proverb and performance — maker or workshop authority record research target 1",publication_state,"publication_state contains ""research target""",research target; no object claim,maker or workshop authority record
ARED-GH-01132,"Oti Region: Memory, proverb and performance — maker or workshop authority record research target 2",publication_state,"publication_state contains ""research target""",research target; no object claim,maker or workshop authority record
ARED-GH-01133,"Oti Region: Memory, proverb and performance — maker or workshop authority record research target 3",publication_state,"publication_state contains ""research target""",research target; no object claim,maker or workshop authority record
ARED-GH-01134,"Oti Region: Memory, proverb and performance — maker or workshop authority record research target 4",publication_state,"publication_state contains ""research target""",research target; no object claim,maker or workshop authority record
ARED-GH-01135,"Oti Region: Memory, proverb and performance — maker or workshop authority record research target 5",publication_state,"publication_state contains ""research target""",research target; no object claim,maker or workshop authority record
ARED-GH-01136,"Oti Region: Memory, proverb and performance — institution or collection record research target 1",publication_state,"publication_state contains ""research target""",research target; no object claim,institution or collection record
ARED-GH-01137,"Oti Region: Memory, proverb and performance — institution or collection record research target 2",publication_state,"publication_state contains ""research target""",research target; no object claim,institution or collection record
ARED-GH-01138,"Oti Region: Memory, proverb and performance — institution or collection record research target 3",publication_state,"publication_state contains ""research target""",research target; no object claim,institution or collection record
ARED-GH-01139,"Oti Region: Memory, proverb and performance — institution or collection record research target 4",publication_state,"publication_state contains ""research target""",research target; no object claim,institution or collection record
ARED-GH-01140,"Oti Region: Memory, proverb and performance — institution or collection record research target 5",publication_state,"publication_state contains ""research target""",research target; no object claim,institution or collection record
ARED-GH-01141,"Oti Region: Memory, proverb and performance — oral-history interview research target 1",publication_state,"publication_state contains ""research target""",research target; no object claim,oral-history interview
ARED-GH-01142,"Oti Region: Memory, proverb and performance — oral-history interview research target 2",publication_state,"publication_state contains ""research target""",research target; no object claim,oral-history interview
ARED-GH-01143,"Oti Region: Memory, proverb and performance — oral-history interview research target 3",publication_state,"publication_state contains ""research target""",research target; no object claim,oral-history interview
ARED-GH-01144,"Oti Region: Memory, proverb and performance — oral-history interview research target 4",publication_state,"publication_state contains ""research target""",research target; no object claim,oral-history interview
ARED-GH-01145,"Oti Region: Memory, proverb and performance — oral-history interview research target 5",publication_state,"publication_state contains ""research target""",research target; no object claim,oral-history interview
ARED-GH-01146,"Oti Region: Memory, proverb and performance — publication or archival source research target 1",publication_state,"publication_state contains ""research target""",research target; no object claim,publication or archival source
ARED-GH-01147,"Oti Region: Memory, proverb and performance — publication or archival source research target 2",publication_state,"publication_state contains ""research target""",research target; no object claim,publication or archival source
ARED-GH-01148,"Oti Region: Memory, proverb and performance — publication or archival source research target 3",publication_state,"publication_state contains ""research target""",research target; no object claim,publication or archival source
ARED-GH-01149,"Oti Region: Memory, proverb and performance — publication or archival source research target 4",publication_state,"publication_state contains ""research target""",research target; no object claim,publication or archival source
ARED-GH-01150,"Oti Region: Memory, proverb and performance — publication or archival source research target 5",publication_state,"publication_state contains ""research target""",research target; no object claim,publication or archival source
ARED-GH-01151,"Oti Region: Cloth, pattern and social identity — object or artefact record research target 1",publication_state,"publication_state contains ""research target""",research target; no object claim,object or artefact record
ARED-GH-01152,"Oti Region: Cloth, pattern and social identity — object or artefact record research target 2",publication_state,"publication_state contains ""research target""",research target; no object claim,object or artefact record
ARED-GH-01153,"Oti Region: Cloth, pattern and social identity — object or artefact record research target 3",publication_state,"publication_state contains ""research target""",research target; no object claim,object or artefact record
ARED-GH-01154,"Oti Region: Cloth, pattern and social identity — object or artefact record research target 4",publication_state,"publication_state contains ""research target""",research target; no object claim,object or artefact record
ARED-GH-01155,"Oti Region: Cloth, pattern and social identity — object or artefact record research target 5",publication_state,"publication_state contains ""research target""",research target; no object claim,object or artefact record
ARED-GH-01156,"Oti Region: Cloth, pattern and social identity — maker or workshop authority record research target 1",publication_state,"publication_state contains ""research target""",research target; no object claim,maker or workshop authority record
ARED-GH-01157,"Oti Region: Cloth, pattern and social identity — maker or workshop authority record research target 2",publication_state,"publication_state contains ""research target""",research target; no object claim,maker or workshop authority record
ARED-GH-01158,"Oti Region: Cloth, pattern and social identity — maker or workshop authority record research target 3",publication_state,"publication_state contains ""research target""",research target; no object claim,maker or workshop authority record
ARED-GH-01159,"Oti Region: Cloth, pattern and social identity — maker or workshop authority record research target 4",publication_state,"publication_state contains ""research target""",research target; no object claim,maker or workshop authority record
ARED-GH-01160,"Oti Region: Cloth, pattern and social identity — maker or workshop authority record research target 5",publication_state,"publication_state contains ""research target""",research target; no object claim,maker or workshop authority record
ARED-GH-01161,"Oti Region: Cloth, pattern and social identity — institution or collection record research target 1",publication_state,"publication_state contains ""research target""",research target; no object claim,institution or collection record
ARED-GH-01162,"Oti Region: Cloth, pattern and social identity — institution or collection record research target 2",publication_state,"publication_state contains ""research target""",research target; no object claim,institution or collection record
ARED-GH-01163,"Oti Region: Cloth, pattern and social identity — institution or collection record research target 3",publication_state,"publication_state contains ""research target""",research target; no object claim,institution or collection record
ARED-GH-01164,"Oti Region: Cloth, pattern and social identity — institution or collection record research target 4",publication_state,"publication_state contains ""research target""",research target; no object claim,institution or collection record
ARED-GH-01165,"Oti Region: Cloth, pattern and social identity — institution or collection record research target 5",publication_state,"publication_state contains ""research target""",research target; no object claim,institution or collection record
ARED-GH-01166,"Oti Region: Cloth, pattern and social identity — oral-history interview research target 1",publication_state,"publication_state contains ""research target""",research target; no object claim,oral-history interview
ARED-GH-01167,"Oti Region: Cloth, pattern and social identity — oral-history interview research target 2",publication_state,"publication_state contains ""research target""",research target; no object claim,oral-history interview
ARED-GH-01168,"Oti Region: Cloth, pattern and social identity — oral-history interview research target 3",publication_state,"publication_state contains ""research target""",research target; no object claim,oral-history interview
ARED-GH-01169,"Oti Region: Cloth, pattern and social identity — oral-history interview research target 4",publication_state,"publication_state contains ""research target""",research target; no object claim,oral-history interview
ARED-GH-01170,"Oti Region: Cloth, pattern and social identity — oral-history interview research target 5",publication_state,"publication_state contains ""research target""",research target; no object claim,oral-history interview
ARED-GH-01171,"Oti Region: Cloth, pattern and social identity — publication or archival source research target 1",publication_state,"publication_state contains ""research target""",research target; no object claim,publication or archival source
ARED-GH-01172,"Oti Region: Cloth, pattern and social identity — publication or archival source research target 2",publication_state,"publication_state contains ""research target""",research target; no object claim,publication or archival source
ARED-GH-01173,"Oti Region: Cloth, pattern and social identity — publication or archival source research target 3",publication_state,"publication_state contains ""research target""",research target; no object claim,publication or archival source
ARED-GH-01174,"Oti Region: Cloth, pattern and social identity — publication or archival source research target 4",publication_state,"publication_state contains ""research target""",research target; no object claim,publication or archival source
ARED-GH-01175,"Oti Region: Cloth, pattern and social identity — publication or archival source research target 5",publication_state,"publication_state contains ""research target""",research target; no object claim,publication or archival source
ARED-GH-01176,"Oti Region: Print, colonial rule and public culture — object or artefact record research target 1",publication_state,"publication_state contains ""research target""",research target; no object claim,object or artefact record
ARED-GH-01177,"Oti Region: Print, colonial rule and public culture — object or artefact record research target 2",publication_state,"publication_state contains ""research target""",research target; no object claim,object or artefact record
ARED-GH-01178,"Oti Region: Print, colonial rule and public culture — object or artefact record research target 3",publication_state,"publication_state contains ""research target""",research target; no object claim,object or artefact record
ARED-GH-01179,"Oti Region: Print, colonial rule and public culture — object or artefact record research target 4",publication_state,"publication_state contains ""research target""",research target; no object claim,object or artefact record
ARED-GH-01180,"Oti Region: Print, colonial rule and public culture — object or artefact record research target 5",publication_state,"publication_state contains ""research target""",research target; no object claim,object or artefact record
ARED-GH-01181,"Oti Region: Print, colonial rule and public culture — maker or workshop authority record research target 1",publication_state,"publication_state contains ""research target""",research target; no object claim,maker or workshop authority record
ARED-GH-01182,"Oti Region: Print, colonial rule and public culture — maker or workshop authority record research target 2",publication_state,"publication_state contains ""research target""",research target; no object claim,maker or workshop authority record
ARED-GH-01183,"Oti Region: Print, colonial rule and public culture — maker or workshop authority record research target 3",publication_state,"publication_state contains ""research target""",research target; no object claim,maker or workshop authority record
ARED-GH-01184,"Oti Region: Print, colonial rule and public culture — maker or workshop authority record research target 4",publication_state,"publication_state contains ""research target""",research target; no object claim,maker or workshop authority record
ARED-GH-01185,"Oti Region: Print, colonial rule and public culture — maker or workshop authority record research target 5",publication_state,"publication_state contains ""research target""",research target; no object claim,maker or workshop authority record
ARED-GH-01186,"Oti Region: Print, colonial rule and public culture — institution or collection record research target 1",publication_state,"publication_state contains ""research target""",research target; no object claim,institution or collection record
ARED-GH-01187,"Oti Region: Print, colonial rule and public culture — institution or collection record research target 2",publication_state,"publication_state contains ""research target""",research target; no object claim,institution or collection record
ARED-GH-01188,"Oti Region: Print, colonial rule and public culture — institution or collection record research target 3",publication_state,"publication_state contains ""research target""",research target; no object claim,institution or collection record
ARED-GH-01189,"Oti Region: Print, colonial rule and public culture — institution or collection record research target 4",publication_state,"publication_state contains ""research target""",research target; no object claim,institution or collection record
ARED-GH-01190,"Oti Region: Print, colonial rule and public culture — institution or collection record research target 5",publication_state,"publication_state contains ""research target""",research target; no object claim,institution or collection record
ARED-GH-01191,"Oti Region: Print, colonial rule and public culture — oral-history interview research target 1",publication_state,"publication_state contains ""research target""",research target; no object claim,oral-history interview
ARED-GH-01192,"Oti Region: Print, colonial rule and public culture — oral-history interview research target 2",publication_state,"publication_state contains ""research target""",research target; no object claim,oral-history interview
ARED-GH-01193,"Oti Region: Print, colonial rule and public culture — oral-history interview research target 3",publication_state,"publication_state contains ""research target""",research target; no object claim,oral-history interview
ARED-GH-01194,"Oti Region: Print, colonial rule and public culture — oral-history interview research target 4",publication_state,"publication_state contains ""research target""",research target; no object claim,oral-history interview
ARED-GH-01195,"Oti Region: Print, colonial rule and public culture — oral-history interview research target 5",publication_state,"publication_state contains ""research target""",research target; no object claim,oral-history interview
ARED-GH-01196,"Oti Region: Print, colonial rule and public culture — publication or archival source research target 1",publication_state,"publication_state contains ""research target""",research target; no object claim,publication or archival source
ARED-GH-01197,"Oti Region: Print, colonial rule and public culture — publication or archival source research target 2",publication_state,"publication_state contains ""research target""",research target; no object claim,publication or archival source
ARED-GH-01198,"Oti Region: Print, colonial rule and public culture — publication or archival source research target 3",publication_state,"publication_state contains ""research target""",research target; no object claim,publication or archival source
ARED-GH-01199,"Oti Region: Print, colonial rule and public culture — publication or archival source research target 4",publication_state,"publication_state contains ""research target""",research target; no object claim,publication or archival source
ARED-GH-01200,"Oti Region: Print, colonial rule and public culture — publication or archival source research target 5",publication_state,"publication_state contains ""research target""",research target; no object claim,publication or archival source
ARED-GH-01201,Oti Region: Independence and state visual identity — object or artefact record research target 1,publication_state,"publication_state contains ""research target""",research target; no object claim,object or artefact record
ARED-GH-01202,Oti Region: Independence and state visual identity — object or artefact record research target 2,publication_state,"publication_state contains ""research target""",research target; no object claim,object or artefact record
ARED-GH-01203,Oti Region: Independence and state visual identity — object or artefact record research target 3,publication_state,"publication_state contains ""research target""",research target; no object claim,object or artefact record
ARED-GH-01204,Oti Region: Independence and state visual identity — object or artefact record research target 4,publication_state,"publication_state contains ""research target""",research target; no object claim,object or artefact record
ARED-GH-01205,Oti Region: Independence and state visual identity — object or artefact record research target 5,publication_state,"publication_state contains ""research target""",research target; no object claim,object or artefact record
ARED-GH-01206,Oti Region: Independence and state visual identity — maker or workshop authority record research target 1,publication_state,"publication_state contains ""research target""",research target; no object claim,maker or workshop authority record
ARED-GH-01207,Oti Region: Independence and state visual identity — maker or workshop authority record research target 2,publication_state,"publication_state contains ""research target""",research target; no object claim,maker or workshop authority record
ARED-GH-01208,Oti Region: Independence and state visual identity — maker or workshop authority record research target 3,publication_state,"publication_state contains ""research target""",research target; no object claim,maker or workshop authority record
ARED-GH-01209,Oti Region: Independence and state visual identity — maker or workshop authority record research target 4,publication_state,"publication_state contains ""research target""",research target; no object claim,maker or workshop authority record
ARED-GH-01210,Oti Region: Independence and state visual identity — maker or workshop authority record research target 5,publication_state,"publication_state contains ""research target""",research target; no object claim,maker or workshop authority record
ARED-GH-01211,Oti Region: Independence and state visual identity — institution or collection record research target 1,publication_state,"publication_state contains ""research target""",research target; no object claim,institution or collection record
ARED-GH-01212,Oti Region: Independence and state visual identity — institution or collection record research target 2,publication_state,"publication_state contains ""research target""",research target; no object claim,institution or collection record
ARED-GH-01213,Oti Region: Independence and state visual identity — institution or collection record research target 3,publication_state,"publication_state contains ""research target""",research target; no object claim,institution or collection record
ARED-GH-01214,Oti Region: Independence and state visual identity — institution or collection record research target 4,publication_state,"publication_state contains ""research target""",research target; no object claim,institution or collection record
ARED-GH-01215,Oti Region: Independence and state visual identity — institution or collection record research target 5,publication_state,"publication_state contains ""research target""",research target; no object claim,institution or collection record
ARED-GH-01216,Oti Region: Independence and state visual identity — oral-history interview research target 1,publication_state,"publication_state contains ""research target""",research target; no object claim,oral-history interview
ARED-GH-01217,Oti Region: Independence and state visual identity — oral-history interview research target 2,publication_state,"publication_state contains ""research target""",research target; no object claim,oral-history interview
ARED-GH-01218,Oti Region: Independence and state visual identity — oral-history interview research target 3,publication_state,"publication_state contains ""research target""",research target; no object claim,oral-history interview
ARED-GH-01219,Oti Region: Independence and state visual identity — oral-history interview research target 4,publication_state,"publication_state contains ""research target""",research target; no object claim,oral-history interview
ARED-GH-01220,Oti Region: Independence and state visual identity — oral-history interview research target 5,publication_state,"publication_state contains ""research target""",research target; no object claim,oral-history interview
ARED-GH-01221,Oti Region: Independence and state visual identity — publication or archival source research target 1,publication_state,"publication_state contains ""research target""",research target; no object claim,publication or archival source
ARED-GH-01222,Oti Region: Independence and state visual identity — publication or archival source research target 2,publication_state,"publication_state contains ""research target""",research target; no object claim,publication or archival source
ARED-GH-01223,Oti Region: Independence and state visual identity — publication or archival source research target 3,publication_state,"publication_state contains ""research target""",research target; no object claim,publication or archival source
ARED-GH-01224,Oti Region: Independence and state visual identity — publication or archival source research target 4,publication_state,"publication_state contains ""research target""",research target; no object claim,publication or archival source
ARED-GH-01225,Oti Region: Independence and state visual identity — publication or archival source research target 5,publication_state,"publication_state contains ""research target""",research target; no object claim,publication or archival source
ARED-GH-01226,Oti Region: Popular and everyday graphics — object or artefact record research target 1,publication_state,"publication_state contains ""research target""",research target; no object claim,object or artefact record
ARED-GH-01227,Oti Region: Popular and everyday graphics — object or artefact record research target 2,publication_state,"publication_state contains ""research target""",research target; no object claim,object or artefact record
ARED-GH-01228,Oti Region: Popular and everyday graphics — object or artefact record research target 3,publication_state,"publication_state contains ""research target""",research target; no object claim,object or artefact record
ARED-GH-01229,Oti Region: Popular and everyday graphics — object or artefact record research target 4,publication_state,"publication_state contains ""research target""",research target; no object claim,object or artefact record
ARED-GH-01230,Oti Region: Popular and everyday graphics — object or artefact record research target 5,publication_state,"publication_state contains ""research target""",research target; no object claim,object or artefact record
ARED-GH-01231,Oti Region: Popular and everyday graphics — maker or workshop authority record research target 1,publication_state,"publication_state contains ""research target""",research target; no object claim,maker or workshop authority record
ARED-GH-01232,Oti Region: Popular and everyday graphics — maker or workshop authority record research target 2,publication_state,"publication_state contains ""research target""",research target; no object claim,maker or workshop authority record
ARED-GH-01233,Oti Region: Popular and everyday graphics — maker or workshop authority record research target 3,publication_state,"publication_state contains ""research target""",research target; no object claim,maker or workshop authority record
ARED-GH-01234,Oti Region: Popular and everyday graphics — maker or workshop authority record research target 4,publication_state,"publication_state contains ""research target""",research target; no object claim,maker or workshop authority record
ARED-GH-01235,Oti Region: Popular and everyday graphics — maker or workshop authority record research target 5,publication_state,"publication_state contains ""research target""",research target; no object claim,maker or workshop authority record
ARED-GH-01236,Oti Region: Popular and everyday graphics — institution or collection record research target 1,publication_state,"publication_state contains ""research target""",research target; no object claim,institution or collection record
ARED-GH-01237,Oti Region: Popular and everyday graphics — institution or collection record research target 2,publication_state,"publication_state contains ""research target""",research target; no object claim,institution or collection record
ARED-GH-01238,Oti Region: Popular and everyday graphics — institution or collection record research target 3,publication_state,"publication_state contains ""research target""",research target; no object claim,institution or collection record
ARED-GH-01239,Oti Region: Popular and everyday graphics — institution or collection record research target 4,publication_state,"publication_state contains ""research target""",research target; no object claim,institution or collection record
ARED-GH-01240,Oti Region: Popular and everyday graphics — institution or collection record research target 5,publication_state,"publication_state contains ""research target""",research target; no object claim,institution or collection record
ARED-GH-01241,Oti Region: Popular and everyday graphics — oral-history interview research target 1,publication_state,"publication_state contains ""research target""",research target; no object claim,oral-history interview
ARED-GH-01242,Oti Region: Popular and everyday graphics — oral-history interview research target 2,publication_state,"publication_state contains ""research target""",research target; no object claim,oral-history interview
ARED-GH-01243,Oti Region: Popular and everyday graphics — oral-history interview research target 3,publication_state,"publication_state contains ""research target""",research target; no object claim,oral-history interview
ARED-GH-01244,Oti Region: Popular and everyday graphics — oral-history interview research target 4,publication_state,"publication_state contains ""research target""",research target; no object claim,oral-history interview
ARED-GH-01245,Oti Region: Popular and everyday graphics — oral-history interview research target 5,publication_state,"publication_state contains ""research target""",research target; no object claim,oral-history interview
ARED-GH-01246,Oti Region: Popular and everyday graphics — publication or archival source research target 1,publication_state,"publication_state contains ""research target""",research target; no object claim,publication or archival source
ARED-GH-01247,Oti Region: Popular and everyday graphics — publication or archival source research target 2,publication_state,"publication_state contains ""research target""",research target; no object claim,publication or archival source
ARED-GH-01248,Oti Region: Popular and everyday graphics — publication or archival source research target 3,publication_state,"publication_state contains ""research target""",research target; no object claim,publication or archival source
ARED-GH-01249,Oti Region: Popular and everyday graphics — publication or archival source research target 4,publication_state,"publication_state contains ""research target""",research target; no object claim,publication or archival source
ARED-GH-01250,Oti Region: Popular and everyday graphics — publication or archival source research target 5,publication_state,"publication_state contains ""research target""",research target; no object claim,publication or archival source
ARED-GH-01251,"Oti Region: Digital, diasporic and contemporary design — object or artefact record research target 1",publication_state,"publication_state contains ""research target""",research target; no object claim,object or artefact record
ARED-GH-01252,"Oti Region: Digital, diasporic and contemporary design — object or artefact record research target 2",publication_state,"publication_state contains ""research target""",research target; no object claim,object or artefact record
ARED-GH-01253,"Oti Region: Digital, diasporic and contemporary design — object or artefact record research target 3",publication_state,"publication_state contains ""research target""",research target; no object claim,object or artefact record
ARED-GH-01254,"Oti Region: Digital, diasporic and contemporary design — object or artefact record research target 4",publication_state,"publication_state contains ""research target""",research target; no object claim,object or artefact record
ARED-GH-01255,"Oti Region: Digital, diasporic and contemporary design — object or artefact record research target 5",publication_state,"publication_state contains ""research target""",research target; no object claim,object or artefact record
ARED-GH-01256,"Oti Region: Digital, diasporic and contemporary design — maker or workshop authority record research target 1",publication_state,"publication_state contains ""research target""",research target; no object claim,maker or workshop authority record
ARED-GH-01257,"Oti Region: Digital, diasporic and contemporary design — maker or workshop authority record research target 2",publication_state,"publication_state contains ""research target""",research target; no object claim,maker or workshop authority record
ARED-GH-01258,"Oti Region: Digital, diasporic and contemporary design — maker or workshop authority record research target 3",publication_state,"publication_state contains ""research target""",research target; no object claim,maker or workshop authority record
ARED-GH-01259,"Oti Region: Digital, diasporic and contemporary design — maker or workshop authority record research target 4",publication_state,"publication_state contains ""research target""",research target; no object claim,maker or workshop authority record
ARED-GH-01260,"Oti Region: Digital, diasporic and contemporary design — maker or workshop authority record research target 5",publication_state,"publication_state contains ""research target""",research target; no object claim,maker or workshop authority record
ARED-GH-01261,"Oti Region: Digital, diasporic and contemporary design — institution or collection record research target 1",publication_state,"publication_state contains ""research target""",research target; no object claim,institution or collection record
ARED-GH-01262,"Oti Region: Digital, diasporic and contemporary design — institution or collection record research target 2",publication_state,"publication_state contains ""research target""",research target; no object claim,institution or collection record
ARED-GH-01263,"Oti Region: Digital, diasporic and contemporary design — institution or collection record research target 3",publication_state,"publication_state contains ""research target""",research target; no object claim,institution or collection record
ARED-GH-01264,"Oti Region: Digital, diasporic and contemporary design — institution or collection record research target 4",publication_state,"publication_state contains ""research target""",research target; no object claim,institution or collection record
ARED-GH-01265,"Oti Region: Digital, diasporic and contemporary design — institution or collection record research target 5",publication_state,"publication_state contains ""research target""",research target; no object claim,institution or collection record
ARED-GH-01266,"Oti Region: Digital, diasporic and contemporary design — oral-history interview research target 1",publication_state,"publication_state contains ""research target""",research target; no object claim,oral-history interview
ARED-GH-01267,"Oti Region: Digital, diasporic and contemporary design — oral-history interview research target 2",publication_state,"publication_state contains ""research target""",research target; no object claim,oral-history interview
ARED-GH-01268,"Oti Region: Digital, diasporic and contemporary design — oral-history interview research target 3",publication_state,"publication_state contains ""research target""",research target; no object claim,oral-history interview
ARED-GH-01269,"Oti Region: Digital, diasporic and contemporary design — oral-history interview research target 4",publication_state,"publication_state contains ""research target""",research target; no object claim,oral-history interview
ARED-GH-01270,"Oti Region: Digital, diasporic and contemporary design — oral-history interview research target 5",publication_state,"publication_state contains ""research target""",research target; no object claim,oral-history interview
ARED-GH-01271,"Oti Region: Digital, diasporic and contemporary design — publication or archival source research target 1",publication_state,"publication_state contains ""research target""",research target; no object claim,publication or archival source
ARED-GH-01272,"Oti Region: Digital, diasporic and contemporary design — publication or archival source research target 2",publication_state,"publication_state contains ""research target""",research target; no object claim,publication or archival source
ARED-GH-01273,"Oti Region: Digital, diasporic and contemporary design — publication or archival source research target 3",publication_state,"publication_state contains ""research target""",research target; no object claim,publication or archival source
ARED-GH-01274,"Oti Region: Digital, diasporic and contemporary design — publication or archival source research target 4",publication_state,"publication_state contains ""research target""",research target; no object claim,publication or archival source
ARED-GH-01275,"Oti Region: Digital, diasporic and contemporary design — publication or archival source research target 5",publication_state,"publication_state contains ""research target""",research target; no object claim,publication or archival source
ARED-GH-01276,"Northern Region: Land, cosmology and authority — object or artefact record research target 1",publication_state,"publication_state contains ""research target""",research target; no object claim,object or artefact record
ARED-GH-01277,"Northern Region: Land, cosmology and authority — object or artefact record research target 2",publication_state,"publication_state contains ""research target""",research target; no object claim,object or artefact record
ARED-GH-01278,"Northern Region: Land, cosmology and authority — object or artefact record research target 3",publication_state,"publication_state contains ""research target""",research target; no object claim,object or artefact record
ARED-GH-01279,"Northern Region: Land, cosmology and authority — object or artefact record research target 4",publication_state,"publication_state contains ""research target""",research target; no object claim,object or artefact record
ARED-GH-01280,"Northern Region: Land, cosmology and authority — object or artefact record research target 5",publication_state,"publication_state contains ""research target""",research target; no object claim,object or artefact record
ARED-GH-01281,"Northern Region: Land, cosmology and authority — maker or workshop authority record research target 1",publication_state,"publication_state contains ""research target""",research target; no object claim,maker or workshop authority record
ARED-GH-01282,"Northern Region: Land, cosmology and authority — maker or workshop authority record research target 2",publication_state,"publication_state contains ""research target""",research target; no object claim,maker or workshop authority record
ARED-GH-01283,"Northern Region: Land, cosmology and authority — maker or workshop authority record research target 3",publication_state,"publication_state contains ""research target""",research target; no object claim,maker or workshop authority record
ARED-GH-01284,"Northern Region: Land, cosmology and authority — maker or workshop authority record research target 4",publication_state,"publication_state contains ""research target""",research target; no object claim,maker or workshop authority record
ARED-GH-01285,"Northern Region: Land, cosmology and authority — maker or workshop authority record research target 5",publication_state,"publication_state contains ""research target""",research target; no object claim,maker or workshop authority record
ARED-GH-01286,"Northern Region: Land, cosmology and authority — institution or collection record research target 1",publication_state,"publication_state contains ""research target""",research target; no object claim,institution or collection record
ARED-GH-01287,"Northern Region: Land, cosmology and authority — institution or collection record research target 2",publication_state,"publication_state contains ""research target""",research target; no object claim,institution or collection record
ARED-GH-01288,"Northern Region: Land, cosmology and authority — institution or collection record research target 3",publication_state,"publication_state contains ""research target""",research target; no object claim,institution or collection record
ARED-GH-01289,"Northern Region: Land, cosmology and authority — institution or collection record research target 4",publication_state,"publication_state contains ""research target""",research target; no object claim,institution or collection record
ARED-GH-01290,"Northern Region: Land, cosmology and authority — institution or collection record research target 5",publication_state,"publication_state contains ""research target""",research target; no object claim,institution or collection record
ARED-GH-01291,"Northern Region: Land, cosmology and authority — oral-history interview research target 1",publication_state,"publication_state contains ""research target""",research target; no object claim,oral-history interview
ARED-GH-01292,"Northern Region: Land, cosmology and authority — oral-history interview research target 2",publication_state,"publication_state contains ""research target""",research target; no object claim,oral-history interview
ARED-GH-01293,"Northern Region: Land, cosmology and authority — oral-history interview research target 3",publication_state,"publication_state contains ""research target""",research target; no object claim,oral-history interview
ARED-GH-01294,"Northern Region: Land, cosmology and authority — oral-history interview research target 4",publication_state,"publication_state contains ""research target""",research target; no object claim,oral-history interview
ARED-GH-01295,"Northern Region: Land, cosmology and authority — oral-history interview research target 5",publication_state,"publication_state contains ""research target""",research target; no object claim,oral-history interview
ARED-GH-01296,"Northern Region: Land, cosmology and authority — publication or archival source research target 1",publication_state,"publication_state contains ""research target""",research target; no object claim,publication or archival source
ARED-GH-01297,"Northern Region: Land, cosmology and authority — publication or archival source research target 2",publication_state,"publication_state contains ""research target""",research target; no object claim,publication or archival source
ARED-GH-01298,"Northern Region: Land, cosmology and authority — publication or archival source research target 3",publication_state,"publication_state contains ""research target""",research target; no object claim,publication or archival source
ARED-GH-01299,"Northern Region: Land, cosmology and authority — publication or archival source research target 4",publication_state,"publication_state contains ""research target""",research target; no object claim,publication or archival source
ARED-GH-01300,"Northern Region: Land, cosmology and authority — publication or archival source research target 5",publication_state,"publication_state contains ""research target""",research target; no object claim,publication or archival source
ARED-GH-01301,"Northern Region: Memory, proverb and performance — object or artefact record research target 1",publication_state,"publication_state contains ""research target""",research target; no object claim,object or artefact record
ARED-GH-01302,"Northern Region: Memory, proverb and performance — object or artefact record research target 2",publication_state,"publication_state contains ""research target""",research target; no object claim,object or artefact record
ARED-GH-01303,"Northern Region: Memory, proverb and performance — object or artefact record research target 3",publication_state,"publication_state contains ""research target""",research target; no object claim,object or artefact record
ARED-GH-01304,"Northern Region: Memory, proverb and performance — object or artefact record research target 4",publication_state,"publication_state contains ""research target""",research target; no object claim,object or artefact record
ARED-GH-01305,"Northern Region: Memory, proverb and performance — object or artefact record research target 5",publication_state,"publication_state contains ""research target""",research target; no object claim,object or artefact record
ARED-GH-01306,"Northern Region: Memory, proverb and performance — maker or workshop authority record research target 1",publication_state,"publication_state contains ""research target""",research target; no object claim,maker or workshop authority record
ARED-GH-01307,"Northern Region: Memory, proverb and performance — maker or workshop authority record research target 2",publication_state,"publication_state contains ""research target""",research target; no object claim,maker or workshop authority record
ARED-GH-01308,"Northern Region: Memory, proverb and performance — maker or workshop authority record research target 3",publication_state,"publication_state contains ""research target""",research target; no object claim,maker or workshop authority record
ARED-GH-01309,"Northern Region: Memory, proverb and performance — maker or workshop authority record research target 4",publication_state,"publication_state contains ""research target""",research target; no object claim,maker or workshop authority record
ARED-GH-01310,"Northern Region: Memory, proverb and performance — maker or workshop authority record research target 5",publication_state,"publication_state contains ""research target""",research target; no object claim,maker or workshop authority record
ARED-GH-01311,"Northern Region: Memory, proverb and performance — institution or collection record research target 1",publication_state,"publication_state contains ""research target""",research target; no object claim,institution or collection record
ARED-GH-01312,"Northern Region: Memory, proverb and performance — institution or collection record research target 2",publication_state,"publication_state contains ""research target""",research target; no object claim,institution or collection record
ARED-GH-01313,"Northern Region: Memory, proverb and performance — institution or collection record research target 3",publication_state,"publication_state contains ""research target""",research target; no object claim,institution or collection record
ARED-GH-01314,"Northern Region: Memory, proverb and performance — institution or collection record research target 4",publication_state,"publication_state contains ""research target""",research target; no object claim,institution or collection record
ARED-GH-01315,"Northern Region: Memory, proverb and performance — institution or collection record research target 5",publication_state,"publication_state contains ""research target""",research target; no object claim,institution or collection record
ARED-GH-01316,"Northern Region: Memory, proverb and performance — oral-history interview research target 1",publication_state,"publication_state contains ""research target""",research target; no object claim,oral-history interview
ARED-GH-01317,"Northern Region: Memory, proverb and performance — oral-history interview research target 2",publication_state,"publication_state contains ""research target""",research target; no object claim,oral-history interview
ARED-GH-01318,"Northern Region: Memory, proverb and performance — oral-history interview research target 3",publication_state,"publication_state contains ""research target""",research target; no object claim,oral-history interview
ARED-GH-01319,"Northern Region: Memory, proverb and performance — oral-history interview research target 4",publication_state,"publication_state contains ""research target""",research target; no object claim,oral-history interview
ARED-GH-01320,"Northern Region: Memory, proverb and performance — oral-history interview research target 5",publication_state,"publication_state contains ""research target""",research target; no object claim,oral-history interview
ARED-GH-01321,"Northern Region: Memory, proverb and performance — publication or archival source research target 1",publication_state,"publication_state contains ""research target""",research target; no object claim,publication or archival source
ARED-GH-01322,"Northern Region: Memory, proverb and performance — publication or archival source research target 2",publication_state,"publication_state contains ""research target""",research target; no object claim,publication or archival source
ARED-GH-01323,"Northern Region: Memory, proverb and performance — publication or archival source research target 3",publication_state,"publication_state contains ""research target""",research target; no object claim,publication or archival source
ARED-GH-01324,"Northern Region: Memory, proverb and performance — publication or archival source research target 4",publication_state,"publication_state contains ""research target""",research target; no object claim,publication or archival source
ARED-GH-01325,"Northern Region: Memory, proverb and performance — publication or archival source research target 5",publication_state,"publication_state contains ""research target""",research target; no object claim,publication or archival source
ARED-GH-01326,"Northern Region: Cloth, pattern and social identity — object or artefact record research target 1",publication_state,"publication_state contains ""research target""",research target; no object claim,object or artefact record
ARED-GH-01327,"Northern Region: Cloth, pattern and social identity — object or artefact record research target 2",publication_state,"publication_state contains ""research target""",research target; no object claim,object or artefact record
ARED-GH-01328,"Northern Region: Cloth, pattern and social identity — object or artefact record research target 3",publication_state,"publication_state contains ""research target""",research target; no object claim,object or artefact record
ARED-GH-01329,"Northern Region: Cloth, pattern and social identity — object or artefact record research target 4",publication_state,"publication_state contains ""research target""",research target; no object claim,object or artefact record
ARED-GH-01330,"Northern Region: Cloth, pattern and social identity — object or artefact record research target 5",publication_state,"publication_state contains ""research target""",research target; no object claim,object or artefact record
ARED-GH-01331,"Northern Region: Cloth, pattern and social identity — maker or workshop authority record research target 1",publication_state,"publication_state contains ""research target""",research target; no object claim,maker or workshop authority record
ARED-GH-01332,"Northern Region: Cloth, pattern and social identity — maker or workshop authority record research target 2",publication_state,"publication_state contains ""research target""",research target; no object claim,maker or workshop authority record
ARED-GH-01333,"Northern Region: Cloth, pattern and social identity — maker or workshop authority record research target 3",publication_state,"publication_state contains ""research target""",research target; no object claim,maker or workshop authority record
ARED-GH-01334,"Northern Region: Cloth, pattern and social identity — maker or workshop authority record research target 4",publication_state,"publication_state contains ""research target""",research target; no object claim,maker or workshop authority record
ARED-GH-01335,"Northern Region: Cloth, pattern and social identity — maker or workshop authority record research target 5",publication_state,"publication_state contains ""research target""",research target; no object claim,maker or workshop authority record
ARED-GH-01336,"Northern Region: Cloth, pattern and social identity — institution or collection record research target 1",publication_state,"publication_state contains ""research target""",research target; no object claim,institution or collection record
ARED-GH-01337,"Northern Region: Cloth, pattern and social identity — institution or collection record research target 2",publication_state,"publication_state contains ""research target""",research target; no object claim,institution or collection record
ARED-GH-01338,"Northern Region: Cloth, pattern and social identity — institution or collection record research target 3",publication_state,"publication_state contains ""research target""",research target; no object claim,institution or collection record
ARED-GH-01339,"Northern Region: Cloth, pattern and social identity — institution or collection record research target 4",publication_state,"publication_state contains ""research target""",research target; no object claim,institution or collection record
ARED-GH-01340,"Northern Region: Cloth, pattern and social identity — institution or collection record research target 5",publication_state,"publication_state contains ""research target""",research target; no object claim,institution or collection record
ARED-GH-01341,"Northern Region: Cloth, pattern and social identity — oral-history interview research target 1",publication_state,"publication_state contains ""research target""",research target; no object claim,oral-history interview
ARED-GH-01342,"Northern Region: Cloth, pattern and social identity — oral-history interview research target 2",publication_state,"publication_state contains ""research target""",research target; no object claim,oral-history interview
ARED-GH-01343,"Northern Region: Cloth, pattern and social identity — oral-history interview research target 3",publication_state,"publication_state contains ""research target""",research target; no object claim,oral-history interview
ARED-GH-01344,"Northern Region: Cloth, pattern and social identity — oral-history interview research target 4",publication_state,"publication_state contains ""research target""",research target; no object claim,oral-history interview
ARED-GH-01345,"Northern Region: Cloth, pattern and social identity — oral-history interview research target 5",publication_state,"publication_state contains ""research target""",research target; no object claim,oral-history interview
ARED-GH-01346,"Northern Region: Cloth, pattern and social identity — publication or archival source research target 1",publication_state,"publication_state contains ""research target""",research target; no object claim,publication or archival source
ARED-GH-01347,"Northern Region: Cloth, pattern and social identity — publication or archival source research target 2",publication_state,"publication_state contains ""research target""",research target; no object claim,publication or archival source
ARED-GH-01348,"Northern Region: Cloth, pattern and social identity — publication or archival source research target 3",publication_state,"publication_state contains ""research target""",research target; no object claim,publication or archival source
ARED-GH-01349,"Northern Region: Cloth, pattern and social identity — publication or archival source research target 4",publication_state,"publication_state contains ""research target""",research target; no object claim,publication or archival source
ARED-GH-01350,"Northern Region: Cloth, pattern and social identity — publication or archival source research target 5",publication_state,"publication_state contains ""research target""",research target; no object claim,publication or archival source
ARED-GH-01351,"Northern Region: Print, colonial rule and public culture — object or artefact record research target 1",publication_state,"publication_state contains ""research target""",research target; no object claim,object or artefact record
ARED-GH-01352,"Northern Region: Print, colonial rule and public culture — object or artefact record research target 2",publication_state,"publication_state contains ""research target""",research target; no object claim,object or artefact record
ARED-GH-01353,"Northern Region: Print, colonial rule and public culture — object or artefact record research target 3",publication_state,"publication_state contains ""research target""",research target; no object claim,object or artefact record
ARED-GH-01354,"Northern Region: Print, colonial rule and public culture — object or artefact record research target 4",publication_state,"publication_state contains ""research target""",research target; no object claim,object or artefact record
ARED-GH-01355,"Northern Region: Print, colonial rule and public culture — object or artefact record research target 5",publication_state,"publication_state contains ""research target""",research target; no object claim,object or artefact record
ARED-GH-01356,"Northern Region: Print, colonial rule and public culture — maker or workshop authority record research target 1",publication_state,"publication_state contains ""research target""",research target; no object claim,maker or workshop authority record
ARED-GH-01357,"Northern Region: Print, colonial rule and public culture — maker or workshop authority record research target 2",publication_state,"publication_state contains ""research target""",research target; no object claim,maker or workshop authority record
ARED-GH-01358,"Northern Region: Print, colonial rule and public culture — maker or workshop authority record research target 3",publication_state,"publication_state contains ""research target""",research target; no object claim,maker or workshop authority record
ARED-GH-01359,"Northern Region: Print, colonial rule and public culture — maker or workshop authority record research target 4",publication_state,"publication_state contains ""research target""",research target; no object claim,maker or workshop authority record
ARED-GH-01360,"Northern Region: Print, colonial rule and public culture — maker or workshop authority record research target 5",publication_state,"publication_state contains ""research target""",research target; no object claim,maker or workshop authority record
ARED-GH-01361,"Northern Region: Print, colonial rule and public culture — institution or collection record research target 1",publication_state,"publication_state contains ""research target""",research target; no object claim,institution or collection record
ARED-GH-01362,"Northern Region: Print, colonial rule and public culture — institution or collection record research target 2",publication_state,"publication_state contains ""research target""",research target; no object claim,institution or collection record
ARED-GH-01363,"Northern Region: Print, colonial rule and public culture — institution or collection record research target 3",publication_state,"publication_state contains ""research target""",research target; no object claim,institution or collection record
ARED-GH-01364,"Northern Region: Print, colonial rule and public culture — institution or collection record research target 4",publication_state,"publication_state contains ""research target""",research target; no object claim,institution or collection record
ARED-GH-01365,"Northern Region: Print, colonial rule and public culture — institution or collection record research target 5",publication_state,"publication_state contains ""research target""",research target; no object claim,institution or collection record
ARED-GH-01366,"Northern Region: Print, colonial rule and public culture — oral-history interview research target 1",publication_state,"publication_state contains ""research target""",research target; no object claim,oral-history interview
ARED-GH-01367,"Northern Region: Print, colonial rule and public culture — oral-history interview research target 2",publication_state,"publication_state contains ""research target""",research target; no object claim,oral-history interview
ARED-GH-01368,"Northern Region: Print, colonial rule and public culture — oral-history interview research target 3",publication_state,"publication_state contains ""research target""",research target; no object claim,oral-history interview
ARED-GH-01369,"Northern Region: Print, colonial rule and public culture — oral-history interview research target 4",publication_state,"publication_state contains ""research target""",research target; no object claim,oral-history interview
ARED-GH-01370,"Northern Region: Print, colonial rule and public culture — oral-history interview research target 5",publication_state,"publication_state contains ""research target""",research target; no object claim,oral-history interview
ARED-GH-01371,"Northern Region: Print, colonial rule and public culture — publication or archival source research target 1",publication_state,"publication_state contains ""research target""",research target; no object claim,publication or archival source
ARED-GH-01372,"Northern Region: Print, colonial rule and public culture — publication or archival source research target 2",publication_state,"publication_state contains ""research target""",research target; no object claim,publication or archival source
ARED-GH-01373,"Northern Region: Print, colonial rule and public culture — publication or archival source research target 3",publication_state,"publication_state contains ""research target""",research target; no object claim,publication or archival source
ARED-GH-01374,"Northern Region: Print, colonial rule and public culture — publication or archival source research target 4",publication_state,"publication_state contains ""research target""",research target; no object claim,publication or archival source
ARED-GH-01375,"Northern Region: Print, colonial rule and public culture — publication or archival source research target 5",publication_state,"publication_state contains ""research target""",research target; no object claim,publication or archival source
ARED-GH-01376,Northern Region: Independence and state visual identity — object or artefact record research target 1,publication_state,"publication_state contains ""research target""",research target; no object claim,object or artefact record
ARED-GH-01377,Northern Region: Independence and state visual identity — object or artefact record research target 2,publication_state,"publication_state contains ""research target""",research target; no object claim,object or artefact record
ARED-GH-01378,Northern Region: Independence and state visual identity — object or artefact record research target 3,publication_state,"publication_state contains ""research target""",research target; no object claim,object or artefact record
ARED-GH-01379,Northern Region: Independence and state visual identity — object or artefact record research target 4,publication_state,"publication_state contains ""research target""",research target; no object claim,object or artefact record
ARED-GH-01380,Northern Region: Independence and state visual identity — object or artefact record research target 5,publication_state,"publication_state contains ""research target""",research target; no object claim,object or artefact record
ARED-GH-01381,Northern Region: Independence and state visual identity — maker or workshop authority record research target 1,publication_state,"publication_state contains ""research target""",research target; no object claim,maker or workshop authority record
ARED-GH-01382,Northern Region: Independence and state visual identity — maker or workshop authority record research target 2,publication_state,"publication_state contains ""research target""",research target; no object claim,maker or workshop authority record
ARED-GH-01383,Northern Region: Independence and state visual identity — maker or workshop authority record research target 3,publication_state,"publication_state contains ""research target""",research target; no object claim,maker or workshop authority record
ARED-GH-01384,Northern Region: Independence and state visual identity — maker or workshop authority record research target 4,publication_state,"publication_state contains ""research target""",research target; no object claim,maker or workshop authority record
ARED-GH-01385,Northern Region: Independence and state visual identity — maker or workshop authority record research target 5,publication_state,"publication_state contains ""research target""",research target; no object claim,maker or workshop authority record
ARED-GH-01386,Northern Region: Independence and state visual identity — institution or collection record research target 1,publication_state,"publication_state contains ""research target""",research target; no object claim,institution or collection record
ARED-GH-01387,Northern Region: Independence and state visual identity — institution or collection record research target 2,publication_state,"publication_state contains ""research target""",research target; no object claim,institution or collection record
ARED-GH-01388,Northern Region: Independence and state visual identity — institution or collection record research target 3,publication_state,"publication_state contains ""research target""",research target; no object claim,institution or collection record
ARED-GH-01389,Northern Region: Independence and state visual identity — institution or collection record research target 4,publication_state,"publication_state contains ""research target""",research target; no object claim,institution or collection record
ARED-GH-01390,Northern Region: Independence and state visual identity — institution or collection record research target 5,publication_state,"publication_state contains ""research target""",research target; no object claim,institution or collection record
ARED-GH-01391,Northern Region: Independence and state visual identity — oral-history interview research target 1,publication_state,"publication_state contains ""research target""",research target; no object claim,oral-history interview
ARED-GH-01392,Northern Region: Independence and state visual identity — oral-history interview research target 2,publication_state,"publication_state contains ""research target""",research target; no object claim,oral-history interview
ARED-GH-01393,Northern Region: Independence and state visual identity — oral-history interview research target 3,publication_state,"publication_state contains ""research target""",research target; no object claim,oral-history interview
ARED-GH-01394,Northern Region: Independence and state visual identity — oral-history interview research target 4,publication_state,"publication_state contains ""research target""",research target; no object claim,oral-history interview
ARED-GH-01395,Northern Region: Independence and state visual identity — oral-history interview research target 5,publication_state,"publication_state contains ""research target""",research target; no object claim,oral-history interview
ARED-GH-01396,Northern Region: Independence and state visual identity — publication or archival source research target 1,publication_state,"publication_state contains ""research target""",research target; no object claim,publication or archival source
ARED-GH-01397,Northern Region: Independence and state visual identity — publication or archival source research target 2,publication_state,"publication_state contains ""research target""",research target; no object claim,publication or archival source
ARED-GH-01398,Northern Region: Independence and state visual identity — publication or archival source research target 3,publication_state,"publication_state contains ""research target""",research target; no object claim,publication or archival source
ARED-GH-01399,Northern Region: Independence and state visual identity — publication or archival source research target 4,publication_state,"publication_state contains ""research target""",research target; no object claim,publication or archival source
ARED-GH-01400,Northern Region: Independence and state visual identity — publication or archival source research target 5,publication_state,"publication_state contains ""research target""",research target; no object claim,publication or archival source
ARED-GH-01401,Northern Region: Popular and everyday graphics — object or artefact record research target 1,publication_state,"publication_state contains ""research target""",research target; no object claim,object or artefact record
ARED-GH-01402,Northern Region: Popular and everyday graphics — object or artefact record research target 2,publication_state,"publication_state contains ""research target""",research target; no object claim,object or artefact record
ARED-GH-01403,Northern Region: Popular and everyday graphics — object or artefact record research target 3,publication_state,"publication_state contains ""research target""",research target; no object claim,object or artefact record
ARED-GH-01404,Northern Region: Popular and everyday graphics — object or artefact record research target 4,publication_state,"publication_state contains ""research target""",research target; no object claim,object or artefact record
ARED-GH-01405,Northern Region: Popular and everyday graphics — object or artefact record research target 5,publication_state,"publication_state contains ""research target""",research target; no object claim,object or artefact record
ARED-GH-01406,Northern Region: Popular and everyday graphics — maker or workshop authority record research target 1,publication_state,"publication_state contains ""research target""",research target; no object claim,maker or workshop authority record
ARED-GH-01407,Northern Region: Popular and everyday graphics — maker or workshop authority record research target 2,publication_state,"publication_state contains ""research target""",research target; no object claim,maker or workshop authority record
ARED-GH-01408,Northern Region: Popular and everyday graphics — maker or workshop authority record research target 3,publication_state,"publication_state contains ""research target""",research target; no object claim,maker or workshop authority record
ARED-GH-01409,Northern Region: Popular and everyday graphics — maker or workshop authority record research target 4,publication_state,"publication_state contains ""research target""",research target; no object claim,maker or workshop authority record
ARED-GH-01410,Northern Region: Popular and everyday graphics — maker or workshop authority record research target 5,publication_state,"publication_state contains ""research target""",research target; no object claim,maker or workshop authority record
ARED-GH-01411,Northern Region: Popular and everyday graphics — institution or collection record research target 1,publication_state,"publication_state contains ""research target""",research target; no object claim,institution or collection record
ARED-GH-01412,Northern Region: Popular and everyday graphics — institution or collection record research target 2,publication_state,"publication_state contains ""research target""",research target; no object claim,institution or collection record
ARED-GH-01413,Northern Region: Popular and everyday graphics — institution or collection record research target 3,publication_state,"publication_state contains ""research target""",research target; no object claim,institution or collection record
ARED-GH-01414,Northern Region: Popular and everyday graphics — institution or collection record research target 4,publication_state,"publication_state contains ""research target""",research target; no object claim,institution or collection record
ARED-GH-01415,Northern Region: Popular and everyday graphics — institution or collection record research target 5,publication_state,"publication_state contains ""research target""",research target; no object claim,institution or collection record
ARED-GH-01416,Northern Region: Popular and everyday graphics — oral-history interview research target 1,publication_state,"publication_state contains ""research target""",research target; no object claim,oral-history interview
ARED-GH-01417,Northern Region: Popular and everyday graphics — oral-history interview research target 2,publication_state,"publication_state contains ""research target""",research target; no object claim,oral-history interview
ARED-GH-01418,Northern Region: Popular and everyday graphics — oral-history interview research target 3,publication_state,"publication_state contains ""research target""",research target; no object claim,oral-history interview
ARED-GH-01419,Northern Region: Popular and everyday graphics — oral-history interview research target 4,publication_state,"publication_state contains ""research target""",research target; no object claim,oral-history interview
ARED-GH-01420,Northern Region: Popular and everyday graphics — oral-history interview research target 5,publication_state,"publication_state contains ""research target""",research target; no object claim,oral-history interview
ARED-GH-01421,Northern Region: Popular and everyday graphics — publication or archival source research target 1,publication_state,"publication_state contains ""research target""",research target; no object claim,publication or archival source
ARED-GH-01422,Northern Region: Popular and everyday graphics — publication or archival source research target 2,publication_state,"publication_state contains ""research target""",research target; no object claim,publication or archival source
ARED-GH-01423,Northern Region: Popular and everyday graphics — publication or archival source research target 3,publication_state,"publication_state contains ""research target""",research target; no object claim,publication or archival source
ARED-GH-01424,Northern Region: Popular and everyday graphics — publication or archival source research target 4,publication_state,"publication_state contains ""research target""",research target; no object claim,publication or archival source
ARED-GH-01425,Northern Region: Popular and everyday graphics — publication or archival source research target 5,publication_state,"publication_state contains ""research target""",research target; no object claim,publication or archival source
ARED-GH-01426,"Northern Region: Digital, diasporic and contemporary design — object or artefact record research target 1",publication_state,"publication_state contains ""research target""",research target; no object claim,object or artefact record
ARED-GH-01427,"Northern Region: Digital, diasporic and contemporary design — object or artefact record research target 2",publication_state,"publication_state contains ""research target""",research target; no object claim,object or artefact record
ARED-GH-01428,"Northern Region: Digital, diasporic and contemporary design — object or artefact record research target 3",publication_state,"publication_state contains ""research target""",research target; no object claim,object or artefact record
ARED-GH-01429,"Northern Region: Digital, diasporic and contemporary design — object or artefact record research target 4",publication_state,"publication_state contains ""research target""",research target; no object claim,object or artefact record
ARED-GH-01430,"Northern Region: Digital, diasporic and contemporary design — object or artefact record research target 5",publication_state,"publication_state contains ""research target""",research target; no object claim,object or artefact record
ARED-GH-01431,"Northern Region: Digital, diasporic and contemporary design — maker or workshop authority record research target 1",publication_state,"publication_state contains ""research target""",research target; no object claim,maker or workshop authority record
ARED-GH-01432,"Northern Region: Digital, diasporic and contemporary design — maker or workshop authority record research target 2",publication_state,"publication_state contains ""research target""",research target; no object claim,maker or workshop authority record
ARED-GH-01433,"Northern Region: Digital, diasporic and contemporary design — maker or workshop authority record research target 3",publication_state,"publication_state contains ""research target""",research target; no object claim,maker or workshop authority record
ARED-GH-01434,"Northern Region: Digital, diasporic and contemporary design — maker or workshop authority record research target 4",publication_state,"publication_state contains ""research target""",research target; no object claim,maker or workshop authority record
ARED-GH-01435,"Northern Region: Digital, diasporic and contemporary design — maker or workshop authority record research target 5",publication_state,"publication_state contains ""research target""",research target; no object claim,maker or workshop authority record
ARED-GH-01436,"Northern Region: Digital, diasporic and contemporary design — institution or collection record research target 1",publication_state,"publication_state contains ""research target""",research target; no object claim,institution or collection record
ARED-GH-01437,"Northern Region: Digital, diasporic and contemporary design — institution or collection record research target 2",publication_state,"publication_state contains ""research target""",research target; no object claim,institution or collection record
ARED-GH-01438,"Northern Region: Digital, diasporic and contemporary design — institution or collection record research target 3",publication_state,"publication_state contains ""research target""",research target; no object claim,institution or collection record
ARED-GH-01439,"Northern Region: Digital, diasporic and contemporary design — institution or collection record research target 4",publication_state,"publication_state contains ""research target""",research target; no object claim,institution or collection record
ARED-GH-01440,"Northern Region: Digital, diasporic and contemporary design — institution or collection record research target 5",publication_state,"publication_state contains ""research target""",research target; no object claim,institution or collection record
ARED-GH-01441,"Northern Region: Digital, diasporic and contemporary design — oral-history interview research target 1",publication_state,"publication_state contains ""research target""",research target; no object claim,oral-history interview
ARED-GH-01442,"Northern Region: Digital, diasporic and contemporary design — oral-history interview research target 2",publication_state,"publication_state contains ""research target""",research target; no object claim,oral-history interview
ARED-GH-01443,"Northern Region: Digital, diasporic and contemporary design — oral-history interview research target 3",publication_state,"publication_state contains ""research target""",research target; no object claim,oral-history interview
ARED-GH-01444,"Northern Region: Digital, diasporic and contemporary design — oral-history interview research target 4",publication_state,"publication_state contains ""research target""",research target; no object claim,oral-history interview
ARED-GH-01445,"Northern Region: Digital, diasporic and contemporary design — oral-history interview research target 5",publication_state,"publication_state contains ""research target""",research target; no object claim,oral-history interview
ARED-GH-01446,"Northern Region: Digital, diasporic and contemporary design — publication or archival source research target 1",publication_state,"publication_state contains ""research target""",research target; no object claim,publication or archival source
ARED-GH-01447,"Northern Region: Digital, diasporic and contemporary design — publication or archival source research target 2",publication_state,"publication_state contains ""research target""",research target; no object claim,publication or archival source
ARED-GH-01448,"Northern Region: Digital, diasporic and contemporary design — publication or archival source research target 3",publication_state,"publication_state contains ""research target""",research target; no object claim,publication or archival source
ARED-GH-01449,"Northern Region: Digital, diasporic and contemporary design — publication or archival source research target 4",publication_state,"publication_state contains ""research target""",research target; no object claim,publication or archival source
ARED-GH-01450,"Northern Region: Digital, diasporic and contemporary design — publication or archival source research target 5",publication_state,"publication_state contains ""research target""",research target; no object claim,publication or archival source
ARED-GH-01451,"Savannah Region: Land, cosmology and authority — object or artefact record research target 1",publication_state,"publication_state contains ""research target""",research target; no object claim,object or artefact record
ARED-GH-01452,"Savannah Region: Land, cosmology and authority — object or artefact record research target 2",publication_state,"publication_state contains ""research target""",research target; no object claim,object or artefact record
ARED-GH-01453,"Savannah Region: Land, cosmology and authority — object or artefact record research target 3",publication_state,"publication_state contains ""research target""",research target; no object claim,object or artefact record
ARED-GH-01454,"Savannah Region: Land, cosmology and authority — object or artefact record research target 4",publication_state,"publication_state contains ""research target""",research target; no object claim,object or artefact record
ARED-GH-01455,"Savannah Region: Land, cosmology and authority — object or artefact record research target 5",publication_state,"publication_state contains ""research target""",research target; no object claim,object or artefact record
ARED-GH-01456,"Savannah Region: Land, cosmology and authority — maker or workshop authority record research target 1",publication_state,"publication_state contains ""research target""",research target; no object claim,maker or workshop authority record
ARED-GH-01457,"Savannah Region: Land, cosmology and authority — maker or workshop authority record research target 2",publication_state,"publication_state contains ""research target""",research target; no object claim,maker or workshop authority record
ARED-GH-01458,"Savannah Region: Land, cosmology and authority — maker or workshop authority record research target 3",publication_state,"publication_state contains ""research target""",research target; no object claim,maker or workshop authority record
ARED-GH-01459,"Savannah Region: Land, cosmology and authority — maker or workshop authority record research target 4",publication_state,"publication_state contains ""research target""",research target; no object claim,maker or workshop authority record
ARED-GH-01460,"Savannah Region: Land, cosmology and authority — maker or workshop authority record research target 5",publication_state,"publication_state contains ""research target""",research target; no object claim,maker or workshop authority record
ARED-GH-01461,"Savannah Region: Land, cosmology and authority — institution or collection record research target 1",publication_state,"publication_state contains ""research target""",research target; no object claim,institution or collection record
ARED-GH-01462,"Savannah Region: Land, cosmology and authority — institution or collection record research target 2",publication_state,"publication_state contains ""research target""",research target; no object claim,institution or collection record
ARED-GH-01463,"Savannah Region: Land, cosmology and authority — institution or collection record research target 3",publication_state,"publication_state contains ""research target""",research target; no object claim,institution or collection record
ARED-GH-01464,"Savannah Region: Land, cosmology and authority — institution or collection record research target 4",publication_state,"publication_state contains ""research target""",research target; no object claim,institution or collection record
ARED-GH-01465,"Savannah Region: Land, cosmology and authority — institution or collection record research target 5",publication_state,"publication_state contains ""research target""",research target; no object claim,institution or collection record
ARED-GH-01466,"Savannah Region: Land, cosmology and authority — oral-history interview research target 1",publication_state,"publication_state contains ""research target""",research target; no object claim,oral-history interview
ARED-GH-01467,"Savannah Region: Land, cosmology and authority — oral-history interview research target 2",publication_state,"publication_state contains ""research target""",research target; no object claim,oral-history interview
ARED-GH-01468,"Savannah Region: Land, cosmology and authority — oral-history interview research target 3",publication_state,"publication_state contains ""research target""",research target; no object claim,oral-history interview
ARED-GH-01469,"Savannah Region: Land, cosmology and authority — oral-history interview research target 4",publication_state,"publication_state contains ""research target""",research target; no object claim,oral-history interview
ARED-GH-01470,"Savannah Region: Land, cosmology and authority — oral-history interview research target 5",publication_state,"publication_state contains ""research target""",research target; no object claim,oral-history interview
ARED-GH-01471,"Savannah Region: Land, cosmology and authority — publication or archival source research target 1",publication_state,"publication_state contains ""research target""",research target; no object claim,publication or archival source
ARED-GH-01472,"Savannah Region: Land, cosmology and authority — publication or archival source research target 2",publication_state,"publication_state contains ""research target""",research target; no object claim,publication or archival source
ARED-GH-01473,"Savannah Region: Land, cosmology and authority — publication or archival source research target 3",publication_state,"publication_state contains ""research target""",research target; no object claim,publication or archival source
ARED-GH-01474,"Savannah Region: Land, cosmology and authority — publication or archival source research target 4",publication_state,"publication_state contains ""research target""",research target; no object claim,publication or archival source
ARED-GH-01475,"Savannah Region: Land, cosmology and authority — publication or archival source research target 5",publication_state,"publication_state contains ""research target""",research target; no object claim,publication or archival source
ARED-GH-01476,"Savannah Region: Memory, proverb and performance — object or artefact record research target 1",publication_state,"publication_state contains ""research target""",research target; no object claim,object or artefact record
ARED-GH-01477,"Savannah Region: Memory, proverb and performance — object or artefact record research target 2",publication_state,"publication_state contains ""research target""",research target; no object claim,object or artefact record
ARED-GH-01478,"Savannah Region: Memory, proverb and performance — object or artefact record research target 3",publication_state,"publication_state contains ""research target""",research target; no object claim,object or artefact record
ARED-GH-01479,"Savannah Region: Memory, proverb and performance — object or artefact record research target 4",publication_state,"publication_state contains ""research target""",research target; no object claim,object or artefact record
ARED-GH-01480,"Savannah Region: Memory, proverb and performance — object or artefact record research target 5",publication_state,"publication_state contains ""research target""",research target; no object claim,object or artefact record
ARED-GH-01481,"Savannah Region: Memory, proverb and performance — maker or workshop authority record research target 1",publication_state,"publication_state contains ""research target""",research target; no object claim,maker or workshop authority record
ARED-GH-01482,"Savannah Region: Memory, proverb and performance — maker or workshop authority record research target 2",publication_state,"publication_state contains ""research target""",research target; no object claim,maker or workshop authority record
ARED-GH-01483,"Savannah Region: Memory, proverb and performance — maker or workshop authority record research target 3",publication_state,"publication_state contains ""research target""",research target; no object claim,maker or workshop authority record
ARED-GH-01484,"Savannah Region: Memory, proverb and performance — maker or workshop authority record research target 4",publication_state,"publication_state contains ""research target""",research target; no object claim,maker or workshop authority record
ARED-GH-01485,"Savannah Region: Memory, proverb and performance — maker or workshop authority record research target 5",publication_state,"publication_state contains ""research target""",research target; no object claim,maker or workshop authority record
ARED-GH-01486,"Savannah Region: Memory, proverb and performance — institution or collection record research target 1",publication_state,"publication_state contains ""research target""",research target; no object claim,institution or collection record
ARED-GH-01487,"Savannah Region: Memory, proverb and performance — institution or collection record research target 2",publication_state,"publication_state contains ""research target""",research target; no object claim,institution or collection record
ARED-GH-01488,"Savannah Region: Memory, proverb and performance — institution or collection record research target 3",publication_state,"publication_state contains ""research target""",research target; no object claim,institution or collection record
ARED-GH-01489,"Savannah Region: Memory, proverb and performance — institution or collection record research target 4",publication_state,"publication_state contains ""research target""",research target; no object claim,institution or collection record
ARED-GH-01490,"Savannah Region: Memory, proverb and performance — institution or collection record research target 5",publication_state,"publication_state contains ""research target""",research target; no object claim,institution or collection record
ARED-GH-01491,"Savannah Region: Memory, proverb and performance — oral-history interview research target 1",publication_state,"publication_state contains ""research target""",research target; no object claim,oral-history interview
ARED-GH-01492,"Savannah Region: Memory, proverb and performance — oral-history interview research target 2",publication_state,"publication_state contains ""research target""",research target; no object claim,oral-history interview
ARED-GH-01493,"Savannah Region: Memory, proverb and performance — oral-history interview research target 3",publication_state,"publication_state contains ""research target""",research target; no object claim,oral-history interview
ARED-GH-01494,"Savannah Region: Memory, proverb and performance — oral-history interview research target 4",publication_state,"publication_state contains ""research target""",research target; no object claim,oral-history interview
ARED-GH-01495,"Savannah Region: Memory, proverb and performance — oral-history interview research target 5",publication_state,"publication_state contains ""research target""",research target; no object claim,oral-history interview
ARED-GH-01496,"Savannah Region: Memory, proverb and performance — publication or archival source research target 1",publication_state,"publication_state contains ""research target""",research target; no object claim,publication or archival source
ARED-GH-01497,"Savannah Region: Memory, proverb and performance — publication or archival source research target 2",publication_state,"publication_state contains ""research target""",research target; no object claim,publication or archival source
ARED-GH-01498,"Savannah Region: Memory, proverb and performance — publication or archival source research target 3",publication_state,"publication_state contains ""research target""",research target; no object claim,publication or archival source
ARED-GH-01499,"Savannah Region: Memory, proverb and performance — publication or archival source research target 4",publication_state,"publication_state contains ""research target""",research target; no object claim,publication or archival source
ARED-GH-01500,"Savannah Region: Memory, proverb and performance — publication or archival source research target 5",publication_state,"publication_state contains ""research target""",research target; no object claim,publication or archival source
ARED-GH-01501,"Savannah Region: Cloth, pattern and social identity — object or artefact record research target 1",publication_state,"publication_state contains ""research target""",research target; no object claim,object or artefact record
ARED-GH-01502,"Savannah Region: Cloth, pattern and social identity — object or artefact record research target 2",publication_state,"publication_state contains ""research target""",research target; no object claim,object or artefact record
ARED-GH-01503,"Savannah Region: Cloth, pattern and social identity — object or artefact record research target 3",publication_state,"publication_state contains ""research target""",research target; no object claim,object or artefact record
ARED-GH-01504,"Savannah Region: Cloth, pattern and social identity — object or artefact record research target 4",publication_state,"publication_state contains ""research target""",research target; no object claim,object or artefact record
ARED-GH-01505,"Savannah Region: Cloth, pattern and social identity — object or artefact record research target 5",publication_state,"publication_state contains ""research target""",research target; no object claim,object or artefact record
ARED-GH-01506,"Savannah Region: Cloth, pattern and social identity — maker or workshop authority record research target 1",publication_state,"publication_state contains ""research target""",research target; no object claim,maker or workshop authority record
ARED-GH-01507,"Savannah Region: Cloth, pattern and social identity — maker or workshop authority record research target 2",publication_state,"publication_state contains ""research target""",research target; no object claim,maker or workshop authority record
ARED-GH-01508,"Savannah Region: Cloth, pattern and social identity — maker or workshop authority record research target 3",publication_state,"publication_state contains ""research target""",research target; no object claim,maker or workshop authority record
ARED-GH-01509,"Savannah Region: Cloth, pattern and social identity — maker or workshop authority record research target 4",publication_state,"publication_state contains ""research target""",research target; no object claim,maker or workshop authority record
ARED-GH-01510,"Savannah Region: Cloth, pattern and social identity — maker or workshop authority record research target 5",publication_state,"publication_state contains ""research target""",research target; no object claim,maker or workshop authority record
ARED-GH-01511,"Savannah Region: Cloth, pattern and social identity — institution or collection record research target 1",publication_state,"publication_state contains ""research target""",research target; no object claim,institution or collection record
ARED-GH-01512,"Savannah Region: Cloth, pattern and social identity — institution or collection record research target 2",publication_state,"publication_state contains ""research target""",research target; no object claim,institution or collection record
ARED-GH-01513,"Savannah Region: Cloth, pattern and social identity — institution or collection record research target 3",publication_state,"publication_state contains ""research target""",research target; no object claim,institution or collection record
ARED-GH-01514,"Savannah Region: Cloth, pattern and social identity — institution or collection record research target 4",publication_state,"publication_state contains ""research target""",research target; no object claim,institution or collection record
ARED-GH-01515,"Savannah Region: Cloth, pattern and social identity — institution or collection record research target 5",publication_state,"publication_state contains ""research target""",research target; no object claim,institution or collection record
ARED-GH-01516,"Savannah Region: Cloth, pattern and social identity — oral-history interview research target 1",publication_state,"publication_state contains ""research target""",research target; no object claim,oral-history interview
ARED-GH-01517,"Savannah Region: Cloth, pattern and social identity — oral-history interview research target 2",publication_state,"publication_state contains ""research target""",research target; no object claim,oral-history interview
ARED-GH-01518,"Savannah Region: Cloth, pattern and social identity — oral-history interview research target 3",publication_state,"publication_state contains ""research target""",research target; no object claim,oral-history interview
ARED-GH-01519,"Savannah Region: Cloth, pattern and social identity — oral-history interview research target 4",publication_state,"publication_state contains ""research target""",research target; no object claim,oral-history interview
ARED-GH-01520,"Savannah Region: Cloth, pattern and social identity — oral-history interview research target 5",publication_state,"publication_state contains ""research target""",research target; no object claim,oral-history interview
ARED-GH-01521,"Savannah Region: Cloth, pattern and social identity — publication or archival source research target 1",publication_state,"publication_state contains ""research target""",research target; no object claim,publication or archival source
ARED-GH-01522,"Savannah Region: Cloth, pattern and social identity — publication or archival source research target 2",publication_state,"publication_state contains ""research target""",research target; no object claim,publication or archival source
ARED-GH-01523,"Savannah Region: Cloth, pattern and social identity — publication or archival source research target 3",publication_state,"publication_state contains ""research target""",research target; no object claim,publication or archival source
ARED-GH-01524,"Savannah Region: Cloth, pattern and social identity — publication or archival source research target 4",publication_state,"publication_state contains ""research target""",research target; no object claim,publication or archival source
ARED-GH-01525,"Savannah Region: Cloth, pattern and social identity — publication or archival source research target 5",publication_state,"publication_state contains ""research target""",research target; no object claim,publication or archival source
ARED-GH-01526,"Savannah Region: Print, colonial rule and public culture — object or artefact record research target 1",publication_state,"publication_state contains ""research target""",research target; no object claim,object or artefact record
ARED-GH-01527,"Savannah Region: Print, colonial rule and public culture — object or artefact record research target 2",publication_state,"publication_state contains ""research target""",research target; no object claim,object or artefact record
ARED-GH-01528,"Savannah Region: Print, colonial rule and public culture — object or artefact record research target 3",publication_state,"publication_state contains ""research target""",research target; no object claim,object or artefact record
ARED-GH-01529,"Savannah Region: Print, colonial rule and public culture — object or artefact record research target 4",publication_state,"publication_state contains ""research target""",research target; no object claim,object or artefact record
ARED-GH-01530,"Savannah Region: Print, colonial rule and public culture — object or artefact record research target 5",publication_state,"publication_state contains ""research target""",research target; no object claim,object or artefact record
ARED-GH-01531,"Savannah Region: Print, colonial rule and public culture — maker or workshop authority record research target 1",publication_state,"publication_state contains ""research target""",research target; no object claim,maker or workshop authority record
ARED-GH-01532,"Savannah Region: Print, colonial rule and public culture — maker or workshop authority record research target 2",publication_state,"publication_state contains ""research target""",research target; no object claim,maker or workshop authority record
ARED-GH-01533,"Savannah Region: Print, colonial rule and public culture — maker or workshop authority record research target 3",publication_state,"publication_state contains ""research target""",research target; no object claim,maker or workshop authority record
ARED-GH-01534,"Savannah Region: Print, colonial rule and public culture — maker or workshop authority record research target 4",publication_state,"publication_state contains ""research target""",research target; no object claim,maker or workshop authority record
ARED-GH-01535,"Savannah Region: Print, colonial rule and public culture — maker or workshop authority record research target 5",publication_state,"publication_state contains ""research target""",research target; no object claim,maker or workshop authority record
ARED-GH-01536,"Savannah Region: Print, colonial rule and public culture — institution or collection record research target 1",publication_state,"publication_state contains ""research target""",research target; no object claim,institution or collection record
ARED-GH-01537,"Savannah Region: Print, colonial rule and public culture — institution or collection record research target 2",publication_state,"publication_state contains ""research target""",research target; no object claim,institution or collection record
ARED-GH-01538,"Savannah Region: Print, colonial rule and public culture — institution or collection record research target 3",publication_state,"publication_state contains ""research target""",research target; no object claim,institution or collection record
ARED-GH-01539,"Savannah Region: Print, colonial rule and public culture — institution or collection record research target 4",publication_state,"publication_state contains ""research target""",research target; no object claim,institution or collection record
ARED-GH-01540,"Savannah Region: Print, colonial rule and public culture — institution or collection record research target 5",publication_state,"publication_state contains ""research target""",research target; no object claim,institution or collection record
ARED-GH-01541,"Savannah Region: Print, colonial rule and public culture — oral-history interview research target 1",publication_state,"publication_state contains ""research target""",research target; no object claim,oral-history interview
ARED-GH-01542,"Savannah Region: Print, colonial rule and public culture — oral-history interview research target 2",publication_state,"publication_state contains ""research target""",research target; no object claim,oral-history interview
ARED-GH-01543,"Savannah Region: Print, colonial rule and public culture — oral-history interview research target 3",publication_state,"publication_state contains ""research target""",research target; no object claim,oral-history interview
ARED-GH-01544,"Savannah Region: Print, colonial rule and public culture — oral-history interview research target 4",publication_state,"publication_state contains ""research target""",research target; no object claim,oral-history interview
ARED-GH-01545,"Savannah Region: Print, colonial rule and public culture — oral-history interview research target 5",publication_state,"publication_state contains ""research target""",research target; no object claim,oral-history interview
ARED-GH-01546,"Savannah Region: Print, colonial rule and public culture — publication or archival source research target 1",publication_state,"publication_state contains ""research target""",research target; no object claim,publication or archival source
ARED-GH-01547,"Savannah Region: Print, colonial rule and public culture — publication or archival source research target 2",publication_state,"publication_state contains ""research target""",research target; no object claim,publication or archival source
ARED-GH-01548,"Savannah Region: Print, colonial rule and public culture — publication or archival source research target 3",publication_state,"publication_state contains ""research target""",research target; no object claim,publication or archival source
ARED-GH-01549,"Savannah Region: Print, colonial rule and public culture — publication or archival source research target 4",publication_state,"publication_state contains ""research target""",research target; no object claim,publication or archival source
ARED-GH-01550,"Savannah Region: Print, colonial rule and public culture — publication or archival source research target 5",publication_state,"publication_state contains ""research target""",research target; no object claim,publication or archival source
ARED-GH-01551,Savannah Region: Independence and state visual identity — object or artefact record research target 1,publication_state,"publication_state contains ""research target""",research target; no object claim,object or artefact record
ARED-GH-01552,Savannah Region: Independence and state visual identity — object or artefact record research target 2,publication_state,"publication_state contains ""research target""",research target; no object claim,object or artefact record
ARED-GH-01553,Savannah Region: Independence and state visual identity — object or artefact record research target 3,publication_state,"publication_state contains ""research target""",research target; no object claim,object or artefact record
ARED-GH-01554,Savannah Region: Independence and state visual identity — object or artefact record research target 4,publication_state,"publication_state contains ""research target""",research target; no object claim,object or artefact record
ARED-GH-01555,Savannah Region: Independence and state visual identity — object or artefact record research target 5,publication_state,"publication_state contains ""research target""",research target; no object claim,object or artefact record
ARED-GH-01556,Savannah Region: Independence and state visual identity — maker or workshop authority record research target 1,publication_state,"publication_state contains ""research target""",research target; no object claim,maker or workshop authority record
ARED-GH-01557,Savannah Region: Independence and state visual identity — maker or workshop authority record research target 2,publication_state,"publication_state contains ""research target""",research target; no object claim,maker or workshop authority record
ARED-GH-01558,Savannah Region: Independence and state visual identity — maker or workshop authority record research target 3,publication_state,"publication_state contains ""research target""",research target; no object claim,maker or workshop authority record
ARED-GH-01559,Savannah Region: Independence and state visual identity — maker or workshop authority record research target 4,publication_state,"publication_state contains ""research target""",research target; no object claim,maker or workshop authority record
ARED-GH-01560,Savannah Region: Independence and state visual identity — maker or workshop authority record research target 5,publication_state,"publication_state contains ""research target""",research target; no object claim,maker or workshop authority record
ARED-GH-01561,Savannah Region: Independence and state visual identity — institution or collection record research target 1,publication_state,"publication_state contains ""research target""",research target; no object claim,institution or collection record
ARED-GH-01562,Savannah Region: Independence and state visual identity — institution or collection record research target 2,publication_state,"publication_state contains ""research target""",research target; no object claim,institution or collection record
ARED-GH-01563,Savannah Region: Independence and state visual identity — institution or collection record research target 3,publication_state,"publication_state contains ""research target""",research target; no object claim,institution or collection record
ARED-GH-01564,Savannah Region: Independence and state visual identity — institution or collection record research target 4,publication_state,"publication_state contains ""research target""",research target; no object claim,institution or collection record
ARED-GH-01565,Savannah Region: Independence and state visual identity — institution or collection record research target 5,publication_state,"publication_state contains ""research target""",research target; no object claim,institution or collection record
ARED-GH-01566,Savannah Region: Independence and state visual identity — oral-history interview research target 1,publication_state,"publication_state contains ""research target""",research target; no object claim,oral-history interview
ARED-GH-01567,Savannah Region: Independence and state visual identity — oral-history interview research target 2,publication_state,"publication_state contains ""research target""",research target; no object claim,oral-history interview
ARED-GH-01568,Savannah Region: Independence and state visual identity — oral-history interview research target 3,publication_state,"publication_state contains ""research target""",research target; no object claim,oral-history interview
ARED-GH-01569,Savannah Region: Independence and state visual identity — oral-history interview research target 4,publication_state,"publication_state contains ""research target""",research target; no object claim,oral-history interview
ARED-GH-01570,Savannah Region: Independence and state visual identity — oral-history interview research target 5,publication_state,"publication_state contains ""research target""",research target; no object claim,oral-history interview
ARED-GH-01571,Savannah Region: Independence and state visual identity — publication or archival source research target 1,publication_state,"publication_state contains ""research target""",research target; no object claim,publication or archival source
ARED-GH-01572,Savannah Region: Independence and state visual identity — publication or archival source research target 2,publication_state,"publication_state contains ""research target""",research target; no object claim,publication or archival source
ARED-GH-01573,Savannah Region: Independence and state visual identity — publication or archival source research target 3,publication_state,"publication_state contains ""research target""",research target; no object claim,publication or archival source
ARED-GH-01574,Savannah Region: Independence and state visual identity — publication or archival source research target 4,publication_state,"publication_state contains ""research target""",research target; no object claim,publication or archival source
ARED-GH-01575,Savannah Region: Independence and state visual identity — publication or archival source research target 5,publication_state,"publication_state contains ""research target""",research target; no object claim,publication or archival source
ARED-GH-01576,Savannah Region: Popular and everyday graphics — object or artefact record research target 1,publication_state,"publication_state contains ""research target""",research target; no object claim,object or artefact record
ARED-GH-01577,Savannah Region: Popular and everyday graphics — object or artefact record research target 2,publication_state,"publication_state contains ""research target""",research target; no object claim,object or artefact record
ARED-GH-01578,Savannah Region: Popular and everyday graphics — object or artefact record research target 3,publication_state,"publication_state contains ""research target""",research target; no object claim,object or artefact record
ARED-GH-01579,Savannah Region: Popular and everyday graphics — object or artefact record research target 4,publication_state,"publication_state contains ""research target""",research target; no object claim,object or artefact record
ARED-GH-01580,Savannah Region: Popular and everyday graphics — object or artefact record research target 5,publication_state,"publication_state contains ""research target""",research target; no object claim,object or artefact record
ARED-GH-01581,Savannah Region: Popular and everyday graphics — maker or workshop authority record research target 1,publication_state,"publication_state contains ""research target""",research target; no object claim,maker or workshop authority record
ARED-GH-01582,Savannah Region: Popular and everyday graphics — maker or workshop authority record research target 2,publication_state,"publication_state contains ""research target""",research target; no object claim,maker or workshop authority record
ARED-GH-01583,Savannah Region: Popular and everyday graphics — maker or workshop authority record research target 3,publication_state,"publication_state contains ""research target""",research target; no object claim,maker or workshop authority record
ARED-GH-01584,Savannah Region: Popular and everyday graphics — maker or workshop authority record research target 4,publication_state,"publication_state contains ""research target""",research target; no object claim,maker or workshop authority record
ARED-GH-01585,Savannah Region: Popular and everyday graphics — maker or workshop authority record research target 5,publication_state,"publication_state contains ""research target""",research target; no object claim,maker or workshop authority record
ARED-GH-01586,Savannah Region: Popular and everyday graphics — institution or collection record research target 1,publication_state,"publication_state contains ""research target""",research target; no object claim,institution or collection record
ARED-GH-01587,Savannah Region: Popular and everyday graphics — institution or collection record research target 2,publication_state,"publication_state contains ""research target""",research target; no object claim,institution or collection record
ARED-GH-01588,Savannah Region: Popular and everyday graphics — institution or collection record research target 3,publication_state,"publication_state contains ""research target""",research target; no object claim,institution or collection record
ARED-GH-01589,Savannah Region: Popular and everyday graphics — institution or collection record research target 4,publication_state,"publication_state contains ""research target""",research target; no object claim,institution or collection record
ARED-GH-01590,Savannah Region: Popular and everyday graphics — institution or collection record research target 5,publication_state,"publication_state contains ""research target""",research target; no object claim,institution or collection record
ARED-GH-01591,Savannah Region: Popular and everyday graphics — oral-history interview research target 1,publication_state,"publication_state contains ""research target""",research target; no object claim,oral-history interview
ARED-GH-01592,Savannah Region: Popular and everyday graphics — oral-history interview research target 2,publication_state,"publication_state contains ""research target""",research target; no object claim,oral-history interview
ARED-GH-01593,Savannah Region: Popular and everyday graphics — oral-history interview research target 3,publication_state,"publication_state contains ""research target""",research target; no object claim,oral-history interview
ARED-GH-01594,Savannah Region: Popular and everyday graphics — oral-history interview research target 4,publication_state,"publication_state contains ""research target""",research target; no object claim,oral-history interview
ARED-GH-01595,Savannah Region: Popular and everyday graphics — oral-history interview research target 5,publication_state,"publication_state contains ""research target""",research target; no object claim,oral-history interview
ARED-GH-01596,Savannah Region: Popular and everyday graphics — publication or archival source research target 1,publication_state,"publication_state contains ""research target""",research target; no object claim,publication or archival source
ARED-GH-01597,Savannah Region: Popular and everyday graphics — publication or archival source research target 2,publication_state,"publication_state contains ""research target""",research target; no object claim,publication or archival source
ARED-GH-01598,Savannah Region: Popular and everyday graphics — publication or archival source research target 3,publication_state,"publication_state contains ""research target""",research target; no object claim,publication or archival source
ARED-GH-01599,Savannah Region: Popular and everyday graphics — publication or archival source research target 4,publication_state,"publication_state contains ""research target""",research target; no object claim,publication or archival source
ARED-GH-01600,Savannah Region: Popular and everyday graphics — publication or archival source research target 5,publication_state,"publication_state contains ""research target""",research target; no object claim,publication or archival source
ARED-GH-01601,"Savannah Region: Digital, diasporic and contemporary design — object or artefact record research target 1",publication_state,"publication_state contains ""research target""",research target; no object claim,object or artefact record
ARED-GH-01602,"Savannah Region: Digital, diasporic and contemporary design — object or artefact record research target 2",publication_state,"publication_state contains ""research target""",research target; no object claim,object or artefact record
ARED-GH-01603,"Savannah Region: Digital, diasporic and contemporary design — object or artefact record research target 3",publication_state,"publication_state contains ""research target""",research target; no object claim,object or artefact record
ARED-GH-01604,"Savannah Region: Digital, diasporic and contemporary design — object or artefact record research target 4",publication_state,"publication_state contains ""research target""",research target; no object claim,object or artefact record
ARED-GH-01605,"Savannah Region: Digital, diasporic and contemporary design — object or artefact record research target 5",publication_state,"publication_state contains ""research target""",research target; no object claim,object or artefact record
ARED-GH-01606,"Savannah Region: Digital, diasporic and contemporary design — maker or workshop authority record research target 1",publication_state,"publication_state contains ""research target""",research target; no object claim,maker or workshop authority record
ARED-GH-01607,"Savannah Region: Digital, diasporic and contemporary design — maker or workshop authority record research target 2",publication_state,"publication_state contains ""research target""",research target; no object claim,maker or workshop authority record
ARED-GH-01608,"Savannah Region: Digital, diasporic and contemporary design — maker or workshop authority record research target 3",publication_state,"publication_state contains ""research target""",research target; no object claim,maker or workshop authority record
ARED-GH-01609,"Savannah Region: Digital, diasporic and contemporary design — maker or workshop authority record research target 4",publication_state,"publication_state contains ""research target""",research target; no object claim,maker or workshop authority record
ARED-GH-01610,"Savannah Region: Digital, diasporic and contemporary design — maker or workshop authority record research target 5",publication_state,"publication_state contains ""research target""",research target; no object claim,maker or workshop authority record
ARED-GH-01611,"Savannah Region: Digital, diasporic and contemporary design — institution or collection record research target 1",publication_state,"publication_state contains ""research target""",research target; no object claim,institution or collection record
ARED-GH-01612,"Savannah Region: Digital, diasporic and contemporary design — institution or collection record research target 2",publication_state,"publication_state contains ""research target""",research target; no object claim,institution or collection record
ARED-GH-01613,"Savannah Region: Digital, diasporic and contemporary design — institution or collection record research target 3",publication_state,"publication_state contains ""research target""",research target; no object claim,institution or collection record
ARED-GH-01614,"Savannah Region: Digital, diasporic and contemporary design — institution or collection record research target 4",publication_state,"publication_state contains ""research target""",research target; no object claim,institution or collection record
ARED-GH-01615,"Savannah Region: Digital, diasporic and contemporary design — institution or collection record research target 5",publication_state,"publication_state contains ""research target""",research target; no object claim,institution or collection record
ARED-GH-01616,"Savannah Region: Digital, diasporic and contemporary design — oral-history interview research target 1",publication_state,"publication_state contains ""research target""",research target; no object claim,oral-history interview
ARED-GH-01617,"Savannah Region: Digital, diasporic and contemporary design — oral-history interview research target 2",publication_state,"publication_state contains ""research target""",research target; no object claim,oral-history interview
ARED-GH-01618,"Savannah Region: Digital, diasporic and contemporary design — oral-history interview research target 3",publication_state,"publication_state contains ""research target""",research target; no object claim,oral-history interview
ARED-GH-01619,"Savannah Region: Digital, diasporic and contemporary design — oral-history interview research target 4",publication_state,"publication_state contains ""research target""",research target; no object claim,oral-history interview
ARED-GH-01620,"Savannah Region: Digital, diasporic and contemporary design — oral-history interview research target 5",publication_state,"publication_state contains ""research target""",research target; no object claim,oral-history interview
ARED-GH-01621,"Savannah Region: Digital, diasporic and contemporary design — publication or archival source research target 1",publication_state,"publication_state contains ""research target""",research target; no object claim,publication or archival source
ARED-GH-01622,"Savannah Region: Digital, diasporic and contemporary design — publication or archival source research target 2",publication_state,"publication_state contains ""research target""",research target; no object claim,publication or archival source
ARED-GH-01623,"Savannah Region: Digital, diasporic and contemporary design — publication or archival source research target 3",publication_state,"publication_state contains ""research target""",research target; no object claim,publication or archival source
ARED-GH-01624,"Savannah Region: Digital, diasporic and contemporary design — publication or archival source research target 4",publication_state,"publication_state contains ""research target""",research target; no object claim,publication or archival source
ARED-GH-01625,"Savannah Region: Digital, diasporic and contemporary design — publication or archival source research target 5",publication_state,"publication_state contains ""research target""",research target; no object claim,publication or archival source
ARED-GH-01626,"North East Region: Land, cosmology and authority — object or artefact record research target 1",publication_state,"publication_state contains ""research target""",research target; no object claim,object or artefact record
ARED-GH-01627,"North East Region: Land, cosmology and authority — object or artefact record research target 2",publication_state,"publication_state contains ""research target""",research target; no object claim,object or artefact record
ARED-GH-01628,"North East Region: Land, cosmology and authority — object or artefact record research target 3",publication_state,"publication_state contains ""research target""",research target; no object claim,object or artefact record
ARED-GH-01629,"North East Region: Land, cosmology and authority — object or artefact record research target 4",publication_state,"publication_state contains ""research target""",research target; no object claim,object or artefact record
ARED-GH-01630,"North East Region: Land, cosmology and authority — object or artefact record research target 5",publication_state,"publication_state contains ""research target""",research target; no object claim,object or artefact record
ARED-GH-01631,"North East Region: Land, cosmology and authority — maker or workshop authority record research target 1",publication_state,"publication_state contains ""research target""",research target; no object claim,maker or workshop authority record
ARED-GH-01632,"North East Region: Land, cosmology and authority — maker or workshop authority record research target 2",publication_state,"publication_state contains ""research target""",research target; no object claim,maker or workshop authority record
ARED-GH-01633,"North East Region: Land, cosmology and authority — maker or workshop authority record research target 3",publication_state,"publication_state contains ""research target""",research target; no object claim,maker or workshop authority record
ARED-GH-01634,"North East Region: Land, cosmology and authority — maker or workshop authority record research target 4",publication_state,"publication_state contains ""research target""",research target; no object claim,maker or workshop authority record
ARED-GH-01635,"North East Region: Land, cosmology and authority — maker or workshop authority record research target 5",publication_state,"publication_state contains ""research target""",research target; no object claim,maker or workshop authority record
ARED-GH-01636,"North East Region: Land, cosmology and authority — institution or collection record research target 1",publication_state,"publication_state contains ""research target""",research target; no object claim,institution or collection record
ARED-GH-01637,"North East Region: Land, cosmology and authority — institution or collection record research target 2",publication_state,"publication_state contains ""research target""",research target; no object claim,institution or collection record
ARED-GH-01638,"North East Region: Land, cosmology and authority — institution or collection record research target 3",publication_state,"publication_state contains ""research target""",research target; no object claim,institution or collection record
ARED-GH-01639,"North East Region: Land, cosmology and authority — institution or collection record research target 4",publication_state,"publication_state contains ""research target""",research target; no object claim,institution or collection record
ARED-GH-01640,"North East Region: Land, cosmology and authority — institution or collection record research target 5",publication_state,"publication_state contains ""research target""",research target; no object claim,institution or collection record
ARED-GH-01641,"North East Region: Land, cosmology and authority — oral-history interview research target 1",publication_state,"publication_state contains ""research target""",research target; no object claim,oral-history interview
ARED-GH-01642,"North East Region: Land, cosmology and authority — oral-history interview research target 2",publication_state,"publication_state contains ""research target""",research target; no object claim,oral-history interview
ARED-GH-01643,"North East Region: Land, cosmology and authority — oral-history interview research target 3",publication_state,"publication_state contains ""research target""",research target; no object claim,oral-history interview
ARED-GH-01644,"North East Region: Land, cosmology and authority — oral-history interview research target 4",publication_state,"publication_state contains ""research target""",research target; no object claim,oral-history interview
ARED-GH-01645,"North East Region: Land, cosmology and authority — oral-history interview research target 5",publication_state,"publication_state contains ""research target""",research target; no object claim,oral-history interview
ARED-GH-01646,"North East Region: Land, cosmology and authority — publication or archival source research target 1",publication_state,"publication_state contains ""research target""",research target; no object claim,publication or archival source
ARED-GH-01647,"North East Region: Land, cosmology and authority — publication or archival source research target 2",publication_state,"publication_state contains ""research target""",research target; no object claim,publication or archival source
ARED-GH-01648,"North East Region: Land, cosmology and authority — publication or archival source research target 3",publication_state,"publication_state contains ""research target""",research target; no object claim,publication or archival source
ARED-GH-01649,"North East Region: Land, cosmology and authority — publication or archival source research target 4",publication_state,"publication_state contains ""research target""",research target; no object claim,publication or archival source
ARED-GH-01650,"North East Region: Land, cosmology and authority — publication or archival source research target 5",publication_state,"publication_state contains ""research target""",research target; no object claim,publication or archival source
ARED-GH-01651,"North East Region: Memory, proverb and performance — object or artefact record research target 1",publication_state,"publication_state contains ""research target""",research target; no object claim,object or artefact record
ARED-GH-01652,"North East Region: Memory, proverb and performance — object or artefact record research target 2",publication_state,"publication_state contains ""research target""",research target; no object claim,object or artefact record
ARED-GH-01653,"North East Region: Memory, proverb and performance — object or artefact record research target 3",publication_state,"publication_state contains ""research target""",research target; no object claim,object or artefact record
ARED-GH-01654,"North East Region: Memory, proverb and performance — object or artefact record research target 4",publication_state,"publication_state contains ""research target""",research target; no object claim,object or artefact record
ARED-GH-01655,"North East Region: Memory, proverb and performance — object or artefact record research target 5",publication_state,"publication_state contains ""research target""",research target; no object claim,object or artefact record
ARED-GH-01656,"North East Region: Memory, proverb and performance — maker or workshop authority record research target 1",publication_state,"publication_state contains ""research target""",research target; no object claim,maker or workshop authority record
ARED-GH-01657,"North East Region: Memory, proverb and performance — maker or workshop authority record research target 2",publication_state,"publication_state contains ""research target""",research target; no object claim,maker or workshop authority record
ARED-GH-01658,"North East Region: Memory, proverb and performance — maker or workshop authority record research target 3",publication_state,"publication_state contains ""research target""",research target; no object claim,maker or workshop authority record
ARED-GH-01659,"North East Region: Memory, proverb and performance — maker or workshop authority record research target 4",publication_state,"publication_state contains ""research target""",research target; no object claim,maker or workshop authority record
ARED-GH-01660,"North East Region: Memory, proverb and performance — maker or workshop authority record research target 5",publication_state,"publication_state contains ""research target""",research target; no object claim,maker or workshop authority record
ARED-GH-01661,"North East Region: Memory, proverb and performance — institution or collection record research target 1",publication_state,"publication_state contains ""research target""",research target; no object claim,institution or collection record
ARED-GH-01662,"North East Region: Memory, proverb and performance — institution or collection record research target 2",publication_state,"publication_state contains ""research target""",research target; no object claim,institution or collection record
ARED-GH-01663,"North East Region: Memory, proverb and performance — institution or collection record research target 3",publication_state,"publication_state contains ""research target""",research target; no object claim,institution or collection record
ARED-GH-01664,"North East Region: Memory, proverb and performance — institution or collection record research target 4",publication_state,"publication_state contains ""research target""",research target; no object claim,institution or collection record
ARED-GH-01665,"North East Region: Memory, proverb and performance — institution or collection record research target 5",publication_state,"publication_state contains ""research target""",research target; no object claim,institution or collection record
ARED-GH-01666,"North East Region: Memory, proverb and performance — oral-history interview research target 1",publication_state,"publication_state contains ""research target""",research target; no object claim,oral-history interview
ARED-GH-01667,"North East Region: Memory, proverb and performance — oral-history interview research target 2",publication_state,"publication_state contains ""research target""",research target; no object claim,oral-history interview
ARED-GH-01668,"North East Region: Memory, proverb and performance — oral-history interview research target 3",publication_state,"publication_state contains ""research target""",research target; no object claim,oral-history interview
ARED-GH-01669,"North East Region: Memory, proverb and performance — oral-history interview research target 4",publication_state,"publication_state contains ""research target""",research target; no object claim,oral-history interview
ARED-GH-01670,"North East Region: Memory, proverb and performance — oral-history interview research target 5",publication_state,"publication_state contains ""research target""",research target; no object claim,oral-history interview
ARED-GH-01671,"North East Region: Memory, proverb and performance — publication or archival source research target 1",publication_state,"publication_state contains ""research target""",research target; no object claim,publication or archival source
ARED-GH-01672,"North East Region: Memory, proverb and performance — publication or archival source research target 2",publication_state,"publication_state contains ""research target""",research target; no object claim,publication or archival source
ARED-GH-01673,"North East Region: Memory, proverb and performance — publication or archival source research target 3",publication_state,"publication_state contains ""research target""",research target; no object claim,publication or archival source
ARED-GH-01674,"North East Region: Memory, proverb and performance — publication or archival source research target 4",publication_state,"publication_state contains ""research target""",research target; no object claim,publication or archival source
ARED-GH-01675,"North East Region: Memory, proverb and performance — publication or archival source research target 5",publication_state,"publication_state contains ""research target""",research target; no object claim,publication or archival source
ARED-GH-01676,"North East Region: Cloth, pattern and social identity — object or artefact record research target 1",publication_state,"publication_state contains ""research target""",research target; no object claim,object or artefact record
ARED-GH-01677,"North East Region: Cloth, pattern and social identity — object or artefact record research target 2",publication_state,"publication_state contains ""research target""",research target; no object claim,object or artefact record
ARED-GH-01678,"North East Region: Cloth, pattern and social identity — object or artefact record research target 3",publication_state,"publication_state contains ""research target""",research target; no object claim,object or artefact record
ARED-GH-01679,"North East Region: Cloth, pattern and social identity — object or artefact record research target 4",publication_state,"publication_state contains ""research target""",research target; no object claim,object or artefact record
ARED-GH-01680,"North East Region: Cloth, pattern and social identity — object or artefact record research target 5",publication_state,"publication_state contains ""research target""",research target; no object claim,object or artefact record
ARED-GH-01681,"North East Region: Cloth, pattern and social identity — maker or workshop authority record research target 1",publication_state,"publication_state contains ""research target""",research target; no object claim,maker or workshop authority record
ARED-GH-01682,"North East Region: Cloth, pattern and social identity — maker or workshop authority record research target 2",publication_state,"publication_state contains ""research target""",research target; no object claim,maker or workshop authority record
ARED-GH-01683,"North East Region: Cloth, pattern and social identity — maker or workshop authority record research target 3",publication_state,"publication_state contains ""research target""",research target; no object claim,maker or workshop authority record
ARED-GH-01684,"North East Region: Cloth, pattern and social identity — maker or workshop authority record research target 4",publication_state,"publication_state contains ""research target""",research target; no object claim,maker or workshop authority record
ARED-GH-01685,"North East Region: Cloth, pattern and social identity — maker or workshop authority record research target 5",publication_state,"publication_state contains ""research target""",research target; no object claim,maker or workshop authority record
ARED-GH-01686,"North East Region: Cloth, pattern and social identity — institution or collection record research target 1",publication_state,"publication_state contains ""research target""",research target; no object claim,institution or collection record
ARED-GH-01687,"North East Region: Cloth, pattern and social identity — institution or collection record research target 2",publication_state,"publication_state contains ""research target""",research target; no object claim,institution or collection record
ARED-GH-01688,"North East Region: Cloth, pattern and social identity — institution or collection record research target 3",publication_state,"publication_state contains ""research target""",research target; no object claim,institution or collection record
ARED-GH-01689,"North East Region: Cloth, pattern and social identity — institution or collection record research target 4",publication_state,"publication_state contains ""research target""",research target; no object claim,institution or collection record
ARED-GH-01690,"North East Region: Cloth, pattern and social identity — institution or collection record research target 5",publication_state,"publication_state contains ""research target""",research target; no object claim,institution or collection record
ARED-GH-01691,"North East Region: Cloth, pattern and social identity — oral-history interview research target 1",publication_state,"publication_state contains ""research target""",research target; no object claim,oral-history interview
ARED-GH-01692,"North East Region: Cloth, pattern and social identity — oral-history interview research target 2",publication_state,"publication_state contains ""research target""",research target; no object claim,oral-history interview
ARED-GH-01693,"North East Region: Cloth, pattern and social identity — oral-history interview research target 3",publication_state,"publication_state contains ""research target""",research target; no object claim,oral-history interview
ARED-GH-01694,"North East Region: Cloth, pattern and social identity — oral-history interview research target 4",publication_state,"publication_state contains ""research target""",research target; no object claim,oral-history interview
ARED-GH-01695,"North East Region: Cloth, pattern and social identity — oral-history interview research target 5",publication_state,"publication_state contains ""research target""",research target; no object claim,oral-history interview
ARED-GH-01696,"North East Region: Cloth, pattern and social identity — publication or archival source research target 1",publication_state,"publication_state contains ""research target""",research target; no object claim,publication or archival source
ARED-GH-01697,"North East Region: Cloth, pattern and social identity — publication or archival source research target 2",publication_state,"publication_state contains ""research target""",research target; no object claim,publication or archival source
ARED-GH-01698,"North East Region: Cloth, pattern and social identity — publication or archival source research target 3",publication_state,"publication_state contains ""research target""",research target; no object claim,publication or archival source
ARED-GH-01699,"North East Region: Cloth, pattern and social identity — publication or archival source research target 4",publication_state,"publication_state contains ""research target""",research target; no object claim,publication or archival source
ARED-GH-01700,"North East Region: Cloth, pattern and social identity — publication or archival source research target 5",publication_state,"publication_state contains ""research target""",research target; no object claim,publication or archival source
ARED-GH-01701,"North East Region: Print, colonial rule and public culture — object or artefact record research target 1",publication_state,"publication_state contains ""research target""",research target; no object claim,object or artefact record
ARED-GH-01702,"North East Region: Print, colonial rule and public culture — object or artefact record research target 2",publication_state,"publication_state contains ""research target""",research target; no object claim,object or artefact record
ARED-GH-01703,"North East Region: Print, colonial rule and public culture — object or artefact record research target 3",publication_state,"publication_state contains ""research target""",research target; no object claim,object or artefact record
ARED-GH-01704,"North East Region: Print, colonial rule and public culture — object or artefact record research target 4",publication_state,"publication_state contains ""research target""",research target; no object claim,object or artefact record
ARED-GH-01705,"North East Region: Print, colonial rule and public culture — object or artefact record research target 5",publication_state,"publication_state contains ""research target""",research target; no object claim,object or artefact record
ARED-GH-01706,"North East Region: Print, colonial rule and public culture — maker or workshop authority record research target 1",publication_state,"publication_state contains ""research target""",research target; no object claim,maker or workshop authority record
ARED-GH-01707,"North East Region: Print, colonial rule and public culture — maker or workshop authority record research target 2",publication_state,"publication_state contains ""research target""",research target; no object claim,maker or workshop authority record
ARED-GH-01708,"North East Region: Print, colonial rule and public culture — maker or workshop authority record research target 3",publication_state,"publication_state contains ""research target""",research target; no object claim,maker or workshop authority record
ARED-GH-01709,"North East Region: Print, colonial rule and public culture — maker or workshop authority record research target 4",publication_state,"publication_state contains ""research target""",research target; no object claim,maker or workshop authority record
ARED-GH-01710,"North East Region: Print, colonial rule and public culture — maker or workshop authority record research target 5",publication_state,"publication_state contains ""research target""",research target; no object claim,maker or workshop authority record
ARED-GH-01711,"North East Region: Print, colonial rule and public culture — institution or collection record research target 1",publication_state,"publication_state contains ""research target""",research target; no object claim,institution or collection record
ARED-GH-01712,"North East Region: Print, colonial rule and public culture — institution or collection record research target 2",publication_state,"publication_state contains ""research target""",research target; no object claim,institution or collection record
ARED-GH-01713,"North East Region: Print, colonial rule and public culture — institution or collection record research target 3",publication_state,"publication_state contains ""research target""",research target; no object claim,institution or collection record
ARED-GH-01714,"North East Region: Print, colonial rule and public culture — institution or collection record research target 4",publication_state,"publication_state contains ""research target""",research target; no object claim,institution or collection record
ARED-GH-01715,"North East Region: Print, colonial rule and public culture — institution or collection record research target 5",publication_state,"publication_state contains ""research target""",research target; no object claim,institution or collection record
ARED-GH-01716,"North East Region: Print, colonial rule and public culture — oral-history interview research target 1",publication_state,"publication_state contains ""research target""",research target; no object claim,oral-history interview
ARED-GH-01717,"North East Region: Print, colonial rule and public culture — oral-history interview research target 2",publication_state,"publication_state contains ""research target""",research target; no object claim,oral-history interview
ARED-GH-01718,"North East Region: Print, colonial rule and public culture — oral-history interview research target 3",publication_state,"publication_state contains ""research target""",research target; no object claim,oral-history interview
ARED-GH-01719,"North East Region: Print, colonial rule and public culture — oral-history interview research target 4",publication_state,"publication_state contains ""research target""",research target; no object claim,oral-history interview
ARED-GH-01720,"North East Region: Print, colonial rule and public culture — oral-history interview research target 5",publication_state,"publication_state contains ""research target""",research target; no object claim,oral-history interview
ARED-GH-01721,"North East Region: Print, colonial rule and public culture — publication or archival source research target 1",publication_state,"publication_state contains ""research target""",research target; no object claim,publication or archival source
ARED-GH-01722,"North East Region: Print, colonial rule and public culture — publication or archival source research target 2",publication_state,"publication_state contains ""research target""",research target; no object claim,publication or archival source
ARED-GH-01723,"North East Region: Print, colonial rule and public culture — publication or archival source research target 3",publication_state,"publication_state contains ""research target""",research target; no object claim,publication or archival source
ARED-GH-01724,"North East Region: Print, colonial rule and public culture — publication or archival source research target 4",publication_state,"publication_state contains ""research target""",research target; no object claim,publication or archival source
ARED-GH-01725,"North East Region: Print, colonial rule and public culture — publication or archival source research target 5",publication_state,"publication_state contains ""research target""",research target; no object claim,publication or archival source
ARED-GH-01726,North East Region: Independence and state visual identity — object or artefact record research target 1,publication_state,"publication_state contains ""research target""",research target; no object claim,object or artefact record
ARED-GH-01727,North East Region: Independence and state visual identity — object or artefact record research target 2,publication_state,"publication_state contains ""research target""",research target; no object claim,object or artefact record
ARED-GH-01728,North East Region: Independence and state visual identity — object or artefact record research target 3,publication_state,"publication_state contains ""research target""",research target; no object claim,object or artefact record
ARED-GH-01729,North East Region: Independence and state visual identity — object or artefact record research target 4,publication_state,"publication_state contains ""research target""",research target; no object claim,object or artefact record
ARED-GH-01730,North East Region: Independence and state visual identity — object or artefact record research target 5,publication_state,"publication_state contains ""research target""",research target; no object claim,object or artefact record
ARED-GH-01731,North East Region: Independence and state visual identity — maker or workshop authority record research target 1,publication_state,"publication_state contains ""research target""",research target; no object claim,maker or workshop authority record
ARED-GH-01732,North East Region: Independence and state visual identity — maker or workshop authority record research target 2,publication_state,"publication_state contains ""research target""",research target; no object claim,maker or workshop authority record
ARED-GH-01733,North East Region: Independence and state visual identity — maker or workshop authority record research target 3,publication_state,"publication_state contains ""research target""",research target; no object claim,maker or workshop authority record
ARED-GH-01734,North East Region: Independence and state visual identity — maker or workshop authority record research target 4,publication_state,"publication_state contains ""research target""",research target; no object claim,maker or workshop authority record
ARED-GH-01735,North East Region: Independence and state visual identity — maker or workshop authority record research target 5,publication_state,"publication_state contains ""research target""",research target; no object claim,maker or workshop authority record
ARED-GH-01736,North East Region: Independence and state visual identity — institution or collection record research target 1,publication_state,"publication_state contains ""research target""",research target; no object claim,institution or collection record
ARED-GH-01737,North East Region: Independence and state visual identity — institution or collection record research target 2,publication_state,"publication_state contains ""research target""",research target; no object claim,institution or collection record
ARED-GH-01738,North East Region: Independence and state visual identity — institution or collection record research target 3,publication_state,"publication_state contains ""research target""",research target; no object claim,institution or collection record
ARED-GH-01739,North East Region: Independence and state visual identity — institution or collection record research target 4,publication_state,"publication_state contains ""research target""",research target; no object claim,institution or collection record
ARED-GH-01740,North East Region: Independence and state visual identity — institution or collection record research target 5,publication_state,"publication_state contains ""research target""",research target; no object claim,institution or collection record
ARED-GH-01741,North East Region: Independence and state visual identity — oral-history interview research target 1,publication_state,"publication_state contains ""research target""",research target; no object claim,oral-history interview
ARED-GH-01742,North East Region: Independence and state visual identity — oral-history interview research target 2,publication_state,"publication_state contains ""research target""",research target; no object claim,oral-history interview
ARED-GH-01743,North East Region: Independence and state visual identity — oral-history interview research target 3,publication_state,"publication_state contains ""research target""",research target; no object claim,oral-history interview
ARED-GH-01744,North East Region: Independence and state visual identity — oral-history interview research target 4,publication_state,"publication_state contains ""research target""",research target; no object claim,oral-history interview
ARED-GH-01745,North East Region: Independence and state visual identity — oral-history interview research target 5,publication_state,"publication_state contains ""research target""",research target; no object claim,oral-history interview
ARED-GH-01746,North East Region: Independence and state visual identity — publication or archival source research target 1,publication_state,"publication_state contains ""research target""",research target; no object claim,publication or archival source
ARED-GH-01747,North East Region: Independence and state visual identity — publication or archival source research target 2,publication_state,"publication_state contains ""research target""",research target; no object claim,publication or archival source
ARED-GH-01748,North East Region: Independence and state visual identity — publication or archival source research target 3,publication_state,"publication_state contains ""research target""",research target; no object claim,publication or archival source
ARED-GH-01749,North East Region: Independence and state visual identity — publication or archival source research target 4,publication_state,"publication_state contains ""research target""",research target; no object claim,publication or archival source
ARED-GH-01750,North East Region: Independence and state visual identity — publication or archival source research target 5,publication_state,"publication_state contains ""research target""",research target; no object claim,publication or archival source
ARED-GH-01751,North East Region: Popular and everyday graphics — object or artefact record research target 1,publication_state,"publication_state contains ""research target""",research target; no object claim,object or artefact record
ARED-GH-01752,North East Region: Popular and everyday graphics — object or artefact record research target 2,publication_state,"publication_state contains ""research target""",research target; no object claim,object or artefact record
ARED-GH-01753,North East Region: Popular and everyday graphics — object or artefact record research target 3,publication_state,"publication_state contains ""research target""",research target; no object claim,object or artefact record
ARED-GH-01754,North East Region: Popular and everyday graphics — object or artefact record research target 4,publication_state,"publication_state contains ""research target""",research target; no object claim,object or artefact record
ARED-GH-01755,North East Region: Popular and everyday graphics — object or artefact record research target 5,publication_state,"publication_state contains ""research target""",research target; no object claim,object or artefact record
ARED-GH-01756,North East Region: Popular and everyday graphics — maker or workshop authority record research target 1,publication_state,"publication_state contains ""research target""",research target; no object claim,maker or workshop authority record
ARED-GH-01757,North East Region: Popular and everyday graphics — maker or workshop authority record research target 2,publication_state,"publication_state contains ""research target""",research target; no object claim,maker or workshop authority record
ARED-GH-01758,North East Region: Popular and everyday graphics — maker or workshop authority record research target 3,publication_state,"publication_state contains ""research target""",research target; no object claim,maker or workshop authority record
ARED-GH-01759,North East Region: Popular and everyday graphics — maker or workshop authority record research target 4,publication_state,"publication_state contains ""research target""",research target; no object claim,maker or workshop authority record
ARED-GH-01760,North East Region: Popular and everyday graphics — maker or workshop authority record research target 5,publication_state,"publication_state contains ""research target""",research target; no object claim,maker or workshop authority record
ARED-GH-01761,North East Region: Popular and everyday graphics — institution or collection record research target 1,publication_state,"publication_state contains ""research target""",research target; no object claim,institution or collection record
ARED-GH-01762,North East Region: Popular and everyday graphics — institution or collection record research target 2,publication_state,"publication_state contains ""research target""",research target; no object claim,institution or collection record
ARED-GH-01763,North East Region: Popular and everyday graphics — institution or collection record research target 3,publication_state,"publication_state contains ""research target""",research target; no object claim,institution or collection record
ARED-GH-01764,North East Region: Popular and everyday graphics — institution or collection record research target 4,publication_state,"publication_state contains ""research target""",research target; no object claim,institution or collection record
ARED-GH-01765,North East Region: Popular and everyday graphics — institution or collection record research target 5,publication_state,"publication_state contains ""research target""",research target; no object claim,institution or collection record
ARED-GH-01766,North East Region: Popular and everyday graphics — oral-history interview research target 1,publication_state,"publication_state contains ""research target""",research target; no object claim,oral-history interview
ARED-GH-01767,North East Region: Popular and everyday graphics — oral-history interview research target 2,publication_state,"publication_state contains ""research target""",research target; no object claim,oral-history interview
ARED-GH-01768,North East Region: Popular and everyday graphics — oral-history interview research target 3,publication_state,"publication_state contains ""research target""",research target; no object claim,oral-history interview
ARED-GH-01769,North East Region: Popular and everyday graphics — oral-history interview research target 4,publication_state,"publication_state contains ""research target""",research target; no object claim,oral-history interview
ARED-GH-01770,North East Region: Popular and everyday graphics — oral-history interview research target 5,publication_state,"publication_state contains ""research target""",research target; no object claim,oral-history interview
ARED-GH-01771,North East Region: Popular and everyday graphics — publication or archival source research target 1,publication_state,"publication_state contains ""research target""",research target; no object claim,publication or archival source
ARED-GH-01772,North East Region: Popular and everyday graphics — publication or archival source research target 2,publication_state,"publication_state contains ""research target""",research target; no object claim,publication or archival source
ARED-GH-01773,North East Region: Popular and everyday graphics — publication or archival source research target 3,publication_state,"publication_state contains ""research target""",research target; no object claim,publication or archival source
ARED-GH-01774,North East Region: Popular and everyday graphics — publication or archival source research target 4,publication_state,"publication_state contains ""research target""",research target; no object claim,publication or archival source
ARED-GH-01775,North East Region: Popular and everyday graphics — publication or archival source research target 5,publication_state,"publication_state contains ""research target""",research target; no object claim,publication or archival source
ARED-GH-01776,"North East Region: Digital, diasporic and contemporary design — object or artefact record research target 1",publication_state,"publication_state contains ""research target""",research target; no object claim,object or artefact record
ARED-GH-01777,"North East Region: Digital, diasporic and contemporary design — object or artefact record research target 2",publication_state,"publication_state contains ""research target""",research target; no object claim,object or artefact record
ARED-GH-01778,"North East Region: Digital, diasporic and contemporary design — object or artefact record research target 3",publication_state,"publication_state contains ""research target""",research target; no object claim,object or artefact record
ARED-GH-01779,"North East Region: Digital, diasporic and contemporary design — object or artefact record research target 4",publication_state,"publication_state contains ""research target""",research target; no object claim,object or artefact record
ARED-GH-01780,"North East Region: Digital, diasporic and contemporary design — object or artefact record research target 5",publication_state,"publication_state contains ""research target""",research target; no object claim,object or artefact record
ARED-GH-01781,"North East Region: Digital, diasporic and contemporary design — maker or workshop authority record research target 1",publication_state,"publication_state contains ""research target""",research target; no object claim,maker or workshop authority record
ARED-GH-01782,"North East Region: Digital, diasporic and contemporary design — maker or workshop authority record research target 2",publication_state,"publication_state contains ""research target""",research target; no object claim,maker or workshop authority record
ARED-GH-01783,"North East Region: Digital, diasporic and contemporary design — maker or workshop authority record research target 3",publication_state,"publication_state contains ""research target""",research target; no object claim,maker or workshop authority record
ARED-GH-01784,"North East Region: Digital, diasporic and contemporary design — maker or workshop authority record research target 4",publication_state,"publication_state contains ""research target""",research target; no object claim,maker or workshop authority record
ARED-GH-01785,"North East Region: Digital, diasporic and contemporary design — maker or workshop authority record research target 5",publication_state,"publication_state contains ""research target""",research target; no object claim,maker or workshop authority record
ARED-GH-01786,"North East Region: Digital, diasporic and contemporary design — institution or collection record research target 1",publication_state,"publication_state contains ""research target""",research target; no object claim,institution or collection record
ARED-GH-01787,"North East Region: Digital, diasporic and contemporary design — institution or collection record research target 2",publication_state,"publication_state contains ""research target""",research target; no object claim,institution or collection record
ARED-GH-01788,"North East Region: Digital, diasporic and contemporary design — institution or collection record research target 3",publication_state,"publication_state contains ""research target""",research target; no object claim,institution or collection record
ARED-GH-01789,"North East Region: Digital, diasporic and contemporary design — institution or collection record research target 4",publication_state,"publication_state contains ""research target""",research target; no object claim,institution or collection record
ARED-GH-01790,"North East Region: Digital, diasporic and contemporary design — institution or collection record research target 5",publication_state,"publication_state contains ""research target""",research target; no object claim,institution or collection record
ARED-GH-01791,"North East Region: Digital, diasporic and contemporary design — oral-history interview research target 1",publication_state,"publication_state contains ""research target""",research target; no object claim,oral-history interview
ARED-GH-01792,"North East Region: Digital, diasporic and contemporary design — oral-history interview research target 2",publication_state,"publication_state contains ""research target""",research target; no object claim,oral-history interview
ARED-GH-01793,"North East Region: Digital, diasporic and contemporary design — oral-history interview research target 3",publication_state,"publication_state contains ""research target""",research target; no object claim,oral-history interview
ARED-GH-01794,"North East Region: Digital, diasporic and contemporary design — oral-history interview research target 4",publication_state,"publication_state contains ""research target""",research target; no object claim,oral-history interview
ARED-GH-01795,"North East Region: Digital, diasporic and contemporary design — oral-history interview research target 5",publication_state,"publication_state contains ""research target""",research target; no object claim,oral-history interview
ARED-GH-01796,"North East Region: Digital, diasporic and contemporary design — publication or archival source research target 1",publication_state,"publication_state contains ""research target""",research target; no object claim,publication or archival source
ARED-GH-01797,"North East Region: Digital, diasporic and contemporary design — publication or archival source research target 2",publication_state,"publication_state contains ""research target""",research target; no object claim,publication or archival source
ARED-GH-01798,"North East Region: Digital, diasporic and contemporary design — publication or archival source research target 3",publication_state,"publication_state contains ""research target""",research target; no object claim,publication or archival source
ARED-GH-01799,"North East Region: Digital, diasporic and contemporary design — publication or archival source research target 4",publication_state,"publication_state contains ""research target""",research target; no object claim,publication or archival source
ARED-GH-01800,"North East Region: Digital, diasporic and contemporary design — publication or archival source research target 5",publication_state,"publication_state contains ""research target""",research target; no object claim,publication or archival source
ARED-GH-01801,"Upper East Region: Land, cosmology and authority — object or artefact record research target 1",publication_state,"publication_state contains ""research target""",research target; no object claim,object or artefact record
ARED-GH-01802,"Upper East Region: Land, cosmology and authority — object or artefact record research target 2",publication_state,"publication_state contains ""research target""",research target; no object claim,object or artefact record
ARED-GH-01803,"Upper East Region: Land, cosmology and authority — object or artefact record research target 3",publication_state,"publication_state contains ""research target""",research target; no object claim,object or artefact record
ARED-GH-01804,"Upper East Region: Land, cosmology and authority — object or artefact record research target 4",publication_state,"publication_state contains ""research target""",research target; no object claim,object or artefact record
ARED-GH-01805,"Upper East Region: Land, cosmology and authority — object or artefact record research target 5",publication_state,"publication_state contains ""research target""",research target; no object claim,object or artefact record
ARED-GH-01806,"Upper East Region: Land, cosmology and authority — maker or workshop authority record research target 1",publication_state,"publication_state contains ""research target""",research target; no object claim,maker or workshop authority record
ARED-GH-01807,"Upper East Region: Land, cosmology and authority — maker or workshop authority record research target 2",publication_state,"publication_state contains ""research target""",research target; no object claim,maker or workshop authority record
ARED-GH-01808,"Upper East Region: Land, cosmology and authority — maker or workshop authority record research target 3",publication_state,"publication_state contains ""research target""",research target; no object claim,maker or workshop authority record
ARED-GH-01809,"Upper East Region: Land, cosmology and authority — maker or workshop authority record research target 4",publication_state,"publication_state contains ""research target""",research target; no object claim,maker or workshop authority record
ARED-GH-01810,"Upper East Region: Land, cosmology and authority — maker or workshop authority record research target 5",publication_state,"publication_state contains ""research target""",research target; no object claim,maker or workshop authority record
ARED-GH-01811,"Upper East Region: Land, cosmology and authority — institution or collection record research target 1",publication_state,"publication_state contains ""research target""",research target; no object claim,institution or collection record
ARED-GH-01812,"Upper East Region: Land, cosmology and authority — institution or collection record research target 2",publication_state,"publication_state contains ""research target""",research target; no object claim,institution or collection record
ARED-GH-01813,"Upper East Region: Land, cosmology and authority — institution or collection record research target 3",publication_state,"publication_state contains ""research target""",research target; no object claim,institution or collection record
ARED-GH-01814,"Upper East Region: Land, cosmology and authority — institution or collection record research target 4",publication_state,"publication_state contains ""research target""",research target; no object claim,institution or collection record
ARED-GH-01815,"Upper East Region: Land, cosmology and authority — institution or collection record research target 5",publication_state,"publication_state contains ""research target""",research target; no object claim,institution or collection record
ARED-GH-01816,"Upper East Region: Land, cosmology and authority — oral-history interview research target 1",publication_state,"publication_state contains ""research target""",research target; no object claim,oral-history interview
ARED-GH-01817,"Upper East Region: Land, cosmology and authority — oral-history interview research target 2",publication_state,"publication_state contains ""research target""",research target; no object claim,oral-history interview
ARED-GH-01818,"Upper East Region: Land, cosmology and authority — oral-history interview research target 3",publication_state,"publication_state contains ""research target""",research target; no object claim,oral-history interview
ARED-GH-01819,"Upper East Region: Land, cosmology and authority — oral-history interview research target 4",publication_state,"publication_state contains ""research target""",research target; no object claim,oral-history interview
ARED-GH-01820,"Upper East Region: Land, cosmology and authority — oral-history interview research target 5",publication_state,"publication_state contains ""research target""",research target; no object claim,oral-history interview
ARED-GH-01821,"Upper East Region: Land, cosmology and authority — publication or archival source research target 1",publication_state,"publication_state contains ""research target""",research target; no object claim,publication or archival source
ARED-GH-01822,"Upper East Region: Land, cosmology and authority — publication or archival source research target 2",publication_state,"publication_state contains ""research target""",research target; no object claim,publication or archival source
ARED-GH-01823,"Upper East Region: Land, cosmology and authority — publication or archival source research target 3",publication_state,"publication_state contains ""research target""",research target; no object claim,publication or archival source
ARED-GH-01824,"Upper East Region: Land, cosmology and authority — publication or archival source research target 4",publication_state,"publication_state contains ""research target""",research target; no object claim,publication or archival source
ARED-GH-01825,"Upper East Region: Land, cosmology and authority — publication or archival source research target 5",publication_state,"publication_state contains ""research target""",research target; no object claim,publication or archival source
ARED-GH-01826,"Upper East Region: Memory, proverb and performance — object or artefact record research target 1",publication_state,"publication_state contains ""research target""",research target; no object claim,object or artefact record
ARED-GH-01827,"Upper East Region: Memory, proverb and performance — object or artefact record research target 2",publication_state,"publication_state contains ""research target""",research target; no object claim,object or artefact record
ARED-GH-01828,"Upper East Region: Memory, proverb and performance — object or artefact record research target 3",publication_state,"publication_state contains ""research target""",research target; no object claim,object or artefact record
ARED-GH-01829,"Upper East Region: Memory, proverb and performance — object or artefact record research target 4",publication_state,"publication_state contains ""research target""",research target; no object claim,object or artefact record
ARED-GH-01830,"Upper East Region: Memory, proverb and performance — object or artefact record research target 5",publication_state,"publication_state contains ""research target""",research target; no object claim,object or artefact record
ARED-GH-01831,"Upper East Region: Memory, proverb and performance — maker or workshop authority record research target 1",publication_state,"publication_state contains ""research target""",research target; no object claim,maker or workshop authority record
ARED-GH-01832,"Upper East Region: Memory, proverb and performance — maker or workshop authority record research target 2",publication_state,"publication_state contains ""research target""",research target; no object claim,maker or workshop authority record
ARED-GH-01833,"Upper East Region: Memory, proverb and performance — maker or workshop authority record research target 3",publication_state,"publication_state contains ""research target""",research target; no object claim,maker or workshop authority record
ARED-GH-01834,"Upper East Region: Memory, proverb and performance — maker or workshop authority record research target 4",publication_state,"publication_state contains ""research target""",research target; no object claim,maker or workshop authority record
ARED-GH-01835,"Upper East Region: Memory, proverb and performance — maker or workshop authority record research target 5",publication_state,"publication_state contains ""research target""",research target; no object claim,maker or workshop authority record
ARED-GH-01836,"Upper East Region: Memory, proverb and performance — institution or collection record research target 1",publication_state,"publication_state contains ""research target""",research target; no object claim,institution or collection record
ARED-GH-01837,"Upper East Region: Memory, proverb and performance — institution or collection record research target 2",publication_state,"publication_state contains ""research target""",research target; no object claim,institution or collection record
ARED-GH-01838,"Upper East Region: Memory, proverb and performance — institution or collection record research target 3",publication_state,"publication_state contains ""research target""",research target; no object claim,institution or collection record
ARED-GH-01839,"Upper East Region: Memory, proverb and performance — institution or collection record research target 4",publication_state,"publication_state contains ""research target""",research target; no object claim,institution or collection record
ARED-GH-01840,"Upper East Region: Memory, proverb and performance — institution or collection record research target 5",publication_state,"publication_state contains ""research target""",research target; no object claim,institution or collection record
ARED-GH-01841,"Upper East Region: Memory, proverb and performance — oral-history interview research target 1",publication_state,"publication_state contains ""research target""",research target; no object claim,oral-history interview
ARED-GH-01842,"Upper East Region: Memory, proverb and performance — oral-history interview research target 2",publication_state,"publication_state contains ""research target""",research target; no object claim,oral-history interview
ARED-GH-01843,"Upper East Region: Memory, proverb and performance — oral-history interview research target 3",publication_state,"publication_state contains ""research target""",research target; no object claim,oral-history interview
ARED-GH-01844,"Upper East Region: Memory, proverb and performance — oral-history interview research target 4",publication_state,"publication_state contains ""research target""",research target; no object claim,oral-history interview
ARED-GH-01845,"Upper East Region: Memory, proverb and performance — oral-history interview research target 5",publication_state,"publication_state contains ""research target""",research target; no object claim,oral-history interview
ARED-GH-01846,"Upper East Region: Memory, proverb and performance — publication or archival source research target 1",publication_state,"publication_state contains ""research target""",research target; no object claim,publication or archival source
ARED-GH-01847,"Upper East Region: Memory, proverb and performance — publication or archival source research target 2",publication_state,"publication_state contains ""research target""",research target; no object claim,publication or archival source
ARED-GH-01848,"Upper East Region: Memory, proverb and performance — publication or archival source research target 3",publication_state,"publication_state contains ""research target""",research target; no object claim,publication or archival source
ARED-GH-01849,"Upper East Region: Memory, proverb and performance — publication or archival source research target 4",publication_state,"publication_state contains ""research target""",research target; no object claim,publication or archival source
ARED-GH-01850,"Upper East Region: Memory, proverb and performance — publication or archival source research target 5",publication_state,"publication_state contains ""research target""",research target; no object claim,publication or archival source
ARED-GH-01851,"Upper East Region: Cloth, pattern and social identity — object or artefact record research target 1",publication_state,"publication_state contains ""research target""",research target; no object claim,object or artefact record
ARED-GH-01852,"Upper East Region: Cloth, pattern and social identity — object or artefact record research target 2",publication_state,"publication_state contains ""research target""",research target; no object claim,object or artefact record
ARED-GH-01853,"Upper East Region: Cloth, pattern and social identity — object or artefact record research target 3",publication_state,"publication_state contains ""research target""",research target; no object claim,object or artefact record
ARED-GH-01854,"Upper East Region: Cloth, pattern and social identity — object or artefact record research target 4",publication_state,"publication_state contains ""research target""",research target; no object claim,object or artefact record
ARED-GH-01855,"Upper East Region: Cloth, pattern and social identity — object or artefact record research target 5",publication_state,"publication_state contains ""research target""",research target; no object claim,object or artefact record
ARED-GH-01856,"Upper East Region: Cloth, pattern and social identity — maker or workshop authority record research target 1",publication_state,"publication_state contains ""research target""",research target; no object claim,maker or workshop authority record
ARED-GH-01857,"Upper East Region: Cloth, pattern and social identity — maker or workshop authority record research target 2",publication_state,"publication_state contains ""research target""",research target; no object claim,maker or workshop authority record
ARED-GH-01858,"Upper East Region: Cloth, pattern and social identity — maker or workshop authority record research target 3",publication_state,"publication_state contains ""research target""",research target; no object claim,maker or workshop authority record
ARED-GH-01859,"Upper East Region: Cloth, pattern and social identity — maker or workshop authority record research target 4",publication_state,"publication_state contains ""research target""",research target; no object claim,maker or workshop authority record
ARED-GH-01860,"Upper East Region: Cloth, pattern and social identity — maker or workshop authority record research target 5",publication_state,"publication_state contains ""research target""",research target; no object claim,maker or workshop authority record
ARED-GH-01861,"Upper East Region: Cloth, pattern and social identity — institution or collection record research target 1",publication_state,"publication_state contains ""research target""",research target; no object claim,institution or collection record
ARED-GH-01862,"Upper East Region: Cloth, pattern and social identity — institution or collection record research target 2",publication_state,"publication_state contains ""research target""",research target; no object claim,institution or collection record
ARED-GH-01863,"Upper East Region: Cloth, pattern and social identity — institution or collection record research target 3",publication_state,"publication_state contains ""research target""",research target; no object claim,institution or collection record
ARED-GH-01864,"Upper East Region: Cloth, pattern and social identity — institution or collection record research target 4",publication_state,"publication_state contains ""research target""",research target; no object claim,institution or collection record
ARED-GH-01865,"Upper East Region: Cloth, pattern and social identity — institution or collection record research target 5",publication_state,"publication_state contains ""research target""",research target; no object claim,institution or collection record
ARED-GH-01866,"Upper East Region: Cloth, pattern and social identity — oral-history interview research target 1",publication_state,"publication_state contains ""research target""",research target; no object claim,oral-history interview
ARED-GH-01867,"Upper East Region: Cloth, pattern and social identity — oral-history interview research target 2",publication_state,"publication_state contains ""research target""",research target; no object claim,oral-history interview
ARED-GH-01868,"Upper East Region: Cloth, pattern and social identity — oral-history interview research target 3",publication_state,"publication_state contains ""research target""",research target; no object claim,oral-history interview
ARED-GH-01869,"Upper East Region: Cloth, pattern and social identity — oral-history interview research target 4",publication_state,"publication_state contains ""research target""",research target; no object claim,oral-history interview
ARED-GH-01870,"Upper East Region: Cloth, pattern and social identity — oral-history interview research target 5",publication_state,"publication_state contains ""research target""",research target; no object claim,oral-history interview
ARED-GH-01871,"Upper East Region: Cloth, pattern and social identity — publication or archival source research target 1",publication_state,"publication_state contains ""research target""",research target; no object claim,publication or archival source
ARED-GH-01872,"Upper East Region: Cloth, pattern and social identity — publication or archival source research target 2",publication_state,"publication_state contains ""research target""",research target; no object claim,publication or archival source
ARED-GH-01873,"Upper East Region: Cloth, pattern and social identity — publication or archival source research target 3",publication_state,"publication_state contains ""research target""",research target; no object claim,publication or archival source
ARED-GH-01874,"Upper East Region: Cloth, pattern and social identity — publication or archival source research target 4",publication_state,"publication_state contains ""research target""",research target; no object claim,publication or archival source
ARED-GH-01875,"Upper East Region: Cloth, pattern and social identity — publication or archival source research target 5",publication_state,"publication_state contains ""research target""",research target; no object claim,publication or archival source
ARED-GH-01876,"Upper East Region: Print, colonial rule and public culture — object or artefact record research target 1",publication_state,"publication_state contains ""research target""",research target; no object claim,object or artefact record
ARED-GH-01877,"Upper East Region: Print, colonial rule and public culture — object or artefact record research target 2",publication_state,"publication_state contains ""research target""",research target; no object claim,object or artefact record
ARED-GH-01878,"Upper East Region: Print, colonial rule and public culture — object or artefact record research target 3",publication_state,"publication_state contains ""research target""",research target; no object claim,object or artefact record
ARED-GH-01879,"Upper East Region: Print, colonial rule and public culture — object or artefact record research target 4",publication_state,"publication_state contains ""research target""",research target; no object claim,object or artefact record
ARED-GH-01880,"Upper East Region: Print, colonial rule and public culture — object or artefact record research target 5",publication_state,"publication_state contains ""research target""",research target; no object claim,object or artefact record
ARED-GH-01881,"Upper East Region: Print, colonial rule and public culture — maker or workshop authority record research target 1",publication_state,"publication_state contains ""research target""",research target; no object claim,maker or workshop authority record
ARED-GH-01882,"Upper East Region: Print, colonial rule and public culture — maker or workshop authority record research target 2",publication_state,"publication_state contains ""research target""",research target; no object claim,maker or workshop authority record
ARED-GH-01883,"Upper East Region: Print, colonial rule and public culture — maker or workshop authority record research target 3",publication_state,"publication_state contains ""research target""",research target; no object claim,maker or workshop authority record
ARED-GH-01884,"Upper East Region: Print, colonial rule and public culture — maker or workshop authority record research target 4",publication_state,"publication_state contains ""research target""",research target; no object claim,maker or workshop authority record
ARED-GH-01885,"Upper East Region: Print, colonial rule and public culture — maker or workshop authority record research target 5",publication_state,"publication_state contains ""research target""",research target; no object claim,maker or workshop authority record
ARED-GH-01886,"Upper East Region: Print, colonial rule and public culture — institution or collection record research target 1",publication_state,"publication_state contains ""research target""",research target; no object claim,institution or collection record
ARED-GH-01887,"Upper East Region: Print, colonial rule and public culture — institution or collection record research target 2",publication_state,"publication_state contains ""research target""",research target; no object claim,institution or collection record
ARED-GH-01888,"Upper East Region: Print, colonial rule and public culture — institution or collection record research target 3",publication_state,"publication_state contains ""research target""",research target; no object claim,institution or collection record
ARED-GH-01889,"Upper East Region: Print, colonial rule and public culture — institution or collection record research target 4",publication_state,"publication_state contains ""research target""",research target; no object claim,institution or collection record
ARED-GH-01890,"Upper East Region: Print, colonial rule and public culture — institution or collection record research target 5",publication_state,"publication_state contains ""research target""",research target; no object claim,institution or collection record
ARED-GH-01891,"Upper East Region: Print, colonial rule and public culture — oral-history interview research target 1",publication_state,"publication_state contains ""research target""",research target; no object claim,oral-history interview
ARED-GH-01892,"Upper East Region: Print, colonial rule and public culture — oral-history interview research target 2",publication_state,"publication_state contains ""research target""",research target; no object claim,oral-history interview
ARED-GH-01893,"Upper East Region: Print, colonial rule and public culture — oral-history interview research target 3",publication_state,"publication_state contains ""research target""",research target; no object claim,oral-history interview
ARED-GH-01894,"Upper East Region: Print, colonial rule and public culture — oral-history interview research target 4",publication_state,"publication_state contains ""research target""",research target; no object claim,oral-history interview
ARED-GH-01895,"Upper East Region: Print, colonial rule and public culture — oral-history interview research target 5",publication_state,"publication_state contains ""research target""",research target; no object claim,oral-history interview
ARED-GH-01896,"Upper East Region: Print, colonial rule and public culture — publication or archival source research target 1",publication_state,"publication_state contains ""research target""",research target; no object claim,publication or archival source
ARED-GH-01897,"Upper East Region: Print, colonial rule and public culture — publication or archival source research target 2",publication_state,"publication_state contains ""research target""",research target; no object claim,publication or archival source
ARED-GH-01898,"Upper East Region: Print, colonial rule and public culture — publication or archival source research target 3",publication_state,"publication_state contains ""research target""",research target; no object claim,publication or archival source
ARED-GH-01899,"Upper East Region: Print, colonial rule and public culture — publication or archival source research target 4",publication_state,"publication_state contains ""research target""",research target; no object claim,publication or archival source
ARED-GH-01900,"Upper East Region: Print, colonial rule and public culture — publication or archival source research target 5",publication_state,"publication_state contains ""research target""",research target; no object claim,publication or archival source
ARED-GH-01901,Upper East Region: Independence and state visual identity — object or artefact record research target 1,publication_state,"publication_state contains ""research target""",research target; no object claim,object or artefact record
ARED-GH-01902,Upper East Region: Independence and state visual identity — object or artefact record research target 2,publication_state,"publication_state contains ""research target""",research target; no object claim,object or artefact record
ARED-GH-01903,Upper East Region: Independence and state visual identity — object or artefact record research target 3,publication_state,"publication_state contains ""research target""",research target; no object claim,object or artefact record
ARED-GH-01904,Upper East Region: Independence and state visual identity — object or artefact record research target 4,publication_state,"publication_state contains ""research target""",research target; no object claim,object or artefact record
ARED-GH-01905,Upper East Region: Independence and state visual identity — object or artefact record research target 5,publication_state,"publication_state contains ""research target""",research target; no object claim,object or artefact record
ARED-GH-01906,Upper East Region: Independence and state visual identity — maker or workshop authority record research target 1,publication_state,"publication_state contains ""research target""",research target; no object claim,maker or workshop authority record
ARED-GH-01907,Upper East Region: Independence and state visual identity — maker or workshop authority record research target 2,publication_state,"publication_state contains ""research target""",research target; no object claim,maker or workshop authority record
ARED-GH-01908,Upper East Region: Independence and state visual identity — maker or workshop authority record research target 3,publication_state,"publication_state contains ""research target""",research target; no object claim,maker or workshop authority record
ARED-GH-01909,Upper East Region: Independence and state visual identity — maker or workshop authority record research target 4,publication_state,"publication_state contains ""research target""",research target; no object claim,maker or workshop authority record
ARED-GH-01910,Upper East Region: Independence and state visual identity — maker or workshop authority record research target 5,publication_state,"publication_state contains ""research target""",research target; no object claim,maker or workshop authority record
ARED-GH-01911,Upper East Region: Independence and state visual identity — institution or collection record research target 1,publication_state,"publication_state contains ""research target""",research target; no object claim,institution or collection record
ARED-GH-01912,Upper East Region: Independence and state visual identity — institution or collection record research target 2,publication_state,"publication_state contains ""research target""",research target; no object claim,institution or collection record
ARED-GH-01913,Upper East Region: Independence and state visual identity — institution or collection record research target 3,publication_state,"publication_state contains ""research target""",research target; no object claim,institution or collection record
ARED-GH-01914,Upper East Region: Independence and state visual identity — institution or collection record research target 4,publication_state,"publication_state contains ""research target""",research target; no object claim,institution or collection record
ARED-GH-01915,Upper East Region: Independence and state visual identity — institution or collection record research target 5,publication_state,"publication_state contains ""research target""",research target; no object claim,institution or collection record
ARED-GH-01916,Upper East Region: Independence and state visual identity — oral-history interview research target 1,publication_state,"publication_state contains ""research target""",research target; no object claim,oral-history interview
ARED-GH-01917,Upper East Region: Independence and state visual identity — oral-history interview research target 2,publication_state,"publication_state contains ""research target""",research target; no object claim,oral-history interview
ARED-GH-01918,Upper East Region: Independence and state visual identity — oral-history interview research target 3,publication_state,"publication_state contains ""research target""",research target; no object claim,oral-history interview
ARED-GH-01919,Upper East Region: Independence and state visual identity — oral-history interview research target 4,publication_state,"publication_state contains ""research target""",research target; no object claim,oral-history interview
ARED-GH-01920,Upper East Region: Independence and state visual identity — oral-history interview research target 5,publication_state,"publication_state contains ""research target""",research target; no object claim,oral-history interview
ARED-GH-01921,Upper East Region: Independence and state visual identity — publication or archival source research target 1,publication_state,"publication_state contains ""research target""",research target; no object claim,publication or archival source
ARED-GH-01922,Upper East Region: Independence and state visual identity — publication or archival source research target 2,publication_state,"publication_state contains ""research target""",research target; no object claim,publication or archival source
ARED-GH-01923,Upper East Region: Independence and state visual identity — publication or archival source research target 3,publication_state,"publication_state contains ""research target""",research target; no object claim,publication or archival source
ARED-GH-01924,Upper East Region: Independence and state visual identity — publication or archival source research target 4,publication_state,"publication_state contains ""research target""",research target; no object claim,publication or archival source
ARED-GH-01925,Upper East Region: Independence and state visual identity — publication or archival source research target 5,publication_state,"publication_state contains ""research target""",research target; no object claim,publication or archival source
ARED-GH-01926,Upper East Region: Popular and everyday graphics — object or artefact record research target 1,publication_state,"publication_state contains ""research target""",research target; no object claim,object or artefact record
ARED-GH-01927,Upper East Region: Popular and everyday graphics — object or artefact record research target 2,publication_state,"publication_state contains ""research target""",research target; no object claim,object or artefact record
ARED-GH-01928,Upper East Region: Popular and everyday graphics — object or artefact record research target 3,publication_state,"publication_state contains ""research target""",research target; no object claim,object or artefact record
ARED-GH-01929,Upper East Region: Popular and everyday graphics — object or artefact record research target 4,publication_state,"publication_state contains ""research target""",research target; no object claim,object or artefact record
ARED-GH-01930,Upper East Region: Popular and everyday graphics — object or artefact record research target 5,publication_state,"publication_state contains ""research target""",research target; no object claim,object or artefact record
ARED-GH-01931,Upper East Region: Popular and everyday graphics — maker or workshop authority record research target 1,publication_state,"publication_state contains ""research target""",research target; no object claim,maker or workshop authority record
ARED-GH-01932,Upper East Region: Popular and everyday graphics — maker or workshop authority record research target 2,publication_state,"publication_state contains ""research target""",research target; no object claim,maker or workshop authority record
ARED-GH-01933,Upper East Region: Popular and everyday graphics — maker or workshop authority record research target 3,publication_state,"publication_state contains ""research target""",research target; no object claim,maker or workshop authority record
ARED-GH-01934,Upper East Region: Popular and everyday graphics — maker or workshop authority record research target 4,publication_state,"publication_state contains ""research target""",research target; no object claim,maker or workshop authority record
ARED-GH-01935,Upper East Region: Popular and everyday graphics — maker or workshop authority record research target 5,publication_state,"publication_state contains ""research target""",research target; no object claim,maker or workshop authority record
ARED-GH-01936,Upper East Region: Popular and everyday graphics — institution or collection record research target 1,publication_state,"publication_state contains ""research target""",research target; no object claim,institution or collection record
ARED-GH-01937,Upper East Region: Popular and everyday graphics — institution or collection record research target 2,publication_state,"publication_state contains ""research target""",research target; no object claim,institution or collection record
ARED-GH-01938,Upper East Region: Popular and everyday graphics — institution or collection record research target 3,publication_state,"publication_state contains ""research target""",research target; no object claim,institution or collection record
ARED-GH-01939,Upper East Region: Popular and everyday graphics — institution or collection record research target 4,publication_state,"publication_state contains ""research target""",research target; no object claim,institution or collection record
ARED-GH-01940,Upper East Region: Popular and everyday graphics — institution or collection record research target 5,publication_state,"publication_state contains ""research target""",research target; no object claim,institution or collection record
ARED-GH-01941,Upper East Region: Popular and everyday graphics — oral-history interview research target 1,publication_state,"publication_state contains ""research target""",research target; no object claim,oral-history interview
ARED-GH-01942,Upper East Region: Popular and everyday graphics — oral-history interview research target 2,publication_state,"publication_state contains ""research target""",research target; no object claim,oral-history interview
ARED-GH-01943,Upper East Region: Popular and everyday graphics — oral-history interview research target 3,publication_state,"publication_state contains ""research target""",research target; no object claim,oral-history interview
ARED-GH-01944,Upper East Region: Popular and everyday graphics — oral-history interview research target 4,publication_state,"publication_state contains ""research target""",research target; no object claim,oral-history interview
ARED-GH-01945,Upper East Region: Popular and everyday graphics — oral-history interview research target 5,publication_state,"publication_state contains ""research target""",research target; no object claim,oral-history interview
ARED-GH-01946,Upper East Region: Popular and everyday graphics — publication or archival source research target 1,publication_state,"publication_state contains ""research target""",research target; no object claim,publication or archival source
ARED-GH-01947,Upper East Region: Popular and everyday graphics — publication or archival source research target 2,publication_state,"publication_state contains ""research target""",research target; no object claim,publication or archival source
ARED-GH-01948,Upper East Region: Popular and everyday graphics — publication or archival source research target 3,publication_state,"publication_state contains ""research target""",research target; no object claim,publication or archival source
ARED-GH-01949,Upper East Region: Popular and everyday graphics — publication or archival source research target 4,publication_state,"publication_state contains ""research target""",research target; no object claim,publication or archival source
ARED-GH-01950,Upper East Region: Popular and everyday graphics — publication or archival source research target 5,publication_state,"publication_state contains ""research target""",research target; no object claim,publication or archival source
ARED-GH-01951,"Upper East Region: Digital, diasporic and contemporary design — object or artefact record research target 1",publication_state,"publication_state contains ""research target""",research target; no object claim,object or artefact record
ARED-GH-01952,"Upper East Region: Digital, diasporic and contemporary design — object or artefact record research target 2",publication_state,"publication_state contains ""research target""",research target; no object claim,object or artefact record
ARED-GH-01953,"Upper East Region: Digital, diasporic and contemporary design — object or artefact record research target 3",publication_state,"publication_state contains ""research target""",research target; no object claim,object or artefact record
ARED-GH-01954,"Upper East Region: Digital, diasporic and contemporary design — object or artefact record research target 4",publication_state,"publication_state contains ""research target""",research target; no object claim,object or artefact record
ARED-GH-01955,"Upper East Region: Digital, diasporic and contemporary design — object or artefact record research target 5",publication_state,"publication_state contains ""research target""",research target; no object claim,object or artefact record
ARED-GH-01956,"Upper East Region: Digital, diasporic and contemporary design — maker or workshop authority record research target 1",publication_state,"publication_state contains ""research target""",research target; no object claim,maker or workshop authority record
ARED-GH-01957,"Upper East Region: Digital, diasporic and contemporary design — maker or workshop authority record research target 2",publication_state,"publication_state contains ""research target""",research target; no object claim,maker or workshop authority record
ARED-GH-01958,"Upper East Region: Digital, diasporic and contemporary design — maker or workshop authority record research target 3",publication_state,"publication_state contains ""research target""",research target; no object claim,maker or workshop authority record
ARED-GH-01959,"Upper East Region: Digital, diasporic and contemporary design — maker or workshop authority record research target 4",publication_state,"publication_state contains ""research target""",research target; no object claim,maker or workshop authority record
ARED-GH-01960,"Upper East Region: Digital, diasporic and contemporary design — maker or workshop authority record research target 5",publication_state,"publication_state contains ""research target""",research target; no object claim,maker or workshop authority record
ARED-GH-01961,"Upper East Region: Digital, diasporic and contemporary design — institution or collection record research target 1",publication_state,"publication_state contains ""research target""",research target; no object claim,institution or collection record
ARED-GH-01962,"Upper East Region: Digital, diasporic and contemporary design — institution or collection record research target 2",publication_state,"publication_state contains ""research target""",research target; no object claim,institution or collection record
ARED-GH-01963,"Upper East Region: Digital, diasporic and contemporary design — institution or collection record research target 3",publication_state,"publication_state contains ""research target""",research target; no object claim,institution or collection record
ARED-GH-01964,"Upper East Region: Digital, diasporic and contemporary design — institution or collection record research target 4",publication_state,"publication_state contains ""research target""",research target; no object claim,institution or collection record
ARED-GH-01965,"Upper East Region: Digital, diasporic and contemporary design — institution or collection record research target 5",publication_state,"publication_state contains ""research target""",research target; no object claim,institution or collection record
ARED-GH-01966,"Upper East Region: Digital, diasporic and contemporary design — oral-history interview research target 1",publication_state,"publication_state contains ""research target""",research target; no object claim,oral-history interview
ARED-GH-01967,"Upper East Region: Digital, diasporic and contemporary design — oral-history interview research target 2",publication_state,"publication_state contains ""research target""",research target; no object claim,oral-history interview
ARED-GH-01968,"Upper East Region: Digital, diasporic and contemporary design — oral-history interview research target 3",publication_state,"publication_state contains ""research target""",research target; no object claim,oral-history interview
ARED-GH-01969,"Upper East Region: Digital, diasporic and contemporary design — oral-history interview research target 4",publication_state,"publication_state contains ""research target""",research target; no object claim,oral-history interview
ARED-GH-01970,"Upper East Region: Digital, diasporic and contemporary design — oral-history interview research target 5",publication_state,"publication_state contains ""research target""",research target; no object claim,oral-history interview
ARED-GH-01971,"Upper East Region: Digital, diasporic and contemporary design — publication or archival source research target 1",publication_state,"publication_state contains ""research target""",research target; no object claim,publication or archival source
ARED-GH-01972,"Upper East Region: Digital, diasporic and contemporary design — publication or archival source research target 2",publication_state,"publication_state contains ""research target""",research target; no object claim,publication or archival source
ARED-GH-01973,"Upper East Region: Digital, diasporic and contemporary design — publication or archival source research target 3",publication_state,"publication_state contains ""research target""",research target; no object claim,publication or archival source
ARED-GH-01974,"Upper East Region: Digital, diasporic and contemporary design — publication or archival source research target 4",publication_state,"publication_state contains ""research target""",research target; no object claim,publication or archival source
ARED-GH-01975,"Upper East Region: Digital, diasporic and contemporary design — publication or archival source research target 5",publication_state,"publication_state contains ""research target""",research target; no object claim,publication or archival source
ARED-GH-01976,"Upper West Region: Land, cosmology and authority — object or artefact record research target 1",publication_state,"publication_state contains ""research target""",research target; no object claim,object or artefact record
ARED-GH-01977,"Upper West Region: Land, cosmology and authority — object or artefact record research target 2",publication_state,"publication_state contains ""research target""",research target; no object claim,object or artefact record
ARED-GH-01978,"Upper West Region: Land, cosmology and authority — object or artefact record research target 3",publication_state,"publication_state contains ""research target""",research target; no object claim,object or artefact record
ARED-GH-01979,"Upper West Region: Land, cosmology and authority — object or artefact record research target 4",publication_state,"publication_state contains ""research target""",research target; no object claim,object or artefact record
ARED-GH-01980,"Upper West Region: Land, cosmology and authority — object or artefact record research target 5",publication_state,"publication_state contains ""research target""",research target; no object claim,object or artefact record
ARED-GH-01981,"Upper West Region: Land, cosmology and authority — maker or workshop authority record research target 1",publication_state,"publication_state contains ""research target""",research target; no object claim,maker or workshop authority record
ARED-GH-01982,"Upper West Region: Land, cosmology and authority — maker or workshop authority record research target 2",publication_state,"publication_state contains ""research target""",research target; no object claim,maker or workshop authority record
ARED-GH-01983,"Upper West Region: Land, cosmology and authority — maker or workshop authority record research target 3",publication_state,"publication_state contains ""research target""",research target; no object claim,maker or workshop authority record
ARED-GH-01984,"Upper West Region: Land, cosmology and authority — maker or workshop authority record research target 4",publication_state,"publication_state contains ""research target""",research target; no object claim,maker or workshop authority record
ARED-GH-01985,"Upper West Region: Land, cosmology and authority — maker or workshop authority record research target 5",publication_state,"publication_state contains ""research target""",research target; no object claim,maker or workshop authority record
ARED-GH-01986,"Upper West Region: Land, cosmology and authority — institution or collection record research target 1",publication_state,"publication_state contains ""research target""",research target; no object claim,institution or collection record
ARED-GH-01987,"Upper West Region: Land, cosmology and authority — institution or collection record research target 2",publication_state,"publication_state contains ""research target""",research target; no object claim,institution or collection record
ARED-GH-01988,"Upper West Region: Land, cosmology and authority — institution or collection record research target 3",publication_state,"publication_state contains ""research target""",research target; no object claim,institution or collection record
ARED-GH-01989,"Upper West Region: Land, cosmology and authority — institution or collection record research target 4",publication_state,"publication_state contains ""research target""",research target; no object claim,institution or collection record
ARED-GH-01990,"Upper West Region: Land, cosmology and authority — institution or collection record research target 5",publication_state,"publication_state contains ""research target""",research target; no object claim,institution or collection record
ARED-GH-01991,"Upper West Region: Land, cosmology and authority — oral-history interview research target 1",publication_state,"publication_state contains ""research target""",research target; no object claim,oral-history interview
ARED-GH-01992,"Upper West Region: Land, cosmology and authority — oral-history interview research target 2",publication_state,"publication_state contains ""research target""",research target; no object claim,oral-history interview
ARED-GH-01993,"Upper West Region: Land, cosmology and authority — oral-history interview research target 3",publication_state,"publication_state contains ""research target""",research target; no object claim,oral-history interview
ARED-GH-01994,"Upper West Region: Land, cosmology and authority — oral-history interview research target 4",publication_state,"publication_state contains ""research target""",research target; no object claim,oral-history interview
ARED-GH-01995,"Upper West Region: Land, cosmology and authority — oral-history interview research target 5",publication_state,"publication_state contains ""research target""",research target; no object claim,oral-history interview
ARED-GH-01996,"Upper West Region: Land, cosmology and authority — publication or archival source research target 1",publication_state,"publication_state contains ""research target""",research target; no object claim,publication or archival source
ARED-GH-01997,"Upper West Region: Land, cosmology and authority — publication or archival source research target 2",publication_state,"publication_state contains ""research target""",research target; no object claim,publication or archival source
ARED-GH-01998,"Upper West Region: Land, cosmology and authority — publication or archival source research target 3",publication_state,"publication_state contains ""research target""",research target; no object claim,publication or archival source
ARED-GH-01999,"Upper West Region: Land, cosmology and authority — publication or archival source research target 4",publication_state,"publication_state contains ""research target""",research target; no object claim,publication or archival source
ARED-GH-02000,"Upper West Region: Land, cosmology and authority — publication or archival source research target 5",publication_state,"publication_state contains ""research target""",research target; no object claim,publication or archival source
ARED-GH-02001,"Upper West Region: Memory, proverb and performance — object or artefact record research target 1",publication_state,"publication_state contains ""research target""",research target; no object claim,object or artefact record
ARED-GH-02002,"Upper West Region: Memory, proverb and performance — object or artefact record research target 2",publication_state,"publication_state contains ""research target""",research target; no object claim,object or artefact record
ARED-GH-02003,"Upper West Region: Memory, proverb and performance — object or artefact record research target 3",publication_state,"publication_state contains ""research target""",research target; no object claim,object or artefact record
ARED-GH-02004,"Upper West Region: Memory, proverb and performance — object or artefact record research target 4",publication_state,"publication_state contains ""research target""",research target; no object claim,object or artefact record
ARED-GH-02005,"Upper West Region: Memory, proverb and performance — object or artefact record research target 5",publication_state,"publication_state contains ""research target""",research target; no object claim,object or artefact record
ARED-GH-02006,"Upper West Region: Memory, proverb and performance — maker or workshop authority record research target 1",publication_state,"publication_state contains ""research target""",research target; no object claim,maker or workshop authority record
ARED-GH-02007,"Upper West Region: Memory, proverb and performance — maker or workshop authority record research target 2",publication_state,"publication_state contains ""research target""",research target; no object claim,maker or workshop authority record
ARED-GH-02008,"Upper West Region: Memory, proverb and performance — maker or workshop authority record research target 3",publication_state,"publication_state contains ""research target""",research target; no object claim,maker or workshop authority record
ARED-GH-02009,"Upper West Region: Memory, proverb and performance — maker or workshop authority record research target 4",publication_state,"publication_state contains ""research target""",research target; no object claim,maker or workshop authority record
ARED-GH-02010,"Upper West Region: Memory, proverb and performance — maker or workshop authority record research target 5",publication_state,"publication_state contains ""research target""",research target; no object claim,maker or workshop authority record
ARED-GH-02011,"Upper West Region: Memory, proverb and performance — institution or collection record research target 1",publication_state,"publication_state contains ""research target""",research target; no object claim,institution or collection record
ARED-GH-02012,"Upper West Region: Memory, proverb and performance — institution or collection record research target 2",publication_state,"publication_state contains ""research target""",research target; no object claim,institution or collection record
ARED-GH-02013,"Upper West Region: Memory, proverb and performance — institution or collection record research target 3",publication_state,"publication_state contains ""research target""",research target; no object claim,institution or collection record
ARED-GH-02014,"Upper West Region: Memory, proverb and performance — institution or collection record research target 4",publication_state,"publication_state contains ""research target""",research target; no object claim,institution or collection record
ARED-GH-02015,"Upper West Region: Memory, proverb and performance — institution or collection record research target 5",publication_state,"publication_state contains ""research target""",research target; no object claim,institution or collection record
ARED-GH-02016,"Upper West Region: Memory, proverb and performance — oral-history interview research target 1",publication_state,"publication_state contains ""research target""",research target; no object claim,oral-history interview
ARED-GH-02017,"Upper West Region: Memory, proverb and performance — oral-history interview research target 2",publication_state,"publication_state contains ""research target""",research target; no object claim,oral-history interview
ARED-GH-02018,"Upper West Region: Memory, proverb and performance — oral-history interview research target 3",publication_state,"publication_state contains ""research target""",research target; no object claim,oral-history interview
ARED-GH-02019,"Upper West Region: Memory, proverb and performance — oral-history interview research target 4",publication_state,"publication_state contains ""research target""",research target; no object claim,oral-history interview
ARED-GH-02020,"Upper West Region: Memory, proverb and performance — oral-history interview research target 5",publication_state,"publication_state contains ""research target""",research target; no object claim,oral-history interview
ARED-GH-02021,"Upper West Region: Memory, proverb and performance — publication or archival source research target 1",publication_state,"publication_state contains ""research target""",research target; no object claim,publication or archival source
ARED-GH-02022,"Upper West Region: Memory, proverb and performance — publication or archival source research target 2",publication_state,"publication_state contains ""research target""",research target; no object claim,publication or archival source
ARED-GH-02023,"Upper West Region: Memory, proverb and performance — publication or archival source research target 3",publication_state,"publication_state contains ""research target""",research target; no object claim,publication or archival source
ARED-GH-02024,"Upper West Region: Memory, proverb and performance — publication or archival source research target 4",publication_state,"publication_state contains ""research target""",research target; no object claim,publication or archival source
ARED-GH-02025,"Upper West Region: Memory, proverb and performance — publication or archival source research target 5",publication_state,"publication_state contains ""research target""",research target; no object claim,publication or archival source
ARED-GH-02026,"Upper West Region: Cloth, pattern and social identity — object or artefact record research target 1",publication_state,"publication_state contains ""research target""",research target; no object claim,object or artefact record
ARED-GH-02027,"Upper West Region: Cloth, pattern and social identity — object or artefact record research target 2",publication_state,"publication_state contains ""research target""",research target; no object claim,object or artefact record
ARED-GH-02028,"Upper West Region: Cloth, pattern and social identity — object or artefact record research target 3",publication_state,"publication_state contains ""research target""",research target; no object claim,object or artefact record
ARED-GH-02029,"Upper West Region: Cloth, pattern and social identity — object or artefact record research target 4",publication_state,"publication_state contains ""research target""",research target; no object claim,object or artefact record
ARED-GH-02030,"Upper West Region: Cloth, pattern and social identity — object or artefact record research target 5",publication_state,"publication_state contains ""research target""",research target; no object claim,object or artefact record
ARED-GH-02031,"Upper West Region: Cloth, pattern and social identity — maker or workshop authority record research target 1",publication_state,"publication_state contains ""research target""",research target; no object claim,maker or workshop authority record
ARED-GH-02032,"Upper West Region: Cloth, pattern and social identity — maker or workshop authority record research target 2",publication_state,"publication_state contains ""research target""",research target; no object claim,maker or workshop authority record
ARED-GH-02033,"Upper West Region: Cloth, pattern and social identity — maker or workshop authority record research target 3",publication_state,"publication_state contains ""research target""",research target; no object claim,maker or workshop authority record
ARED-GH-02034,"Upper West Region: Cloth, pattern and social identity — maker or workshop authority record research target 4",publication_state,"publication_state contains ""research target""",research target; no object claim,maker or workshop authority record
ARED-GH-02035,"Upper West Region: Cloth, pattern and social identity — maker or workshop authority record research target 5",publication_state,"publication_state contains ""research target""",research target; no object claim,maker or workshop authority record
ARED-GH-02036,"Upper West Region: Cloth, pattern and social identity — institution or collection record research target 1",publication_state,"publication_state contains ""research target""",research target; no object claim,institution or collection record
ARED-GH-02037,"Upper West Region: Cloth, pattern and social identity — institution or collection record research target 2",publication_state,"publication_state contains ""research target""",research target; no object claim,institution or collection record
ARED-GH-02038,"Upper West Region: Cloth, pattern and social identity — institution or collection record research target 3",publication_state,"publication_state contains ""research target""",research target; no object claim,institution or collection record
ARED-GH-02039,"Upper West Region: Cloth, pattern and social identity — institution or collection record research target 4",publication_state,"publication_state contains ""research target""",research target; no object claim,institution or collection record
ARED-GH-02040,"Upper West Region: Cloth, pattern and social identity — institution or collection record research target 5",publication_state,"publication_state contains ""research target""",research target; no object claim,institution or collection record
ARED-GH-02041,"Upper West Region: Cloth, pattern and social identity — oral-history interview research target 1",publication_state,"publication_state contains ""research target""",research target; no object claim,oral-history interview
ARED-GH-02042,"Upper West Region: Cloth, pattern and social identity — oral-history interview research target 2",publication_state,"publication_state contains ""research target""",research target; no object claim,oral-history interview
ARED-GH-02043,"Upper West Region: Cloth, pattern and social identity — oral-history interview research target 3",publication_state,"publication_state contains ""research target""",research target; no object claim,oral-history interview
ARED-GH-02044,"Upper West Region: Cloth, pattern and social identity — oral-history interview research target 4",publication_state,"publication_state contains ""research target""",research target; no object claim,oral-history interview
ARED-GH-02045,"Upper West Region: Cloth, pattern and social identity — oral-history interview research target 5",publication_state,"publication_state contains ""research target""",research target; no object claim,oral-history interview
ARED-GH-02046,"Upper West Region: Cloth, pattern and social identity — publication or archival source research target 1",publication_state,"publication_state contains ""research target""",research target; no object claim,publication or archival source
ARED-GH-02047,"Upper West Region: Cloth, pattern and social identity — publication or archival source research target 2",publication_state,"publication_state contains ""research target""",research target; no object claim,publication or archival source
ARED-GH-02048,"Upper West Region: Cloth, pattern and social identity — publication or archival source research target 3",publication_state,"publication_state contains ""research target""",research target; no object claim,publication or archival source
ARED-GH-02049,"Upper West Region: Cloth, pattern and social identity — publication or archival source research target 4",publication_state,"publication_state contains ""research target""",research target; no object claim,publication or archival source
ARED-GH-02050,"Upper West Region: Cloth, pattern and social identity — publication or archival source research target 5",publication_state,"publication_state contains ""research target""",research target; no object claim,publication or archival source
ARED-GH-02051,"Upper West Region: Print, colonial rule and public culture — object or artefact record research target 1",publication_state,"publication_state contains ""research target""",research target; no object claim,object or artefact record
ARED-GH-02052,"Upper West Region: Print, colonial rule and public culture — object or artefact record research target 2",publication_state,"publication_state contains ""research target""",research target; no object claim,object or artefact record
ARED-GH-02053,"Upper West Region: Print, colonial rule and public culture — object or artefact record research target 3",publication_state,"publication_state contains ""research target""",research target; no object claim,object or artefact record
ARED-GH-02054,"Upper West Region: Print, colonial rule and public culture — object or artefact record research target 4",publication_state,"publication_state contains ""research target""",research target; no object claim,object or artefact record
ARED-GH-02055,"Upper West Region: Print, colonial rule and public culture — object or artefact record research target 5",publication_state,"publication_state contains ""research target""",research target; no object claim,object or artefact record
ARED-GH-02056,"Upper West Region: Print, colonial rule and public culture — maker or workshop authority record research target 1",publication_state,"publication_state contains ""research target""",research target; no object claim,maker or workshop authority record
ARED-GH-02057,"Upper West Region: Print, colonial rule and public culture — maker or workshop authority record research target 2",publication_state,"publication_state contains ""research target""",research target; no object claim,maker or workshop authority record
ARED-GH-02058,"Upper West Region: Print, colonial rule and public culture — maker or workshop authority record research target 3",publication_state,"publication_state contains ""research target""",research target; no object claim,maker or workshop authority record
ARED-GH-02059,"Upper West Region: Print, colonial rule and public culture — maker or workshop authority record research target 4",publication_state,"publication_state contains ""research target""",research target; no object claim,maker or workshop authority record
ARED-GH-02060,"Upper West Region: Print, colonial rule and public culture — maker or workshop authority record research target 5",publication_state,"publication_state contains ""research target""",research target; no object claim,maker or workshop authority record
ARED-GH-02061,"Upper West Region: Print, colonial rule and public culture — institution or collection record research target 1",publication_state,"publication_state contains ""research target""",research target; no object claim,institution or collection record
ARED-GH-02062,"Upper West Region: Print, colonial rule and public culture — institution or collection record research target 2",publication_state,"publication_state contains ""research target""",research target; no object claim,institution or collection record
ARED-GH-02063,"Upper West Region: Print, colonial rule and public culture — institution or collection record research target 3",publication_state,"publication_state contains ""research target""",research target; no object claim,institution or collection record
ARED-GH-02064,"Upper West Region: Print, colonial rule and public culture — institution or collection record research target 4",publication_state,"publication_state contains ""research target""",research target; no object claim,institution or collection record
ARED-GH-02065,"Upper West Region: Print, colonial rule and public culture — institution or collection record research target 5",publication_state,"publication_state contains ""research target""",research target; no object claim,institution or collection record
ARED-GH-02066,"Upper West Region: Print, colonial rule and public culture — oral-history interview research target 1",publication_state,"publication_state contains ""research target""",research target; no object claim,oral-history interview
ARED-GH-02067,"Upper West Region: Print, colonial rule and public culture — oral-history interview research target 2",publication_state,"publication_state contains ""research target""",research target; no object claim,oral-history interview
ARED-GH-02068,"Upper West Region: Print, colonial rule and public culture — oral-history interview research target 3",publication_state,"publication_state contains ""research target""",research target; no object claim,oral-history interview
ARED-GH-02069,"Upper West Region: Print, colonial rule and public culture — oral-history interview research target 4",publication_state,"publication_state contains ""research target""",research target; no object claim,oral-history interview
ARED-GH-02070,"Upper West Region: Print, colonial rule and public culture — oral-history interview research target 5",publication_state,"publication_state contains ""research target""",research target; no object claim,oral-history interview
ARED-GH-02071,"Upper West Region: Print, colonial rule and public culture — publication or archival source research target 1",publication_state,"publication_state contains ""research target""",research target; no object claim,publication or archival source
ARED-GH-02072,"Upper West Region: Print, colonial rule and public culture — publication or archival source research target 2",publication_state,"publication_state contains ""research target""",research target; no object claim,publication or archival source
ARED-GH-02073,"Upper West Region: Print, colonial rule and public culture — publication or archival source research target 3",publication_state,"publication_state contains ""research target""",research target; no object claim,publication or archival source
ARED-GH-02074,"Upper West Region: Print, colonial rule and public culture — publication or archival source research target 4",publication_state,"publication_state contains ""research target""",research target; no object claim,publication or archival source
ARED-GH-02075,"Upper West Region: Print, colonial rule and public culture — publication or archival source research target 5",publication_state,"publication_state contains ""research target""",research target; no object claim,publication or archival source
ARED-GH-02076,Upper West Region: Independence and state visual identity — object or artefact record research target 1,publication_state,"publication_state contains ""research target""",research target; no object claim,object or artefact record
ARED-GH-02077,Upper West Region: Independence and state visual identity — object or artefact record research target 2,publication_state,"publication_state contains ""research target""",research target; no object claim,object or artefact record
ARED-GH-02078,Upper West Region: Independence and state visual identity — object or artefact record research target 3,publication_state,"publication_state contains ""research target""",research target; no object claim,object or artefact record
ARED-GH-02079,Upper West Region: Independence and state visual identity — object or artefact record research target 4,publication_state,"publication_state contains ""research target""",research target; no object claim,object or artefact record
ARED-GH-02080,Upper West Region: Independence and state visual identity — object or artefact record research target 5,publication_state,"publication_state contains ""research target""",research target; no object claim,object or artefact record
ARED-GH-02081,Upper West Region: Independence and state visual identity — maker or workshop authority record research target 1,publication_state,"publication_state contains ""research target""",research target; no object claim,maker or workshop authority record
ARED-GH-02082,Upper West Region: Independence and state visual identity — maker or workshop authority record research target 2,publication_state,"publication_state contains ""research target""",research target; no object claim,maker or workshop authority record
ARED-GH-02083,Upper West Region: Independence and state visual identity — maker or workshop authority record research target 3,publication_state,"publication_state contains ""research target""",research target; no object claim,maker or workshop authority record
ARED-GH-02084,Upper West Region: Independence and state visual identity — maker or workshop authority record research target 4,publication_state,"publication_state contains ""research target""",research target; no object claim,maker or workshop authority record
ARED-GH-02085,Upper West Region: Independence and state visual identity — maker or workshop authority record research target 5,publication_state,"publication_state contains ""research target""",research target; no object claim,maker or workshop authority record
ARED-GH-02086,Upper West Region: Independence and state visual identity — institution or collection record research target 1,publication_state,"publication_state contains ""research target""",research target; no object claim,institution or collection record
ARED-GH-02087,Upper West Region: Independence and state visual identity — institution or collection record research target 2,publication_state,"publication_state contains ""research target""",research target; no object claim,institution or collection record
ARED-GH-02088,Upper West Region: Independence and state visual identity — institution or collection record research target 3,publication_state,"publication_state contains ""research target""",research target; no object claim,institution or collection record
ARED-GH-02089,Upper West Region: Independence and state visual identity — institution or collection record research target 4,publication_state,"publication_state contains ""research target""",research target; no object claim,institution or collection record
ARED-GH-02090,Upper West Region: Independence and state visual identity — institution or collection record research target 5,publication_state,"publication_state contains ""research target""",research target; no object claim,institution or collection record
ARED-GH-02091,Upper West Region: Independence and state visual identity — oral-history interview research target 1,publication_state,"publication_state contains ""research target""",research target; no object claim,oral-history interview
ARED-GH-02092,Upper West Region: Independence and state visual identity — oral-history interview research target 2,publication_state,"publication_state contains ""research target""",research target; no object claim,oral-history interview
ARED-GH-02093,Upper West Region: Independence and state visual identity — oral-history interview research target 3,publication_state,"publication_state contains ""research target""",research target; no object claim,oral-history interview
ARED-GH-02094,Upper West Region: Independence and state visual identity — oral-history interview research target 4,publication_state,"publication_state contains ""research target""",research target; no object claim,oral-history interview
ARED-GH-02095,Upper West Region: Independence and state visual identity — oral-history interview research target 5,publication_state,"publication_state contains ""research target""",research target; no object claim,oral-history interview
ARED-GH-02096,Upper West Region: Independence and state visual identity — publication or archival source research target 1,publication_state,"publication_state contains ""research target""",research target; no object claim,publication or archival source
ARED-GH-02097,Upper West Region: Independence and state visual identity — publication or archival source research target 2,publication_state,"publication_state contains ""research target""",research target; no object claim,publication or archival source
ARED-GH-02098,Upper West Region: Independence and state visual identity — publication or archival source research target 3,publication_state,"publication_state contains ""research target""",research target; no object claim,publication or archival source
ARED-GH-02099,Upper West Region: Independence and state visual identity — publication or archival source research target 4,publication_state,"publication_state contains ""research target""",research target; no object claim,publication or archival source
ARED-GH-02100,Upper West Region: Independence and state visual identity — publication or archival source research target 5,publication_state,"publication_state contains ""research target""",research target; no object claim,publication or archival source
ARED-GH-02101,Upper West Region: Popular and everyday graphics — object or artefact record research target 1,publication_state,"publication_state contains ""research target""",research target; no object claim,object or artefact record
ARED-GH-02102,Upper West Region: Popular and everyday graphics — object or artefact record research target 2,publication_state,"publication_state contains ""research target""",research target; no object claim,object or artefact record
ARED-GH-02103,Upper West Region: Popular and everyday graphics — object or artefact record research target 3,publication_state,"publication_state contains ""research target""",research target; no object claim,object or artefact record
ARED-GH-02104,Upper West Region: Popular and everyday graphics — object or artefact record research target 4,publication_state,"publication_state contains ""research target""",research target; no object claim,object or artefact record
ARED-GH-02105,Upper West Region: Popular and everyday graphics — object or artefact record research target 5,publication_state,"publication_state contains ""research target""",research target; no object claim,object or artefact record
ARED-GH-02106,Upper West Region: Popular and everyday graphics — maker or workshop authority record research target 1,publication_state,"publication_state contains ""research target""",research target; no object claim,maker or workshop authority record
ARED-GH-02107,Upper West Region: Popular and everyday graphics — maker or workshop authority record research target 2,publication_state,"publication_state contains ""research target""",research target; no object claim,maker or workshop authority record
ARED-GH-02108,Upper West Region: Popular and everyday graphics — maker or workshop authority record research target 3,publication_state,"publication_state contains ""research target""",research target; no object claim,maker or workshop authority record
ARED-GH-02109,Upper West Region: Popular and everyday graphics — maker or workshop authority record research target 4,publication_state,"publication_state contains ""research target""",research target; no object claim,maker or workshop authority record
ARED-GH-02110,Upper West Region: Popular and everyday graphics — maker or workshop authority record research target 5,publication_state,"publication_state contains ""research target""",research target; no object claim,maker or workshop authority record
ARED-GH-02111,Upper West Region: Popular and everyday graphics — institution or collection record research target 1,publication_state,"publication_state contains ""research target""",research target; no object claim,institution or collection record
ARED-GH-02112,Upper West Region: Popular and everyday graphics — institution or collection record research target 2,publication_state,"publication_state contains ""research target""",research target; no object claim,institution or collection record
ARED-GH-02113,Upper West Region: Popular and everyday graphics — institution or collection record research target 3,publication_state,"publication_state contains ""research target""",research target; no object claim,institution or collection record
ARED-GH-02114,Upper West Region: Popular and everyday graphics — institution or collection record research target 4,publication_state,"publication_state contains ""research target""",research target; no object claim,institution or collection record
ARED-GH-02115,Upper West Region: Popular and everyday graphics — institution or collection record research target 5,publication_state,"publication_state contains ""research target""",research target; no object claim,institution or collection record
ARED-GH-02116,Upper West Region: Popular and everyday graphics — oral-history interview research target 1,publication_state,"publication_state contains ""research target""",research target; no object claim,oral-history interview
ARED-GH-02117,Upper West Region: Popular and everyday graphics — oral-history interview research target 2,publication_state,"publication_state contains ""research target""",research target; no object claim,oral-history interview
ARED-GH-02118,Upper West Region: Popular and everyday graphics — oral-history interview research target 3,publication_state,"publication_state contains ""research target""",research target; no object claim,oral-history interview
ARED-GH-02119,Upper West Region: Popular and everyday graphics — oral-history interview research target 4,publication_state,"publication_state contains ""research target""",research target; no object claim,oral-history interview
ARED-GH-02120,Upper West Region: Popular and everyday graphics — oral-history interview research target 5,publication_state,"publication_state contains ""research target""",research target; no object claim,oral-history interview
ARED-GH-02121,Upper West Region: Popular and everyday graphics — publication or archival source research target 1,publication_state,"publication_state contains ""research target""",research target; no object claim,publication or archival source
ARED-GH-02122,Upper West Region: Popular and everyday graphics — publication or archival source research target 2,publication_state,"publication_state contains ""research target""",research target; no object claim,publication or archival source
ARED-GH-02123,Upper West Region: Popular and everyday graphics — publication or archival source research target 3,publication_state,"publication_state contains ""research target""",research target; no object claim,publication or archival source
ARED-GH-02124,Upper West Region: Popular and everyday graphics — publication or archival source research target 4,publication_state,"publication_state contains ""research target""",research target; no object claim,publication or archival source
ARED-GH-02125,Upper West Region: Popular and everyday graphics — publication or archival source research target 5,publication_state,"publication_state contains ""research target""",research target; no object claim,publication or archival source
ARED-GH-02126,"Upper West Region: Digital, diasporic and contemporary design — object or artefact record research target 1",publication_state,"publication_state contains ""research target""",research target; no object claim,object or artefact record
ARED-GH-02127,"Upper West Region: Digital, diasporic and contemporary design — object or artefact record research target 2",publication_state,"publication_state contains ""research target""",research target; no object claim,object or artefact record
ARED-GH-02128,"Upper West Region: Digital, diasporic and contemporary design — object or artefact record research target 3",publication_state,"publication_state contains ""research target""",research target; no object claim,object or artefact record
ARED-GH-02129,"Upper West Region: Digital, diasporic and contemporary design — object or artefact record research target 4",publication_state,"publication_state contains ""research target""",research target; no object claim,object or artefact record
ARED-GH-02130,"Upper West Region: Digital, diasporic and contemporary design — object or artefact record research target 5",publication_state,"publication_state contains ""research target""",research target; no object claim,object or artefact record
ARED-GH-02131,"Upper West Region: Digital, diasporic and contemporary design — maker or workshop authority record research target 1",publication_state,"publication_state contains ""research target""",research target; no object claim,maker or workshop authority record
ARED-GH-02132,"Upper West Region: Digital, diasporic and contemporary design — maker or workshop authority record research target 2",publication_state,"publication_state contains ""research target""",research target; no object claim,maker or workshop authority record
ARED-GH-02133,"Upper West Region: Digital, diasporic and contemporary design — maker or workshop authority record research target 3",publication_state,"publication_state contains ""research target""",research target; no object claim,maker or workshop authority record
ARED-GH-02134,"Upper West Region: Digital, diasporic and contemporary design — maker or workshop authority record research target 4",publication_state,"publication_state contains ""research target""",research target; no object claim,maker or workshop authority record
ARED-GH-02135,"Upper West Region: Digital, diasporic and contemporary design — maker or workshop authority record research target 5",publication_state,"publication_state contains ""research target""",research target; no object claim,maker or workshop authority record
ARED-GH-02136,"Upper West Region: Digital, diasporic and contemporary design — institution or collection record research target 1",publication_state,"publication_state contains ""research target""",research target; no object claim,institution or collection record
ARED-GH-02137,"Upper West Region: Digital, diasporic and contemporary design — institution or collection record research target 2",publication_state,"publication_state contains ""research target""",research target; no object claim,institution or collection record
ARED-GH-02138,"Upper West Region: Digital, diasporic and contemporary design — institution or collection record research target 3",publication_state,"publication_state contains ""research target""",research target; no object claim,institution or collection record
ARED-GH-02139,"Upper West Region: Digital, diasporic and contemporary design — institution or collection record research target 4",publication_state,"publication_state contains ""research target""",research target; no object claim,institution or collection record
ARED-GH-02140,"Upper West Region: Digital, diasporic and contemporary design — institution or collection record research target 5",publication_state,"publication_state contains ""research target""",research target; no object claim,institution or collection record
ARED-GH-02141,"Upper West Region: Digital, diasporic and contemporary design — oral-history interview research target 1",publication_state,"publication_state contains ""research target""",research target; no object claim,oral-history interview
ARED-GH-02142,"Upper West Region: Digital, diasporic and contemporary design — oral-history interview research target 2",publication_state,"publication_state contains ""research target""",research target; no object claim,oral-history interview
ARED-GH-02143,"Upper West Region: Digital, diasporic and contemporary design — oral-history interview research target 3",publication_state,"publication_state contains ""research target""",research target; no object claim,oral-history interview
ARED-GH-02144,"Upper West Region: Digital, diasporic and contemporary design — oral-history interview research target 4",publication_state,"publication_state contains ""research target""",research target; no object claim,oral-history interview
ARED-GH-02145,"Upper West Region: Digital, diasporic and contemporary design — oral-history interview research target 5",publication_state,"publication_state contains ""research target""",research target; no object claim,oral-history interview
ARED-GH-02146,"Upper West Region: Digital, diasporic and contemporary design — publication or archival source research target 1",publication_state,"publication_state contains ""research target""",research target; no object claim,publication or archival source
ARED-GH-02147,"Upper West Region: Digital, diasporic and contemporary design — publication or archival source research target 2",publication_state,"publication_state contains ""research target""",research target; no object claim,publication or archival source
ARED-GH-02148,"Upper West Region: Digital, diasporic and contemporary design — publication or archival source research target 3",publication_state,"publication_state contains ""research target""",research target; no object claim,publication or archival source
ARED-GH-02149,"Upper West Region: Digital, diasporic and contemporary design — publication or archival source research target 4",publication_state,"publication_state contains ""research target""",research target; no object claim,publication or archival source
ARED-GH-02150,"Upper West Region: Digital, diasporic and contemporary design — publication or archival source research target 5",publication_state,"publication_state contains ""research target""",research target; no object claim,publication or archival source
ARED-GH-02151,"Bono Region: Land, cosmology and authority — object or artefact record research target 1",publication_state,"publication_state contains ""research target""",research target; no object claim,object or artefact record
ARED-GH-02152,"Bono Region: Land, cosmology and authority — object or artefact record research target 2",publication_state,"publication_state contains ""research target""",research target; no object claim,object or artefact record
ARED-GH-02153,"Bono Region: Land, cosmology and authority — object or artefact record research target 3",publication_state,"publication_state contains ""research target""",research target; no object claim,object or artefact record
ARED-GH-02154,"Bono Region: Land, cosmology and authority — object or artefact record research target 4",publication_state,"publication_state contains ""research target""",research target; no object claim,object or artefact record
ARED-GH-02155,"Bono Region: Land, cosmology and authority — object or artefact record research target 5",publication_state,"publication_state contains ""research target""",research target; no object claim,object or artefact record
ARED-GH-02156,"Bono Region: Land, cosmology and authority — maker or workshop authority record research target 1",publication_state,"publication_state contains ""research target""",research target; no object claim,maker or workshop authority record
ARED-GH-02157,"Bono Region: Land, cosmology and authority — maker or workshop authority record research target 2",publication_state,"publication_state contains ""research target""",research target; no object claim,maker or workshop authority record
ARED-GH-02158,"Bono Region: Land, cosmology and authority — maker or workshop authority record research target 3",publication_state,"publication_state contains ""research target""",research target; no object claim,maker or workshop authority record
ARED-GH-02159,"Bono Region: Land, cosmology and authority — maker or workshop authority record research target 4",publication_state,"publication_state contains ""research target""",research target; no object claim,maker or workshop authority record
ARED-GH-02160,"Bono Region: Land, cosmology and authority — maker or workshop authority record research target 5",publication_state,"publication_state contains ""research target""",research target; no object claim,maker or workshop authority record
ARED-GH-02161,"Bono Region: Land, cosmology and authority — institution or collection record research target 1",publication_state,"publication_state contains ""research target""",research target; no object claim,institution or collection record
ARED-GH-02162,"Bono Region: Land, cosmology and authority — institution or collection record research target 2",publication_state,"publication_state contains ""research target""",research target; no object claim,institution or collection record
ARED-GH-02163,"Bono Region: Land, cosmology and authority — institution or collection record research target 3",publication_state,"publication_state contains ""research target""",research target; no object claim,institution or collection record
ARED-GH-02164,"Bono Region: Land, cosmology and authority — institution or collection record research target 4",publication_state,"publication_state contains ""research target""",research target; no object claim,institution or collection record
ARED-GH-02165,"Bono Region: Land, cosmology and authority — institution or collection record research target 5",publication_state,"publication_state contains ""research target""",research target; no object claim,institution or collection record
ARED-GH-02166,"Bono Region: Land, cosmology and authority — oral-history interview research target 1",publication_state,"publication_state contains ""research target""",research target; no object claim,oral-history interview
ARED-GH-02167,"Bono Region: Land, cosmology and authority — oral-history interview research target 2",publication_state,"publication_state contains ""research target""",research target; no object claim,oral-history interview
ARED-GH-02168,"Bono Region: Land, cosmology and authority — oral-history interview research target 3",publication_state,"publication_state contains ""research target""",research target; no object claim,oral-history interview
ARED-GH-02169,"Bono Region: Land, cosmology and authority — oral-history interview research target 4",publication_state,"publication_state contains ""research target""",research target; no object claim,oral-history interview
ARED-GH-02170,"Bono Region: Land, cosmology and authority — oral-history interview research target 5",publication_state,"publication_state contains ""research target""",research target; no object claim,oral-history interview
ARED-GH-02171,"Bono Region: Land, cosmology and authority — publication or archival source research target 1",publication_state,"publication_state contains ""research target""",research target; no object claim,publication or archival source
ARED-GH-02172,"Bono Region: Land, cosmology and authority — publication or archival source research target 2",publication_state,"publication_state contains ""research target""",research target; no object claim,publication or archival source
ARED-GH-02173,"Bono Region: Land, cosmology and authority — publication or archival source research target 3",publication_state,"publication_state contains ""research target""",research target; no object claim,publication or archival source
ARED-GH-02174,"Bono Region: Land, cosmology and authority — publication or archival source research target 4",publication_state,"publication_state contains ""research target""",research target; no object claim,publication or archival source
ARED-GH-02175,"Bono Region: Land, cosmology and authority — publication or archival source research target 5",publication_state,"publication_state contains ""research target""",research target; no object claim,publication or archival source
ARED-GH-02176,"Bono Region: Memory, proverb and performance — object or artefact record research target 1",publication_state,"publication_state contains ""research target""",research target; no object claim,object or artefact record
ARED-GH-02177,"Bono Region: Memory, proverb and performance — object or artefact record research target 2",publication_state,"publication_state contains ""research target""",research target; no object claim,object or artefact record
ARED-GH-02178,"Bono Region: Memory, proverb and performance — object or artefact record research target 3",publication_state,"publication_state contains ""research target""",research target; no object claim,object or artefact record
ARED-GH-02179,"Bono Region: Memory, proverb and performance — object or artefact record research target 4",publication_state,"publication_state contains ""research target""",research target; no object claim,object or artefact record
ARED-GH-02180,"Bono Region: Memory, proverb and performance — object or artefact record research target 5",publication_state,"publication_state contains ""research target""",research target; no object claim,object or artefact record
ARED-GH-02181,"Bono Region: Memory, proverb and performance — maker or workshop authority record research target 1",publication_state,"publication_state contains ""research target""",research target; no object claim,maker or workshop authority record
ARED-GH-02182,"Bono Region: Memory, proverb and performance — maker or workshop authority record research target 2",publication_state,"publication_state contains ""research target""",research target; no object claim,maker or workshop authority record
ARED-GH-02183,"Bono Region: Memory, proverb and performance — maker or workshop authority record research target 3",publication_state,"publication_state contains ""research target""",research target; no object claim,maker or workshop authority record
ARED-GH-02184,"Bono Region: Memory, proverb and performance — maker or workshop authority record research target 4",publication_state,"publication_state contains ""research target""",research target; no object claim,maker or workshop authority record
ARED-GH-02185,"Bono Region: Memory, proverb and performance — maker or workshop authority record research target 5",publication_state,"publication_state contains ""research target""",research target; no object claim,maker or workshop authority record
ARED-GH-02186,"Bono Region: Memory, proverb and performance — institution or collection record research target 1",publication_state,"publication_state contains ""research target""",research target; no object claim,institution or collection record
ARED-GH-02187,"Bono Region: Memory, proverb and performance — institution or collection record research target 2",publication_state,"publication_state contains ""research target""",research target; no object claim,institution or collection record
ARED-GH-02188,"Bono Region: Memory, proverb and performance — institution or collection record research target 3",publication_state,"publication_state contains ""research target""",research target; no object claim,institution or collection record
ARED-GH-02189,"Bono Region: Memory, proverb and performance — institution or collection record research target 4",publication_state,"publication_state contains ""research target""",research target; no object claim,institution or collection record
ARED-GH-02190,"Bono Region: Memory, proverb and performance — institution or collection record research target 5",publication_state,"publication_state contains ""research target""",research target; no object claim,institution or collection record
ARED-GH-02191,"Bono Region: Memory, proverb and performance — oral-history interview research target 1",publication_state,"publication_state contains ""research target""",research target; no object claim,oral-history interview
ARED-GH-02192,"Bono Region: Memory, proverb and performance — oral-history interview research target 2",publication_state,"publication_state contains ""research target""",research target; no object claim,oral-history interview
ARED-GH-02193,"Bono Region: Memory, proverb and performance — oral-history interview research target 3",publication_state,"publication_state contains ""research target""",research target; no object claim,oral-history interview
ARED-GH-02194,"Bono Region: Memory, proverb and performance — oral-history interview research target 4",publication_state,"publication_state contains ""research target""",research target; no object claim,oral-history interview
ARED-GH-02195,"Bono Region: Memory, proverb and performance — oral-history interview research target 5",publication_state,"publication_state contains ""research target""",research target; no object claim,oral-history interview
ARED-GH-02196,"Bono Region: Memory, proverb and performance — publication or archival source research target 1",publication_state,"publication_state contains ""research target""",research target; no object claim,publication or archival source
ARED-GH-02197,"Bono Region: Memory, proverb and performance — publication or archival source research target 2",publication_state,"publication_state contains ""research target""",research target; no object claim,publication or archival source
ARED-GH-02198,"Bono Region: Memory, proverb and performance — publication or archival source research target 3",publication_state,"publication_state contains ""research target""",research target; no object claim,publication or archival source
ARED-GH-02199,"Bono Region: Memory, proverb and performance — publication or archival source research target 4",publication_state,"publication_state contains ""research target""",research target; no object claim,publication or archival source
ARED-GH-02200,"Bono Region: Memory, proverb and performance — publication or archival source research target 5",publication_state,"publication_state contains ""research target""",research target; no object claim,publication or archival source
ARED-GH-02201,"Bono Region: Cloth, pattern and social identity — object or artefact record research target 1",publication_state,"publication_state contains ""research target""",research target; no object claim,object or artefact record
ARED-GH-02202,"Bono Region: Cloth, pattern and social identity — object or artefact record research target 2",publication_state,"publication_state contains ""research target""",research target; no object claim,object or artefact record
ARED-GH-02203,"Bono Region: Cloth, pattern and social identity — object or artefact record research target 3",publication_state,"publication_state contains ""research target""",research target; no object claim,object or artefact record
ARED-GH-02204,"Bono Region: Cloth, pattern and social identity — object or artefact record research target 4",publication_state,"publication_state contains ""research target""",research target; no object claim,object or artefact record
ARED-GH-02205,"Bono Region: Cloth, pattern and social identity — object or artefact record research target 5",publication_state,"publication_state contains ""research target""",research target; no object claim,object or artefact record
ARED-GH-02206,"Bono Region: Cloth, pattern and social identity — maker or workshop authority record research target 1",publication_state,"publication_state contains ""research target""",research target; no object claim,maker or workshop authority record
ARED-GH-02207,"Bono Region: Cloth, pattern and social identity — maker or workshop authority record research target 2",publication_state,"publication_state contains ""research target""",research target; no object claim,maker or workshop authority record
ARED-GH-02208,"Bono Region: Cloth, pattern and social identity — maker or workshop authority record research target 3",publication_state,"publication_state contains ""research target""",research target; no object claim,maker or workshop authority record
ARED-GH-02209,"Bono Region: Cloth, pattern and social identity — maker or workshop authority record research target 4",publication_state,"publication_state contains ""research target""",research target; no object claim,maker or workshop authority record
ARED-GH-02210,"Bono Region: Cloth, pattern and social identity — maker or workshop authority record research target 5",publication_state,"publication_state contains ""research target""",research target; no object claim,maker or workshop authority record
ARED-GH-02211,"Bono Region: Cloth, pattern and social identity — institution or collection record research target 1",publication_state,"publication_state contains ""research target""",research target; no object claim,institution or collection record
ARED-GH-02212,"Bono Region: Cloth, pattern and social identity — institution or collection record research target 2",publication_state,"publication_state contains ""research target""",research target; no object claim,institution or collection record
ARED-GH-02213,"Bono Region: Cloth, pattern and social identity — institution or collection record research target 3",publication_state,"publication_state contains ""research target""",research target; no object claim,institution or collection record
ARED-GH-02214,"Bono Region: Cloth, pattern and social identity — institution or collection record research target 4",publication_state,"publication_state contains ""research target""",research target; no object claim,institution or collection record
ARED-GH-02215,"Bono Region: Cloth, pattern and social identity — institution or collection record research target 5",publication_state,"publication_state contains ""research target""",research target; no object claim,institution or collection record
ARED-GH-02216,"Bono Region: Cloth, pattern and social identity — oral-history interview research target 1",publication_state,"publication_state contains ""research target""",research target; no object claim,oral-history interview
ARED-GH-02217,"Bono Region: Cloth, pattern and social identity — oral-history interview research target 2",publication_state,"publication_state contains ""research target""",research target; no object claim,oral-history interview
ARED-GH-02218,"Bono Region: Cloth, pattern and social identity — oral-history interview research target 3",publication_state,"publication_state contains ""research target""",research target; no object claim,oral-history interview
ARED-GH-02219,"Bono Region: Cloth, pattern and social identity — oral-history interview research target 4",publication_state,"publication_state contains ""research target""",research target; no object claim,oral-history interview
ARED-GH-02220,"Bono Region: Cloth, pattern and social identity — oral-history interview research target 5",publication_state,"publication_state contains ""research target""",research target; no object claim,oral-history interview
ARED-GH-02221,"Bono Region: Cloth, pattern and social identity — publication or archival source research target 1",publication_state,"publication_state contains ""research target""",research target; no object claim,publication or archival source
ARED-GH-02222,"Bono Region: Cloth, pattern and social identity — publication or archival source research target 2",publication_state,"publication_state contains ""research target""",research target; no object claim,publication or archival source
ARED-GH-02223,"Bono Region: Cloth, pattern and social identity — publication or archival source research target 3",publication_state,"publication_state contains ""research target""",research target; no object claim,publication or archival source
ARED-GH-02224,"Bono Region: Cloth, pattern and social identity — publication or archival source research target 4",publication_state,"publication_state contains ""research target""",research target; no object claim,publication or archival source
ARED-GH-02225,"Bono Region: Cloth, pattern and social identity — publication or archival source research target 5",publication_state,"publication_state contains ""research target""",research target; no object claim,publication or archival source
ARED-GH-02226,"Bono Region: Print, colonial rule and public culture — object or artefact record research target 1",publication_state,"publication_state contains ""research target""",research target; no object claim,object or artefact record
ARED-GH-02227,"Bono Region: Print, colonial rule and public culture — object or artefact record research target 2",publication_state,"publication_state contains ""research target""",research target; no object claim,object or artefact record
ARED-GH-02228,"Bono Region: Print, colonial rule and public culture — object or artefact record research target 3",publication_state,"publication_state contains ""research target""",research target; no object claim,object or artefact record
ARED-GH-02229,"Bono Region: Print, colonial rule and public culture — object or artefact record research target 4",publication_state,"publication_state contains ""research target""",research target; no object claim,object or artefact record
ARED-GH-02230,"Bono Region: Print, colonial rule and public culture — object or artefact record research target 5",publication_state,"publication_state contains ""research target""",research target; no object claim,object or artefact record
ARED-GH-02231,"Bono Region: Print, colonial rule and public culture — maker or workshop authority record research target 1",publication_state,"publication_state contains ""research target""",research target; no object claim,maker or workshop authority record
ARED-GH-02232,"Bono Region: Print, colonial rule and public culture — maker or workshop authority record research target 2",publication_state,"publication_state contains ""research target""",research target; no object claim,maker or workshop authority record
ARED-GH-02233,"Bono Region: Print, colonial rule and public culture — maker or workshop authority record research target 3",publication_state,"publication_state contains ""research target""",research target; no object claim,maker or workshop authority record
ARED-GH-02234,"Bono Region: Print, colonial rule and public culture — maker or workshop authority record research target 4",publication_state,"publication_state contains ""research target""",research target; no object claim,maker or workshop authority record
ARED-GH-02235,"Bono Region: Print, colonial rule and public culture — maker or workshop authority record research target 5",publication_state,"publication_state contains ""research target""",research target; no object claim,maker or workshop authority record
ARED-GH-02236,"Bono Region: Print, colonial rule and public culture — institution or collection record research target 1",publication_state,"publication_state contains ""research target""",research target; no object claim,institution or collection record
ARED-GH-02237,"Bono Region: Print, colonial rule and public culture — institution or collection record research target 2",publication_state,"publication_state contains ""research target""",research target; no object claim,institution or collection record
ARED-GH-02238,"Bono Region: Print, colonial rule and public culture — institution or collection record research target 3",publication_state,"publication_state contains ""research target""",research target; no object claim,institution or collection record
ARED-GH-02239,"Bono Region: Print, colonial rule and public culture — institution or collection record research target 4",publication_state,"publication_state contains ""research target""",research target; no object claim,institution or collection record
ARED-GH-02240,"Bono Region: Print, colonial rule and public culture — institution or collection record research target 5",publication_state,"publication_state contains ""research target""",research target; no object claim,institution or collection record
ARED-GH-02241,"Bono Region: Print, colonial rule and public culture — oral-history interview research target 1",publication_state,"publication_state contains ""research target""",research target; no object claim,oral-history interview
ARED-GH-02242,"Bono Region: Print, colonial rule and public culture — oral-history interview research target 2",publication_state,"publication_state contains ""research target""",research target; no object claim,oral-history interview
ARED-GH-02243,"Bono Region: Print, colonial rule and public culture — oral-history interview research target 3",publication_state,"publication_state contains ""research target""",research target; no object claim,oral-history interview
ARED-GH-02244,"Bono Region: Print, colonial rule and public culture — oral-history interview research target 4",publication_state,"publication_state contains ""research target""",research target; no object claim,oral-history interview
ARED-GH-02245,"Bono Region: Print, colonial rule and public culture — oral-history interview research target 5",publication_state,"publication_state contains ""research target""",research target; no object claim,oral-history interview
ARED-GH-02246,"Bono Region: Print, colonial rule and public culture — publication or archival source research target 1",publication_state,"publication_state contains ""research target""",research target; no object claim,publication or archival source
ARED-GH-02247,"Bono Region: Print, colonial rule and public culture — publication or archival source research target 2",publication_state,"publication_state contains ""research target""",research target; no object claim,publication or archival source
ARED-GH-02248,"Bono Region: Print, colonial rule and public culture — publication or archival source research target 3",publication_state,"publication_state contains ""research target""",research target; no object claim,publication or archival source
ARED-GH-02249,"Bono Region: Print, colonial rule and public culture — publication or archival source research target 4",publication_state,"publication_state contains ""research target""",research target; no object claim,publication or archival source
ARED-GH-02250,"Bono Region: Print, colonial rule and public culture — publication or archival source research target 5",publication_state,"publication_state contains ""research target""",research target; no object claim,publication or archival source
ARED-GH-02251,Bono Region: Independence and state visual identity — object or artefact record research target 1,publication_state,"publication_state contains ""research target""",research target; no object claim,object or artefact record
ARED-GH-02252,Bono Region: Independence and state visual identity — object or artefact record research target 2,publication_state,"publication_state contains ""research target""",research target; no object claim,object or artefact record
ARED-GH-02253,Bono Region: Independence and state visual identity — object or artefact record research target 3,publication_state,"publication_state contains ""research target""",research target; no object claim,object or artefact record
ARED-GH-02254,Bono Region: Independence and state visual identity — object or artefact record research target 4,publication_state,"publication_state contains ""research target""",research target; no object claim,object or artefact record
ARED-GH-02255,Bono Region: Independence and state visual identity — object or artefact record research target 5,publication_state,"publication_state contains ""research target""",research target; no object claim,object or artefact record
ARED-GH-02256,Bono Region: Independence and state visual identity — maker or workshop authority record research target 1,publication_state,"publication_state contains ""research target""",research target; no object claim,maker or workshop authority record
ARED-GH-02257,Bono Region: Independence and state visual identity — maker or workshop authority record research target 2,publication_state,"publication_state contains ""research target""",research target; no object claim,maker or workshop authority record
ARED-GH-02258,Bono Region: Independence and state visual identity — maker or workshop authority record research target 3,publication_state,"publication_state contains ""research target""",research target; no object claim,maker or workshop authority record
ARED-GH-02259,Bono Region: Independence and state visual identity — maker or workshop authority record research target 4,publication_state,"publication_state contains ""research target""",research target; no object claim,maker or workshop authority record
ARED-GH-02260,Bono Region: Independence and state visual identity — maker or workshop authority record research target 5,publication_state,"publication_state contains ""research target""",research target; no object claim,maker or workshop authority record
ARED-GH-02261,Bono Region: Independence and state visual identity — institution or collection record research target 1,publication_state,"publication_state contains ""research target""",research target; no object claim,institution or collection record
ARED-GH-02262,Bono Region: Independence and state visual identity — institution or collection record research target 2,publication_state,"publication_state contains ""research target""",research target; no object claim,institution or collection record
ARED-GH-02263,Bono Region: Independence and state visual identity — institution or collection record research target 3,publication_state,"publication_state contains ""research target""",research target; no object claim,institution or collection record
ARED-GH-02264,Bono Region: Independence and state visual identity — institution or collection record research target 4,publication_state,"publication_state contains ""research target""",research target; no object claim,institution or collection record
ARED-GH-02265,Bono Region: Independence and state visual identity — institution or collection record research target 5,publication_state,"publication_state contains ""research target""",research target; no object claim,institution or collection record
ARED-GH-02266,Bono Region: Independence and state visual identity — oral-history interview research target 1,publication_state,"publication_state contains ""research target""",research target; no object claim,oral-history interview
ARED-GH-02267,Bono Region: Independence and state visual identity — oral-history interview research target 2,publication_state,"publication_state contains ""research target""",research target; no object claim,oral-history interview
ARED-GH-02268,Bono Region: Independence and state visual identity — oral-history interview research target 3,publication_state,"publication_state contains ""research target""",research target; no object claim,oral-history interview
ARED-GH-02269,Bono Region: Independence and state visual identity — oral-history interview research target 4,publication_state,"publication_state contains ""research target""",research target; no object claim,oral-history interview
ARED-GH-02270,Bono Region: Independence and state visual identity — oral-history interview research target 5,publication_state,"publication_state contains ""research target""",research target; no object claim,oral-history interview
ARED-GH-02271,Bono Region: Independence and state visual identity — publication or archival source research target 1,publication_state,"publication_state contains ""research target""",research target; no object claim,publication or archival source
ARED-GH-02272,Bono Region: Independence and state visual identity — publication or archival source research target 2,publication_state,"publication_state contains ""research target""",research target; no object claim,publication or archival source
ARED-GH-02273,Bono Region: Independence and state visual identity — publication or archival source research target 3,publication_state,"publication_state contains ""research target""",research target; no object claim,publication or archival source
ARED-GH-02274,Bono Region: Independence and state visual identity — publication or archival source research target 4,publication_state,"publication_state contains ""research target""",research target; no object claim,publication or archival source
ARED-GH-02275,Bono Region: Independence and state visual identity — publication or archival source research target 5,publication_state,"publication_state contains ""research target""",research target; no object claim,publication or archival source
ARED-GH-02276,Bono Region: Popular and everyday graphics — object or artefact record research target 1,publication_state,"publication_state contains ""research target""",research target; no object claim,object or artefact record
ARED-GH-02277,Bono Region: Popular and everyday graphics — object or artefact record research target 2,publication_state,"publication_state contains ""research target""",research target; no object claim,object or artefact record
ARED-GH-02278,Bono Region: Popular and everyday graphics — object or artefact record research target 3,publication_state,"publication_state contains ""research target""",research target; no object claim,object or artefact record
ARED-GH-02279,Bono Region: Popular and everyday graphics — object or artefact record research target 4,publication_state,"publication_state contains ""research target""",research target; no object claim,object or artefact record
ARED-GH-02280,Bono Region: Popular and everyday graphics — object or artefact record research target 5,publication_state,"publication_state contains ""research target""",research target; no object claim,object or artefact record
ARED-GH-02281,Bono Region: Popular and everyday graphics — maker or workshop authority record research target 1,publication_state,"publication_state contains ""research target""",research target; no object claim,maker or workshop authority record
ARED-GH-02282,Bono Region: Popular and everyday graphics — maker or workshop authority record research target 2,publication_state,"publication_state contains ""research target""",research target; no object claim,maker or workshop authority record
ARED-GH-02283,Bono Region: Popular and everyday graphics — maker or workshop authority record research target 3,publication_state,"publication_state contains ""research target""",research target; no object claim,maker or workshop authority record
ARED-GH-02284,Bono Region: Popular and everyday graphics — maker or workshop authority record research target 4,publication_state,"publication_state contains ""research target""",research target; no object claim,maker or workshop authority record
ARED-GH-02285,Bono Region: Popular and everyday graphics — maker or workshop authority record research target 5,publication_state,"publication_state contains ""research target""",research target; no object claim,maker or workshop authority record
ARED-GH-02286,Bono Region: Popular and everyday graphics — institution or collection record research target 1,publication_state,"publication_state contains ""research target""",research target; no object claim,institution or collection record
ARED-GH-02287,Bono Region: Popular and everyday graphics — institution or collection record research target 2,publication_state,"publication_state contains ""research target""",research target; no object claim,institution or collection record
ARED-GH-02288,Bono Region: Popular and everyday graphics — institution or collection record research target 3,publication_state,"publication_state contains ""research target""",research target; no object claim,institution or collection record
ARED-GH-02289,Bono Region: Popular and everyday graphics — institution or collection record research target 4,publication_state,"publication_state contains ""research target""",research target; no object claim,institution or collection record
ARED-GH-02290,Bono Region: Popular and everyday graphics — institution or collection record research target 5,publication_state,"publication_state contains ""research target""",research target; no object claim,institution or collection record
ARED-GH-02291,Bono Region: Popular and everyday graphics — oral-history interview research target 1,publication_state,"publication_state contains ""research target""",research target; no object claim,oral-history interview
ARED-GH-02292,Bono Region: Popular and everyday graphics — oral-history interview research target 2,publication_state,"publication_state contains ""research target""",research target; no object claim,oral-history interview
ARED-GH-02293,Bono Region: Popular and everyday graphics — oral-history interview research target 3,publication_state,"publication_state contains ""research target""",research target; no object claim,oral-history interview
ARED-GH-02294,Bono Region: Popular and everyday graphics — oral-history interview research target 4,publication_state,"publication_state contains ""research target""",research target; no object claim,oral-history interview
ARED-GH-02295,Bono Region: Popular and everyday graphics — oral-history interview research target 5,publication_state,"publication_state contains ""research target""",research target; no object claim,oral-history interview
ARED-GH-02296,Bono Region: Popular and everyday graphics — publication or archival source research target 1,publication_state,"publication_state contains ""research target""",research target; no object claim,publication or archival source
ARED-GH-02297,Bono Region: Popular and everyday graphics — publication or archival source research target 2,publication_state,"publication_state contains ""research target""",research target; no object claim,publication or archival source
ARED-GH-02298,Bono Region: Popular and everyday graphics — publication or archival source research target 3,publication_state,"publication_state contains ""research target""",research target; no object claim,publication or archival source
ARED-GH-02299,Bono Region: Popular and everyday graphics — publication or archival source research target 4,publication_state,"publication_state contains ""research target""",research target; no object claim,publication or archival source
ARED-GH-02300,Bono Region: Popular and everyday graphics — publication or archival source research target 5,publication_state,"publication_state contains ""research target""",research target; no object claim,publication or archival source
ARED-GH-02301,"Bono Region: Digital, diasporic and contemporary design — object or artefact record research target 1",publication_state,"publication_state contains ""research target""",research target; no object claim,object or artefact record
ARED-GH-02302,"Bono Region: Digital, diasporic and contemporary design — object or artefact record research target 2",publication_state,"publication_state contains ""research target""",research target; no object claim,object or artefact record
ARED-GH-02303,"Bono Region: Digital, diasporic and contemporary design — object or artefact record research target 3",publication_state,"publication_state contains ""research target""",research target; no object claim,object or artefact record
ARED-GH-02304,"Bono Region: Digital, diasporic and contemporary design — object or artefact record research target 4",publication_state,"publication_state contains ""research target""",research target; no object claim,object or artefact record
ARED-GH-02305,"Bono Region: Digital, diasporic and contemporary design — object or artefact record research target 5",publication_state,"publication_state contains ""research target""",research target; no object claim,object or artefact record
ARED-GH-02306,"Bono Region: Digital, diasporic and contemporary design — maker or workshop authority record research target 1",publication_state,"publication_state contains ""research target""",research target; no object claim,maker or workshop authority record
ARED-GH-02307,"Bono Region: Digital, diasporic and contemporary design — maker or workshop authority record research target 2",publication_state,"publication_state contains ""research target""",research target; no object claim,maker or workshop authority record
ARED-GH-02308,"Bono Region: Digital, diasporic and contemporary design — maker or workshop authority record research target 3",publication_state,"publication_state contains ""research target""",research target; no object claim,maker or workshop authority record
ARED-GH-02309,"Bono Region: Digital, diasporic and contemporary design — maker or workshop authority record research target 4",publication_state,"publication_state contains ""research target""",research target; no object claim,maker or workshop authority record
ARED-GH-02310,"Bono Region: Digital, diasporic and contemporary design — maker or workshop authority record research target 5",publication_state,"publication_state contains ""research target""",research target; no object claim,maker or workshop authority record
ARED-GH-02311,"Bono Region: Digital, diasporic and contemporary design — institution or collection record research target 1",publication_state,"publication_state contains ""research target""",research target; no object claim,institution or collection record
ARED-GH-02312,"Bono Region: Digital, diasporic and contemporary design — institution or collection record research target 2",publication_state,"publication_state contains ""research target""",research target; no object claim,institution or collection record
ARED-GH-02313,"Bono Region: Digital, diasporic and contemporary design — institution or collection record research target 3",publication_state,"publication_state contains ""research target""",research target; no object claim,institution or collection record
ARED-GH-02314,"Bono Region: Digital, diasporic and contemporary design — institution or collection record research target 4",publication_state,"publication_state contains ""research target""",research target; no object claim,institution or collection record
ARED-GH-02315,"Bono Region: Digital, diasporic and contemporary design — institution or collection record research target 5",publication_state,"publication_state contains ""research target""",research target; no object claim,institution or collection record
ARED-GH-02316,"Bono Region: Digital, diasporic and contemporary design — oral-history interview research target 1",publication_state,"publication_state contains ""research target""",research target; no object claim,oral-history interview
ARED-GH-02317,"Bono Region: Digital, diasporic and contemporary design — oral-history interview research target 2",publication_state,"publication_state contains ""research target""",research target; no object claim,oral-history interview
ARED-GH-02318,"Bono Region: Digital, diasporic and contemporary design — oral-history interview research target 3",publication_state,"publication_state contains ""research target""",research target; no object claim,oral-history interview
ARED-GH-02319,"Bono Region: Digital, diasporic and contemporary design — oral-history interview research target 4",publication_state,"publication_state contains ""research target""",research target; no object claim,oral-history interview
ARED-GH-02320,"Bono Region: Digital, diasporic and contemporary design — oral-history interview research target 5",publication_state,"publication_state contains ""research target""",research target; no object claim,oral-history interview
ARED-GH-02321,"Bono Region: Digital, diasporic and contemporary design — publication or archival source research target 1",publication_state,"publication_state contains ""research target""",research target; no object claim,publication or archival source
ARED-GH-02322,"Bono Region: Digital, diasporic and contemporary design — publication or archival source research target 2",publication_state,"publication_state contains ""research target""",research target; no object claim,publication or archival source
ARED-GH-02323,"Bono Region: Digital, diasporic and contemporary design — publication or archival source research target 3",publication_state,"publication_state contains ""research target""",research target; no object claim,publication or archival source
ARED-GH-02324,"Bono Region: Digital, diasporic and contemporary design — publication or archival source research target 4",publication_state,"publication_state contains ""research target""",research target; no object claim,publication or archival source
ARED-GH-02325,"Bono Region: Digital, diasporic and contemporary design — publication or archival source research target 5",publication_state,"publication_state contains ""research target""",research target; no object claim,publication or archival source
ARED-GH-02326,"Bono East Region: Land, cosmology and authority — object or artefact record research target 1",publication_state,"publication_state contains ""research target""",research target; no object claim,object or artefact record
ARED-GH-02327,"Bono East Region: Land, cosmology and authority — object or artefact record research target 2",publication_state,"publication_state contains ""research target""",research target; no object claim,object or artefact record
ARED-GH-02328,"Bono East Region: Land, cosmology and authority — object or artefact record research target 3",publication_state,"publication_state contains ""research target""",research target; no object claim,object or artefact record
ARED-GH-02329,"Bono East Region: Land, cosmology and authority — object or artefact record research target 4",publication_state,"publication_state contains ""research target""",research target; no object claim,object or artefact record
ARED-GH-02330,"Bono East Region: Land, cosmology and authority — object or artefact record research target 5",publication_state,"publication_state contains ""research target""",research target; no object claim,object or artefact record
ARED-GH-02331,"Bono East Region: Land, cosmology and authority — maker or workshop authority record research target 1",publication_state,"publication_state contains ""research target""",research target; no object claim,maker or workshop authority record
ARED-GH-02332,"Bono East Region: Land, cosmology and authority — maker or workshop authority record research target 2",publication_state,"publication_state contains ""research target""",research target; no object claim,maker or workshop authority record
ARED-GH-02333,"Bono East Region: Land, cosmology and authority — maker or workshop authority record research target 3",publication_state,"publication_state contains ""research target""",research target; no object claim,maker or workshop authority record
ARED-GH-02334,"Bono East Region: Land, cosmology and authority — maker or workshop authority record research target 4",publication_state,"publication_state contains ""research target""",research target; no object claim,maker or workshop authority record
ARED-GH-02335,"Bono East Region: Land, cosmology and authority — maker or workshop authority record research target 5",publication_state,"publication_state contains ""research target""",research target; no object claim,maker or workshop authority record
ARED-GH-02336,"Bono East Region: Land, cosmology and authority — institution or collection record research target 1",publication_state,"publication_state contains ""research target""",research target; no object claim,institution or collection record
ARED-GH-02337,"Bono East Region: Land, cosmology and authority — institution or collection record research target 2",publication_state,"publication_state contains ""research target""",research target; no object claim,institution or collection record
ARED-GH-02338,"Bono East Region: Land, cosmology and authority — institution or collection record research target 3",publication_state,"publication_state contains ""research target""",research target; no object claim,institution or collection record
ARED-GH-02339,"Bono East Region: Land, cosmology and authority — institution or collection record research target 4",publication_state,"publication_state contains ""research target""",research target; no object claim,institution or collection record
ARED-GH-02340,"Bono East Region: Land, cosmology and authority — institution or collection record research target 5",publication_state,"publication_state contains ""research target""",research target; no object claim,institution or collection record
ARED-GH-02341,"Bono East Region: Land, cosmology and authority — oral-history interview research target 1",publication_state,"publication_state contains ""research target""",research target; no object claim,oral-history interview
ARED-GH-02342,"Bono East Region: Land, cosmology and authority — oral-history interview research target 2",publication_state,"publication_state contains ""research target""",research target; no object claim,oral-history interview
ARED-GH-02343,"Bono East Region: Land, cosmology and authority — oral-history interview research target 3",publication_state,"publication_state contains ""research target""",research target; no object claim,oral-history interview
ARED-GH-02344,"Bono East Region: Land, cosmology and authority — oral-history interview research target 4",publication_state,"publication_state contains ""research target""",research target; no object claim,oral-history interview
ARED-GH-02345,"Bono East Region: Land, cosmology and authority — oral-history interview research target 5",publication_state,"publication_state contains ""research target""",research target; no object claim,oral-history interview
ARED-GH-02346,"Bono East Region: Land, cosmology and authority — publication or archival source research target 1",publication_state,"publication_state contains ""research target""",research target; no object claim,publication or archival source
ARED-GH-02347,"Bono East Region: Land, cosmology and authority — publication or archival source research target 2",publication_state,"publication_state contains ""research target""",research target; no object claim,publication or archival source
ARED-GH-02348,"Bono East Region: Land, cosmology and authority — publication or archival source research target 3",publication_state,"publication_state contains ""research target""",research target; no object claim,publication or archival source
ARED-GH-02349,"Bono East Region: Land, cosmology and authority — publication or archival source research target 4",publication_state,"publication_state contains ""research target""",research target; no object claim,publication or archival source
ARED-GH-02350,"Bono East Region: Land, cosmology and authority — publication or archival source research target 5",publication_state,"publication_state contains ""research target""",research target; no object claim,publication or archival source
ARED-GH-02351,"Bono East Region: Memory, proverb and performance — object or artefact record research target 1",publication_state,"publication_state contains ""research target""",research target; no object claim,object or artefact record
ARED-GH-02352,"Bono East Region: Memory, proverb and performance — object or artefact record research target 2",publication_state,"publication_state contains ""research target""",research target; no object claim,object or artefact record
ARED-GH-02353,"Bono East Region: Memory, proverb and performance — object or artefact record research target 3",publication_state,"publication_state contains ""research target""",research target; no object claim,object or artefact record
ARED-GH-02354,"Bono East Region: Memory, proverb and performance — object or artefact record research target 4",publication_state,"publication_state contains ""research target""",research target; no object claim,object or artefact record
ARED-GH-02355,"Bono East Region: Memory, proverb and performance — object or artefact record research target 5",publication_state,"publication_state contains ""research target""",research target; no object claim,object or artefact record
ARED-GH-02356,"Bono East Region: Memory, proverb and performance — maker or workshop authority record research target 1",publication_state,"publication_state contains ""research target""",research target; no object claim,maker or workshop authority record
ARED-GH-02357,"Bono East Region: Memory, proverb and performance — maker or workshop authority record research target 2",publication_state,"publication_state contains ""research target""",research target; no object claim,maker or workshop authority record
ARED-GH-02358,"Bono East Region: Memory, proverb and performance — maker or workshop authority record research target 3",publication_state,"publication_state contains ""research target""",research target; no object claim,maker or workshop authority record
ARED-GH-02359,"Bono East Region: Memory, proverb and performance — maker or workshop authority record research target 4",publication_state,"publication_state contains ""research target""",research target; no object claim,maker or workshop authority record
ARED-GH-02360,"Bono East Region: Memory, proverb and performance — maker or workshop authority record research target 5",publication_state,"publication_state contains ""research target""",research target; no object claim,maker or workshop authority record
ARED-GH-02361,"Bono East Region: Memory, proverb and performance — institution or collection record research target 1",publication_state,"publication_state contains ""research target""",research target; no object claim,institution or collection record
ARED-GH-02362,"Bono East Region: Memory, proverb and performance — institution or collection record research target 2",publication_state,"publication_state contains ""research target""",research target; no object claim,institution or collection record
ARED-GH-02363,"Bono East Region: Memory, proverb and performance — institution or collection record research target 3",publication_state,"publication_state contains ""research target""",research target; no object claim,institution or collection record
ARED-GH-02364,"Bono East Region: Memory, proverb and performance — institution or collection record research target 4",publication_state,"publication_state contains ""research target""",research target; no object claim,institution or collection record
ARED-GH-02365,"Bono East Region: Memory, proverb and performance — institution or collection record research target 5",publication_state,"publication_state contains ""research target""",research target; no object claim,institution or collection record
ARED-GH-02366,"Bono East Region: Memory, proverb and performance — oral-history interview research target 1",publication_state,"publication_state contains ""research target""",research target; no object claim,oral-history interview
ARED-GH-02367,"Bono East Region: Memory, proverb and performance — oral-history interview research target 2",publication_state,"publication_state contains ""research target""",research target; no object claim,oral-history interview
ARED-GH-02368,"Bono East Region: Memory, proverb and performance — oral-history interview research target 3",publication_state,"publication_state contains ""research target""",research target; no object claim,oral-history interview
ARED-GH-02369,"Bono East Region: Memory, proverb and performance — oral-history interview research target 4",publication_state,"publication_state contains ""research target""",research target; no object claim,oral-history interview
ARED-GH-02370,"Bono East Region: Memory, proverb and performance — oral-history interview research target 5",publication_state,"publication_state contains ""research target""",research target; no object claim,oral-history interview
ARED-GH-02371,"Bono East Region: Memory, proverb and performance — publication or archival source research target 1",publication_state,"publication_state contains ""research target""",research target; no object claim,publication or archival source
ARED-GH-02372,"Bono East Region: Memory, proverb and performance — publication or archival source research target 2",publication_state,"publication_state contains ""research target""",research target; no object claim,publication or archival source
ARED-GH-02373,"Bono East Region: Memory, proverb and performance — publication or archival source research target 3",publication_state,"publication_state contains ""research target""",research target; no object claim,publication or archival source
ARED-GH-02374,"Bono East Region: Memory, proverb and performance — publication or archival source research target 4",publication_state,"publication_state contains ""research target""",research target; no object claim,publication or archival source
ARED-GH-02375,"Bono East Region: Memory, proverb and performance — publication or archival source research target 5",publication_state,"publication_state contains ""research target""",research target; no object claim,publication or archival source
ARED-GH-02376,"Bono East Region: Cloth, pattern and social identity — object or artefact record research target 1",publication_state,"publication_state contains ""research target""",research target; no object claim,object or artefact record
ARED-GH-02377,"Bono East Region: Cloth, pattern and social identity — object or artefact record research target 2",publication_state,"publication_state contains ""research target""",research target; no object claim,object or artefact record
ARED-GH-02378,"Bono East Region: Cloth, pattern and social identity — object or artefact record research target 3",publication_state,"publication_state contains ""research target""",research target; no object claim,object or artefact record
ARED-GH-02379,"Bono East Region: Cloth, pattern and social identity — object or artefact record research target 4",publication_state,"publication_state contains ""research target""",research target; no object claim,object or artefact record
ARED-GH-02380,"Bono East Region: Cloth, pattern and social identity — object or artefact record research target 5",publication_state,"publication_state contains ""research target""",research target; no object claim,object or artefact record
ARED-GH-02381,"Bono East Region: Cloth, pattern and social identity — maker or workshop authority record research target 1",publication_state,"publication_state contains ""research target""",research target; no object claim,maker or workshop authority record
ARED-GH-02382,"Bono East Region: Cloth, pattern and social identity — maker or workshop authority record research target 2",publication_state,"publication_state contains ""research target""",research target; no object claim,maker or workshop authority record
ARED-GH-02383,"Bono East Region: Cloth, pattern and social identity — maker or workshop authority record research target 3",publication_state,"publication_state contains ""research target""",research target; no object claim,maker or workshop authority record
ARED-GH-02384,"Bono East Region: Cloth, pattern and social identity — maker or workshop authority record research target 4",publication_state,"publication_state contains ""research target""",research target; no object claim,maker or workshop authority record
ARED-GH-02385,"Bono East Region: Cloth, pattern and social identity — maker or workshop authority record research target 5",publication_state,"publication_state contains ""research target""",research target; no object claim,maker or workshop authority record
ARED-GH-02386,"Bono East Region: Cloth, pattern and social identity — institution or collection record research target 1",publication_state,"publication_state contains ""research target""",research target; no object claim,institution or collection record
ARED-GH-02387,"Bono East Region: Cloth, pattern and social identity — institution or collection record research target 2",publication_state,"publication_state contains ""research target""",research target; no object claim,institution or collection record
ARED-GH-02388,"Bono East Region: Cloth, pattern and social identity — institution or collection record research target 3",publication_state,"publication_state contains ""research target""",research target; no object claim,institution or collection record
ARED-GH-02389,"Bono East Region: Cloth, pattern and social identity — institution or collection record research target 4",publication_state,"publication_state contains ""research target""",research target; no object claim,institution or collection record
ARED-GH-02390,"Bono East Region: Cloth, pattern and social identity — institution or collection record research target 5",publication_state,"publication_state contains ""research target""",research target; no object claim,institution or collection record
ARED-GH-02391,"Bono East Region: Cloth, pattern and social identity — oral-history interview research target 1",publication_state,"publication_state contains ""research target""",research target; no object claim,oral-history interview
ARED-GH-02392,"Bono East Region: Cloth, pattern and social identity — oral-history interview research target 2",publication_state,"publication_state contains ""research target""",research target; no object claim,oral-history interview
ARED-GH-02393,"Bono East Region: Cloth, pattern and social identity — oral-history interview research target 3",publication_state,"publication_state contains ""research target""",research target; no object claim,oral-history interview
ARED-GH-02394,"Bono East Region: Cloth, pattern and social identity — oral-history interview research target 4",publication_state,"publication_state contains ""research target""",research target; no object claim,oral-history interview
ARED-GH-02395,"Bono East Region: Cloth, pattern and social identity — oral-history interview research target 5",publication_state,"publication_state contains ""research target""",research target; no object claim,oral-history interview
ARED-GH-02396,"Bono East Region: Cloth, pattern and social identity — publication or archival source research target 1",publication_state,"publication_state contains ""research target""",research target; no object claim,publication or archival source
ARED-GH-02397,"Bono East Region: Cloth, pattern and social identity — publication or archival source research target 2",publication_state,"publication_state contains ""research target""",research target; no object claim,publication or archival source
ARED-GH-02398,"Bono East Region: Cloth, pattern and social identity — publication or archival source research target 3",publication_state,"publication_state contains ""research target""",research target; no object claim,publication or archival source
ARED-GH-02399,"Bono East Region: Cloth, pattern and social identity — publication or archival source research target 4",publication_state,"publication_state contains ""research target""",research target; no object claim,publication or archival source
ARED-GH-02400,"Bono East Region: Cloth, pattern and social identity — publication or archival source research target 5",publication_state,"publication_state contains ""research target""",research target; no object claim,publication or archival source
ARED-GH-02401,"Bono East Region: Print, colonial rule and public culture — object or artefact record research target 1",publication_state,"publication_state contains ""research target""",research target; no object claim,object or artefact record
ARED-GH-02402,"Bono East Region: Print, colonial rule and public culture — object or artefact record research target 2",publication_state,"publication_state contains ""research target""",research target; no object claim,object or artefact record
ARED-GH-02403,"Bono East Region: Print, colonial rule and public culture — object or artefact record research target 3",publication_state,"publication_state contains ""research target""",research target; no object claim,object or artefact record
ARED-GH-02404,"Bono East Region: Print, colonial rule and public culture — object or artefact record research target 4",publication_state,"publication_state contains ""research target""",research target; no object claim,object or artefact record
ARED-GH-02405,"Bono East Region: Print, colonial rule and public culture — object or artefact record research target 5",publication_state,"publication_state contains ""research target""",research target; no object claim,object or artefact record
ARED-GH-02406,"Bono East Region: Print, colonial rule and public culture — maker or workshop authority record research target 1",publication_state,"publication_state contains ""research target""",research target; no object claim,maker or workshop authority record
ARED-GH-02407,"Bono East Region: Print, colonial rule and public culture — maker or workshop authority record research target 2",publication_state,"publication_state contains ""research target""",research target; no object claim,maker or workshop authority record
ARED-GH-02408,"Bono East Region: Print, colonial rule and public culture — maker or workshop authority record research target 3",publication_state,"publication_state contains ""research target""",research target; no object claim,maker or workshop authority record
ARED-GH-02409,"Bono East Region: Print, colonial rule and public culture — maker or workshop authority record research target 4",publication_state,"publication_state contains ""research target""",research target; no object claim,maker or workshop authority record
ARED-GH-02410,"Bono East Region: Print, colonial rule and public culture — maker or workshop authority record research target 5",publication_state,"publication_state contains ""research target""",research target; no object claim,maker or workshop authority record
ARED-GH-02411,"Bono East Region: Print, colonial rule and public culture — institution or collection record research target 1",publication_state,"publication_state contains ""research target""",research target; no object claim,institution or collection record
ARED-GH-02412,"Bono East Region: Print, colonial rule and public culture — institution or collection record research target 2",publication_state,"publication_state contains ""research target""",research target; no object claim,institution or collection record
ARED-GH-02413,"Bono East Region: Print, colonial rule and public culture — institution or collection record research target 3",publication_state,"publication_state contains ""research target""",research target; no object claim,institution or collection record
ARED-GH-02414,"Bono East Region: Print, colonial rule and public culture — institution or collection record research target 4",publication_state,"publication_state contains ""research target""",research target; no object claim,institution or collection record
ARED-GH-02415,"Bono East Region: Print, colonial rule and public culture — institution or collection record research target 5",publication_state,"publication_state contains ""research target""",research target; no object claim,institution or collection record
ARED-GH-02416,"Bono East Region: Print, colonial rule and public culture — oral-history interview research target 1",publication_state,"publication_state contains ""research target""",research target; no object claim,oral-history interview
ARED-GH-02417,"Bono East Region: Print, colonial rule and public culture — oral-history interview research target 2",publication_state,"publication_state contains ""research target""",research target; no object claim,oral-history interview
ARED-GH-02418,"Bono East Region: Print, colonial rule and public culture — oral-history interview research target 3",publication_state,"publication_state contains ""research target""",research target; no object claim,oral-history interview
ARED-GH-02419,"Bono East Region: Print, colonial rule and public culture — oral-history interview research target 4",publication_state,"publication_state contains ""research target""",research target; no object claim,oral-history interview
ARED-GH-02420,"Bono East Region: Print, colonial rule and public culture — oral-history interview research target 5",publication_state,"publication_state contains ""research target""",research target; no object claim,oral-history interview
ARED-GH-02421,"Bono East Region: Print, colonial rule and public culture — publication or archival source research target 1",publication_state,"publication_state contains ""research target""",research target; no object claim,publication or archival source
ARED-GH-02422,"Bono East Region: Print, colonial rule and public culture — publication or archival source research target 2",publication_state,"publication_state contains ""research target""",research target; no object claim,publication or archival source
ARED-GH-02423,"Bono East Region: Print, colonial rule and public culture — publication or archival source research target 3",publication_state,"publication_state contains ""research target""",research target; no object claim,publication or archival source
ARED-GH-02424,"Bono East Region: Print, colonial rule and public culture — publication or archival source research target 4",publication_state,"publication_state contains ""research target""",research target; no object claim,publication or archival source
ARED-GH-02425,"Bono East Region: Print, colonial rule and public culture — publication or archival source research target 5",publication_state,"publication_state contains ""research target""",research target; no object claim,publication or archival source
ARED-GH-02426,Bono East Region: Independence and state visual identity — object or artefact record research target 1,publication_state,"publication_state contains ""research target""",research target; no object claim,object or artefact record
ARED-GH-02427,Bono East Region: Independence and state visual identity — object or artefact record research target 2,publication_state,"publication_state contains ""research target""",research target; no object claim,object or artefact record
ARED-GH-02428,Bono East Region: Independence and state visual identity — object or artefact record research target 3,publication_state,"publication_state contains ""research target""",research target; no object claim,object or artefact record
ARED-GH-02429,Bono East Region: Independence and state visual identity — object or artefact record research target 4,publication_state,"publication_state contains ""research target""",research target; no object claim,object or artefact record
ARED-GH-02430,Bono East Region: Independence and state visual identity — object or artefact record research target 5,publication_state,"publication_state contains ""research target""",research target; no object claim,object or artefact record
ARED-GH-02431,Bono East Region: Independence and state visual identity — maker or workshop authority record research target 1,publication_state,"publication_state contains ""research target""",research target; no object claim,maker or workshop authority record
ARED-GH-02432,Bono East Region: Independence and state visual identity — maker or workshop authority record research target 2,publication_state,"publication_state contains ""research target""",research target; no object claim,maker or workshop authority record
ARED-GH-02433,Bono East Region: Independence and state visual identity — maker or workshop authority record research target 3,publication_state,"publication_state contains ""research target""",research target; no object claim,maker or workshop authority record
ARED-GH-02434,Bono East Region: Independence and state visual identity — maker or workshop authority record research target 4,publication_state,"publication_state contains ""research target""",research target; no object claim,maker or workshop authority record
ARED-GH-02435,Bono East Region: Independence and state visual identity — maker or workshop authority record research target 5,publication_state,"publication_state contains ""research target""",research target; no object claim,maker or workshop authority record
ARED-GH-02436,Bono East Region: Independence and state visual identity — institution or collection record research target 1,publication_state,"publication_state contains ""research target""",research target; no object claim,institution or collection record
ARED-GH-02437,Bono East Region: Independence and state visual identity — institution or collection record research target 2,publication_state,"publication_state contains ""research target""",research target; no object claim,institution or collection record
ARED-GH-02438,Bono East Region: Independence and state visual identity — institution or collection record research target 3,publication_state,"publication_state contains ""research target""",research target; no object claim,institution or collection record
ARED-GH-02439,Bono East Region: Independence and state visual identity — institution or collection record research target 4,publication_state,"publication_state contains ""research target""",research target; no object claim,institution or collection record
ARED-GH-02440,Bono East Region: Independence and state visual identity — institution or collection record research target 5,publication_state,"publication_state contains ""research target""",research target; no object claim,institution or collection record
ARED-GH-02441,Bono East Region: Independence and state visual identity — oral-history interview research target 1,publication_state,"publication_state contains ""research target""",research target; no object claim,oral-history interview
ARED-GH-02442,Bono East Region: Independence and state visual identity — oral-history interview research target 2,publication_state,"publication_state contains ""research target""",research target; no object claim,oral-history interview
ARED-GH-02443,Bono East Region: Independence and state visual identity — oral-history interview research target 3,publication_state,"publication_state contains ""research target""",research target; no object claim,oral-history interview
ARED-GH-02444,Bono East Region: Independence and state visual identity — oral-history interview research target 4,publication_state,"publication_state contains ""research target""",research target; no object claim,oral-history interview
ARED-GH-02445,Bono East Region: Independence and state visual identity — oral-history interview research target 5,publication_state,"publication_state contains ""research target""",research target; no object claim,oral-history interview
ARED-GH-02446,Bono East Region: Independence and state visual identity — publication or archival source research target 1,publication_state,"publication_state contains ""research target""",research target; no object claim,publication or archival source
ARED-GH-02447,Bono East Region: Independence and state visual identity — publication or archival source research target 2,publication_state,"publication_state contains ""research target""",research target; no object claim,publication or archival source
ARED-GH-02448,Bono East Region: Independence and state visual identity — publication or archival source research target 3,publication_state,"publication_state contains ""research target""",research target; no object claim,publication or archival source
ARED-GH-02449,Bono East Region: Independence and state visual identity — publication or archival source research target 4,publication_state,"publication_state contains ""research target""",research target; no object claim,publication or archival source
ARED-GH-02450,Bono East Region: Independence and state visual identity — publication or archival source research target 5,publication_state,"publication_state contains ""research target""",research target; no object claim,publication or archival source
ARED-GH-02451,Bono East Region: Popular and everyday graphics — object or artefact record research target 1,publication_state,"publication_state contains ""research target""",research target; no object claim,object or artefact record
ARED-GH-02452,Bono East Region: Popular and everyday graphics — object or artefact record research target 2,publication_state,"publication_state contains ""research target""",research target; no object claim,object or artefact record
ARED-GH-02453,Bono East Region: Popular and everyday graphics — object or artefact record research target 3,publication_state,"publication_state contains ""research target""",research target; no object claim,object or artefact record
ARED-GH-02454,Bono East Region: Popular and everyday graphics — object or artefact record research target 4,publication_state,"publication_state contains ""research target""",research target; no object claim,object or artefact record
ARED-GH-02455,Bono East Region: Popular and everyday graphics — object or artefact record research target 5,publication_state,"publication_state contains ""research target""",research target; no object claim,object or artefact record
ARED-GH-02456,Bono East Region: Popular and everyday graphics — maker or workshop authority record research target 1,publication_state,"publication_state contains ""research target""",research target; no object claim,maker or workshop authority record
ARED-GH-02457,Bono East Region: Popular and everyday graphics — maker or workshop authority record research target 2,publication_state,"publication_state contains ""research target""",research target; no object claim,maker or workshop authority record
ARED-GH-02458,Bono East Region: Popular and everyday graphics — maker or workshop authority record research target 3,publication_state,"publication_state contains ""research target""",research target; no object claim,maker or workshop authority record
ARED-GH-02459,Bono East Region: Popular and everyday graphics — maker or workshop authority record research target 4,publication_state,"publication_state contains ""research target""",research target; no object claim,maker or workshop authority record
ARED-GH-02460,Bono East Region: Popular and everyday graphics — maker or workshop authority record research target 5,publication_state,"publication_state contains ""research target""",research target; no object claim,maker or workshop authority record
ARED-GH-02461,Bono East Region: Popular and everyday graphics — institution or collection record research target 1,publication_state,"publication_state contains ""research target""",research target; no object claim,institution or collection record
ARED-GH-02462,Bono East Region: Popular and everyday graphics — institution or collection record research target 2,publication_state,"publication_state contains ""research target""",research target; no object claim,institution or collection record
ARED-GH-02463,Bono East Region: Popular and everyday graphics — institution or collection record research target 3,publication_state,"publication_state contains ""research target""",research target; no object claim,institution or collection record
ARED-GH-02464,Bono East Region: Popular and everyday graphics — institution or collection record research target 4,publication_state,"publication_state contains ""research target""",research target; no object claim,institution or collection record
ARED-GH-02465,Bono East Region: Popular and everyday graphics — institution or collection record research target 5,publication_state,"publication_state contains ""research target""",research target; no object claim,institution or collection record
ARED-GH-02466,Bono East Region: Popular and everyday graphics — oral-history interview research target 1,publication_state,"publication_state contains ""research target""",research target; no object claim,oral-history interview
ARED-GH-02467,Bono East Region: Popular and everyday graphics — oral-history interview research target 2,publication_state,"publication_state contains ""research target""",research target; no object claim,oral-history interview
ARED-GH-02468,Bono East Region: Popular and everyday graphics — oral-history interview research target 3,publication_state,"publication_state contains ""research target""",research target; no object claim,oral-history interview
ARED-GH-02469,Bono East Region: Popular and everyday graphics — oral-history interview research target 4,publication_state,"publication_state contains ""research target""",research target; no object claim,oral-history interview
ARED-GH-02470,Bono East Region: Popular and everyday graphics — oral-history interview research target 5,publication_state,"publication_state contains ""research target""",research target; no object claim,oral-history interview
ARED-GH-02471,Bono East Region: Popular and everyday graphics — publication or archival source research target 1,publication_state,"publication_state contains ""research target""",research target; no object claim,publication or archival source
ARED-GH-02472,Bono East Region: Popular and everyday graphics — publication or archival source research target 2,publication_state,"publication_state contains ""research target""",research target; no object claim,publication or archival source
ARED-GH-02473,Bono East Region: Popular and everyday graphics — publication or archival source research target 3,publication_state,"publication_state contains ""research target""",research target; no object claim,publication or archival source
ARED-GH-02474,Bono East Region: Popular and everyday graphics — publication or archival source research target 4,publication_state,"publication_state contains ""research target""",research target; no object claim,publication or archival source
ARED-GH-02475,Bono East Region: Popular and everyday graphics — publication or archival source research target 5,publication_state,"publication_state contains ""research target""",research target; no object claim,publication or archival source
ARED-GH-02476,"Bono East Region: Digital, diasporic and contemporary design — object or artefact record research target 1",publication_state,"publication_state contains ""research target""",research target; no object claim,object or artefact record
ARED-GH-02477,"Bono East Region: Digital, diasporic and contemporary design — object or artefact record research target 2",publication_state,"publication_state contains ""research target""",research target; no object claim,object or artefact record
ARED-GH-02478,"Bono East Region: Digital, diasporic and contemporary design — object or artefact record research target 3",publication_state,"publication_state contains ""research target""",research target; no object claim,object or artefact record
ARED-GH-02479,"Bono East Region: Digital, diasporic and contemporary design — object or artefact record research target 4",publication_state,"publication_state contains ""research target""",research target; no object claim,object or artefact record
ARED-GH-02480,"Bono East Region: Digital, diasporic and contemporary design — object or artefact record research target 5",publication_state,"publication_state contains ""research target""",research target; no object claim,object or artefact record
ARED-GH-02481,"Bono East Region: Digital, diasporic and contemporary design — maker or workshop authority record research target 1",publication_state,"publication_state contains ""research target""",research target; no object claim,maker or workshop authority record
ARED-GH-02482,"Bono East Region: Digital, diasporic and contemporary design — maker or workshop authority record research target 2",publication_state,"publication_state contains ""research target""",research target; no object claim,maker or workshop authority record
ARED-GH-02483,"Bono East Region: Digital, diasporic and contemporary design — maker or workshop authority record research target 3",publication_state,"publication_state contains ""research target""",research target; no object claim,maker or workshop authority record
ARED-GH-02484,"Bono East Region: Digital, diasporic and contemporary design — maker or workshop authority record research target 4",publication_state,"publication_state contains ""research target""",research target; no object claim,maker or workshop authority record
ARED-GH-02485,"Bono East Region: Digital, diasporic and contemporary design — maker or workshop authority record research target 5",publication_state,"publication_state contains ""research target""",research target; no object claim,maker or workshop authority record
ARED-GH-02486,"Bono East Region: Digital, diasporic and contemporary design — institution or collection record research target 1",publication_state,"publication_state contains ""research target""",research target; no object claim,institution or collection record
ARED-GH-02487,"Bono East Region: Digital, diasporic and contemporary design — institution or collection record research target 2",publication_state,"publication_state contains ""research target""",research target; no object claim,institution or collection record
ARED-GH-02488,"Bono East Region: Digital, diasporic and contemporary design — institution or collection record research target 3",publication_state,"publication_state contains ""research target""",research target; no object claim,institution or collection record
ARED-GH-02489,"Bono East Region: Digital, diasporic and contemporary design — institution or collection record research target 4",publication_state,"publication_state contains ""research target""",research target; no object claim,institution or collection record
ARED-GH-02490,"Bono East Region: Digital, diasporic and contemporary design — institution or collection record research target 5",publication_state,"publication_state contains ""research target""",research target; no object claim,institution or collection record
ARED-GH-02491,"Bono East Region: Digital, diasporic and contemporary design — oral-history interview research target 1",publication_state,"publication_state contains ""research target""",research target; no object claim,oral-history interview
ARED-GH-02492,"Bono East Region: Digital, diasporic and contemporary design — oral-history interview research target 2",publication_state,"publication_state contains ""research target""",research target; no object claim,oral-history interview
ARED-GH-02493,"Bono East Region: Digital, diasporic and contemporary design — oral-history interview research target 3",publication_state,"publication_state contains ""research target""",research target; no object claim,oral-history interview
ARED-GH-02494,"Bono East Region: Digital, diasporic and contemporary design — oral-history interview research target 4",publication_state,"publication_state contains ""research target""",research target; no object claim,oral-history interview
ARED-GH-02495,"Bono East Region: Digital, diasporic and contemporary design — oral-history interview research target 5",publication_state,"publication_state contains ""research target""",research target; no object claim,oral-history interview
ARED-GH-02496,"Bono East Region: Digital, diasporic and contemporary design — publication or archival source research target 1",publication_state,"publication_state contains ""research target""",research target; no object claim,publication or archival source
ARED-GH-02497,"Bono East Region: Digital, diasporic and contemporary design — publication or archival source research target 2",publication_state,"publication_state contains ""research target""",research target; no object claim,publication or archival source
ARED-GH-02498,"Bono East Region: Digital, diasporic and contemporary design — publication or archival source research target 3",publication_state,"publication_state contains ""research target""",research target; no object claim,publication or archival source
ARED-GH-02499,"Bono East Region: Digital, diasporic and contemporary design — publication or archival source research target 4",publication_state,"publication_state contains ""research target""",research target; no object claim,publication or archival source
ARED-GH-02500,"Bono East Region: Digital, diasporic and contemporary design — publication or archival source research target 5",publication_state,"publication_state contains ""research target""",research target; no object claim,publication or archival source
ARED-GH-02501,"Ahafo Region: Land, cosmology and authority — object or artefact record research target 1",publication_state,"publication_state contains ""research target""",research target; no object claim,object or artefact record
ARED-GH-02502,"Ahafo Region: Land, cosmology and authority — object or artefact record research target 2",publication_state,"publication_state contains ""research target""",research target; no object claim,object or artefact record
ARED-GH-02503,"Ahafo Region: Land, cosmology and authority — object or artefact record research target 3",publication_state,"publication_state contains ""research target""",research target; no object claim,object or artefact record
ARED-GH-02504,"Ahafo Region: Land, cosmology and authority — object or artefact record research target 4",publication_state,"publication_state contains ""research target""",research target; no object claim,object or artefact record
ARED-GH-02505,"Ahafo Region: Land, cosmology and authority — object or artefact record research target 5",publication_state,"publication_state contains ""research target""",research target; no object claim,object or artefact record
ARED-GH-02506,"Ahafo Region: Land, cosmology and authority — maker or workshop authority record research target 1",publication_state,"publication_state contains ""research target""",research target; no object claim,maker or workshop authority record
ARED-GH-02507,"Ahafo Region: Land, cosmology and authority — maker or workshop authority record research target 2",publication_state,"publication_state contains ""research target""",research target; no object claim,maker or workshop authority record
ARED-GH-02508,"Ahafo Region: Land, cosmology and authority — maker or workshop authority record research target 3",publication_state,"publication_state contains ""research target""",research target; no object claim,maker or workshop authority record
ARED-GH-02509,"Ahafo Region: Land, cosmology and authority — maker or workshop authority record research target 4",publication_state,"publication_state contains ""research target""",research target; no object claim,maker or workshop authority record
ARED-GH-02510,"Ahafo Region: Land, cosmology and authority — maker or workshop authority record research target 5",publication_state,"publication_state contains ""research target""",research target; no object claim,maker or workshop authority record
ARED-GH-02511,"Ahafo Region: Land, cosmology and authority — institution or collection record research target 1",publication_state,"publication_state contains ""research target""",research target; no object claim,institution or collection record
ARED-GH-02512,"Ahafo Region: Land, cosmology and authority — institution or collection record research target 2",publication_state,"publication_state contains ""research target""",research target; no object claim,institution or collection record
ARED-GH-02513,"Ahafo Region: Land, cosmology and authority — institution or collection record research target 3",publication_state,"publication_state contains ""research target""",research target; no object claim,institution or collection record
ARED-GH-02514,"Ahafo Region: Land, cosmology and authority — institution or collection record research target 4",publication_state,"publication_state contains ""research target""",research target; no object claim,institution or collection record
ARED-GH-02515,"Ahafo Region: Land, cosmology and authority — institution or collection record research target 5",publication_state,"publication_state contains ""research target""",research target; no object claim,institution or collection record
ARED-GH-02516,"Ahafo Region: Land, cosmology and authority — oral-history interview research target 1",publication_state,"publication_state contains ""research target""",research target; no object claim,oral-history interview
ARED-GH-02517,"Ahafo Region: Land, cosmology and authority — oral-history interview research target 2",publication_state,"publication_state contains ""research target""",research target; no object claim,oral-history interview
ARED-GH-02518,"Ahafo Region: Land, cosmology and authority — oral-history interview research target 3",publication_state,"publication_state contains ""research target""",research target; no object claim,oral-history interview
ARED-GH-02519,"Ahafo Region: Land, cosmology and authority — oral-history interview research target 4",publication_state,"publication_state contains ""research target""",research target; no object claim,oral-history interview
ARED-GH-02520,"Ahafo Region: Land, cosmology and authority — oral-history interview research target 5",publication_state,"publication_state contains ""research target""",research target; no object claim,oral-history interview
ARED-GH-02521,"Ahafo Region: Land, cosmology and authority — publication or archival source research target 1",publication_state,"publication_state contains ""research target""",research target; no object claim,publication or archival source
ARED-GH-02522,"Ahafo Region: Land, cosmology and authority — publication or archival source research target 2",publication_state,"publication_state contains ""research target""",research target; no object claim,publication or archival source
ARED-GH-02523,"Ahafo Region: Land, cosmology and authority — publication or archival source research target 3",publication_state,"publication_state contains ""research target""",research target; no object claim,publication or archival source
ARED-GH-02524,"Ahafo Region: Land, cosmology and authority — publication or archival source research target 4",publication_state,"publication_state contains ""research target""",research target; no object claim,publication or archival source
ARED-GH-02525,"Ahafo Region: Land, cosmology and authority — publication or archival source research target 5",publication_state,"publication_state contains ""research target""",research target; no object claim,publication or archival source
ARED-GH-02526,"Ahafo Region: Memory, proverb and performance — object or artefact record research target 1",publication_state,"publication_state contains ""research target""",research target; no object claim,object or artefact record
ARED-GH-02527,"Ahafo Region: Memory, proverb and performance — object or artefact record research target 2",publication_state,"publication_state contains ""research target""",research target; no object claim,object or artefact record
ARED-GH-02528,"Ahafo Region: Memory, proverb and performance — object or artefact record research target 3",publication_state,"publication_state contains ""research target""",research target; no object claim,object or artefact record
ARED-GH-02529,"Ahafo Region: Memory, proverb and performance — object or artefact record research target 4",publication_state,"publication_state contains ""research target""",research target; no object claim,object or artefact record
ARED-GH-02530,"Ahafo Region: Memory, proverb and performance — object or artefact record research target 5",publication_state,"publication_state contains ""research target""",research target; no object claim,object or artefact record
ARED-GH-02531,"Ahafo Region: Memory, proverb and performance — maker or workshop authority record research target 1",publication_state,"publication_state contains ""research target""",research target; no object claim,maker or workshop authority record
ARED-GH-02532,"Ahafo Region: Memory, proverb and performance — maker or workshop authority record research target 2",publication_state,"publication_state contains ""research target""",research target; no object claim,maker or workshop authority record
ARED-GH-02533,"Ahafo Region: Memory, proverb and performance — maker or workshop authority record research target 3",publication_state,"publication_state contains ""research target""",research target; no object claim,maker or workshop authority record
ARED-GH-02534,"Ahafo Region: Memory, proverb and performance — maker or workshop authority record research target 4",publication_state,"publication_state contains ""research target""",research target; no object claim,maker or workshop authority record
ARED-GH-02535,"Ahafo Region: Memory, proverb and performance — maker or workshop authority record research target 5",publication_state,"publication_state contains ""research target""",research target; no object claim,maker or workshop authority record
ARED-GH-02536,"Ahafo Region: Memory, proverb and performance — institution or collection record research target 1",publication_state,"publication_state contains ""research target""",research target; no object claim,institution or collection record
ARED-GH-02537,"Ahafo Region: Memory, proverb and performance — institution or collection record research target 2",publication_state,"publication_state contains ""research target""",research target; no object claim,institution or collection record
ARED-GH-02538,"Ahafo Region: Memory, proverb and performance — institution or collection record research target 3",publication_state,"publication_state contains ""research target""",research target; no object claim,institution or collection record
ARED-GH-02539,"Ahafo Region: Memory, proverb and performance — institution or collection record research target 4",publication_state,"publication_state contains ""research target""",research target; no object claim,institution or collection record
ARED-GH-02540,"Ahafo Region: Memory, proverb and performance — institution or collection record research target 5",publication_state,"publication_state contains ""research target""",research target; no object claim,institution or collection record
ARED-GH-02541,"Ahafo Region: Memory, proverb and performance — oral-history interview research target 1",publication_state,"publication_state contains ""research target""",research target; no object claim,oral-history interview
ARED-GH-02542,"Ahafo Region: Memory, proverb and performance — oral-history interview research target 2",publication_state,"publication_state contains ""research target""",research target; no object claim,oral-history interview
ARED-GH-02543,"Ahafo Region: Memory, proverb and performance — oral-history interview research target 3",publication_state,"publication_state contains ""research target""",research target; no object claim,oral-history interview
ARED-GH-02544,"Ahafo Region: Memory, proverb and performance — oral-history interview research target 4",publication_state,"publication_state contains ""research target""",research target; no object claim,oral-history interview
ARED-GH-02545,"Ahafo Region: Memory, proverb and performance — oral-history interview research target 5",publication_state,"publication_state contains ""research target""",research target; no object claim,oral-history interview
ARED-GH-02546,"Ahafo Region: Memory, proverb and performance — publication or archival source research target 1",publication_state,"publication_state contains ""research target""",research target; no object claim,publication or archival source
ARED-GH-02547,"Ahafo Region: Memory, proverb and performance — publication or archival source research target 2",publication_state,"publication_state contains ""research target""",research target; no object claim,publication or archival source
ARED-GH-02548,"Ahafo Region: Memory, proverb and performance — publication or archival source research target 3",publication_state,"publication_state contains ""research target""",research target; no object claim,publication or archival source
ARED-GH-02549,"Ahafo Region: Memory, proverb and performance — publication or archival source research target 4",publication_state,"publication_state contains ""research target""",research target; no object claim,publication or archival source
ARED-GH-02550,"Ahafo Region: Memory, proverb and performance — publication or archival source research target 5",publication_state,"publication_state contains ""research target""",research target; no object claim,publication or archival source
ARED-GH-02551,"Ahafo Region: Cloth, pattern and social identity — object or artefact record research target 1",publication_state,"publication_state contains ""research target""",research target; no object claim,object or artefact record
ARED-GH-02552,"Ahafo Region: Cloth, pattern and social identity — object or artefact record research target 2",publication_state,"publication_state contains ""research target""",research target; no object claim,object or artefact record
ARED-GH-02553,"Ahafo Region: Cloth, pattern and social identity — object or artefact record research target 3",publication_state,"publication_state contains ""research target""",research target; no object claim,object or artefact record
ARED-GH-02554,"Ahafo Region: Cloth, pattern and social identity — object or artefact record research target 4",publication_state,"publication_state contains ""research target""",research target; no object claim,object or artefact record
ARED-GH-02555,"Ahafo Region: Cloth, pattern and social identity — object or artefact record research target 5",publication_state,"publication_state contains ""research target""",research target; no object claim,object or artefact record
ARED-GH-02556,"Ahafo Region: Cloth, pattern and social identity — maker or workshop authority record research target 1",publication_state,"publication_state contains ""research target""",research target; no object claim,maker or workshop authority record
ARED-GH-02557,"Ahafo Region: Cloth, pattern and social identity — maker or workshop authority record research target 2",publication_state,"publication_state contains ""research target""",research target; no object claim,maker or workshop authority record
ARED-GH-02558,"Ahafo Region: Cloth, pattern and social identity — maker or workshop authority record research target 3",publication_state,"publication_state contains ""research target""",research target; no object claim,maker or workshop authority record
ARED-GH-02559,"Ahafo Region: Cloth, pattern and social identity — maker or workshop authority record research target 4",publication_state,"publication_state contains ""research target""",research target; no object claim,maker or workshop authority record
ARED-GH-02560,"Ahafo Region: Cloth, pattern and social identity — maker or workshop authority record research target 5",publication_state,"publication_state contains ""research target""",research target; no object claim,maker or workshop authority record
ARED-GH-02561,"Ahafo Region: Cloth, pattern and social identity — institution or collection record research target 1",publication_state,"publication_state contains ""research target""",research target; no object claim,institution or collection record
ARED-GH-02562,"Ahafo Region: Cloth, pattern and social identity — institution or collection record research target 2",publication_state,"publication_state contains ""research target""",research target; no object claim,institution or collection record
ARED-GH-02563,"Ahafo Region: Cloth, pattern and social identity — institution or collection record research target 3",publication_state,"publication_state contains ""research target""",research target; no object claim,institution or collection record
ARED-GH-02564,"Ahafo Region: Cloth, pattern and social identity — institution or collection record research target 4",publication_state,"publication_state contains ""research target""",research target; no object claim,institution or collection record
ARED-GH-02565,"Ahafo Region: Cloth, pattern and social identity — institution or collection record research target 5",publication_state,"publication_state contains ""research target""",research target; no object claim,institution or collection record
ARED-GH-02566,"Ahafo Region: Cloth, pattern and social identity — oral-history interview research target 1",publication_state,"publication_state contains ""research target""",research target; no object claim,oral-history interview
ARED-GH-02567,"Ahafo Region: Cloth, pattern and social identity — oral-history interview research target 2",publication_state,"publication_state contains ""research target""",research target; no object claim,oral-history interview
ARED-GH-02568,"Ahafo Region: Cloth, pattern and social identity — oral-history interview research target 3",publication_state,"publication_state contains ""research target""",research target; no object claim,oral-history interview
ARED-GH-02569,"Ahafo Region: Cloth, pattern and social identity — oral-history interview research target 4",publication_state,"publication_state contains ""research target""",research target; no object claim,oral-history interview
ARED-GH-02570,"Ahafo Region: Cloth, pattern and social identity — oral-history interview research target 5",publication_state,"publication_state contains ""research target""",research target; no object claim,oral-history interview
ARED-GH-02571,"Ahafo Region: Cloth, pattern and social identity — publication or archival source research target 1",publication_state,"publication_state contains ""research target""",research target; no object claim,publication or archival source
ARED-GH-02572,"Ahafo Region: Cloth, pattern and social identity — publication or archival source research target 2",publication_state,"publication_state contains ""research target""",research target; no object claim,publication or archival source
ARED-GH-02573,"Ahafo Region: Cloth, pattern and social identity — publication or archival source research target 3",publication_state,"publication_state contains ""research target""",research target; no object claim,publication or archival source
ARED-GH-02574,"Ahafo Region: Cloth, pattern and social identity — publication or archival source research target 4",publication_state,"publication_state contains ""research target""",research target; no object claim,publication or archival source
ARED-GH-02575,"Ahafo Region: Cloth, pattern and social identity — publication or archival source research target 5",publication_state,"publication_state contains ""research target""",research target; no object claim,publication or archival source
ARED-GH-02576,"Ahafo Region: Print, colonial rule and public culture — object or artefact record research target 1",publication_state,"publication_state contains ""research target""",research target; no object claim,object or artefact record
ARED-GH-02577,"Ahafo Region: Print, colonial rule and public culture — object or artefact record research target 2",publication_state,"publication_state contains ""research target""",research target; no object claim,object or artefact record
ARED-GH-02578,"Ahafo Region: Print, colonial rule and public culture — object or artefact record research target 3",publication_state,"publication_state contains ""research target""",research target; no object claim,object or artefact record
ARED-GH-02579,"Ahafo Region: Print, colonial rule and public culture — object or artefact record research target 4",publication_state,"publication_state contains ""research target""",research target; no object claim,object or artefact record
ARED-GH-02580,"Ahafo Region: Print, colonial rule and public culture — object or artefact record research target 5",publication_state,"publication_state contains ""research target""",research target; no object claim,object or artefact record
ARED-GH-02581,"Ahafo Region: Print, colonial rule and public culture — maker or workshop authority record research target 1",publication_state,"publication_state contains ""research target""",research target; no object claim,maker or workshop authority record
ARED-GH-02582,"Ahafo Region: Print, colonial rule and public culture — maker or workshop authority record research target 2",publication_state,"publication_state contains ""research target""",research target; no object claim,maker or workshop authority record
ARED-GH-02583,"Ahafo Region: Print, colonial rule and public culture — maker or workshop authority record research target 3",publication_state,"publication_state contains ""research target""",research target; no object claim,maker or workshop authority record
ARED-GH-02584,"Ahafo Region: Print, colonial rule and public culture — maker or workshop authority record research target 4",publication_state,"publication_state contains ""research target""",research target; no object claim,maker or workshop authority record
ARED-GH-02585,"Ahafo Region: Print, colonial rule and public culture — maker or workshop authority record research target 5",publication_state,"publication_state contains ""research target""",research target; no object claim,maker or workshop authority record
ARED-GH-02586,"Ahafo Region: Print, colonial rule and public culture — institution or collection record research target 1",publication_state,"publication_state contains ""research target""",research target; no object claim,institution or collection record
ARED-GH-02587,"Ahafo Region: Print, colonial rule and public culture — institution or collection record research target 2",publication_state,"publication_state contains ""research target""",research target; no object claim,institution or collection record
ARED-GH-02588,"Ahafo Region: Print, colonial rule and public culture — institution or collection record research target 3",publication_state,"publication_state contains ""research target""",research target; no object claim,institution or collection record
ARED-GH-02589,"Ahafo Region: Print, colonial rule and public culture — institution or collection record research target 4",publication_state,"publication_state contains ""research target""",research target; no object claim,institution or collection record
ARED-GH-02590,"Ahafo Region: Print, colonial rule and public culture — institution or collection record research target 5",publication_state,"publication_state contains ""research target""",research target; no object claim,institution or collection record
ARED-GH-02591,"Ahafo Region: Print, colonial rule and public culture — oral-history interview research target 1",publication_state,"publication_state contains ""research target""",research target; no object claim,oral-history interview
ARED-GH-02592,"Ahafo Region: Print, colonial rule and public culture — oral-history interview research target 2",publication_state,"publication_state contains ""research target""",research target; no object claim,oral-history interview
ARED-GH-02593,"Ahafo Region: Print, colonial rule and public culture — oral-history interview research target 3",publication_state,"publication_state contains ""research target""",research target; no object claim,oral-history interview
ARED-GH-02594,"Ahafo Region: Print, colonial rule and public culture — oral-history interview research target 4",publication_state,"publication_state contains ""research target""",research target; no object claim,oral-history interview
ARED-GH-02595,"Ahafo Region: Print, colonial rule and public culture — oral-history interview research target 5",publication_state,"publication_state contains ""research target""",research target; no object claim,oral-history interview
ARED-GH-02596,"Ahafo Region: Print, colonial rule and public culture — publication or archival source research target 1",publication_state,"publication_state contains ""research target""",research target; no object claim,publication or archival source
ARED-GH-02597,"Ahafo Region: Print, colonial rule and public culture — publication or archival source research target 2",publication_state,"publication_state contains ""research target""",research target; no object claim,publication or archival source
ARED-GH-02598,"Ahafo Region: Print, colonial rule and public culture — publication or archival source research target 3",publication_state,"publication_state contains ""research target""",research target; no object claim,publication or archival source
ARED-GH-02599,"Ahafo Region: Print, colonial rule and public culture — publication or archival source research target 4",publication_state,"publication_state contains ""research target""",research target; no object claim,publication or archival source
ARED-GH-02600,"Ahafo Region: Print, colonial rule and public culture — publication or archival source research target 5",publication_state,"publication_state contains ""research target""",research target; no object claim,publication or archival source
ARED-GH-02601,Ahafo Region: Independence and state visual identity — object or artefact record research target 1,publication_state,"publication_state contains ""research target""",research target; no object claim,object or artefact record
ARED-GH-02602,Ahafo Region: Independence and state visual identity — object or artefact record research target 2,publication_state,"publication_state contains ""research target""",research target; no object claim,object or artefact record
ARED-GH-02603,Ahafo Region: Independence and state visual identity — object or artefact record research target 3,publication_state,"publication_state contains ""research target""",research target; no object claim,object or artefact record
ARED-GH-02604,Ahafo Region: Independence and state visual identity — object or artefact record research target 4,publication_state,"publication_state contains ""research target""",research target; no object claim,object or artefact record
ARED-GH-02605,Ahafo Region: Independence and state visual identity — object or artefact record research target 5,publication_state,"publication_state contains ""research target""",research target; no object claim,object or artefact record
ARED-GH-02606,Ahafo Region: Independence and state visual identity — maker or workshop authority record research target 1,publication_state,"publication_state contains ""research target""",research target; no object claim,maker or workshop authority record
ARED-GH-02607,Ahafo Region: Independence and state visual identity — maker or workshop authority record research target 2,publication_state,"publication_state contains ""research target""",research target; no object claim,maker or workshop authority record
ARED-GH-02608,Ahafo Region: Independence and state visual identity — maker or workshop authority record research target 3,publication_state,"publication_state contains ""research target""",research target; no object claim,maker or workshop authority record
ARED-GH-02609,Ahafo Region: Independence and state visual identity — maker or workshop authority record research target 4,publication_state,"publication_state contains ""research target""",research target; no object claim,maker or workshop authority record
ARED-GH-02610,Ahafo Region: Independence and state visual identity — maker or workshop authority record research target 5,publication_state,"publication_state contains ""research target""",research target; no object claim,maker or workshop authority record
ARED-GH-02611,Ahafo Region: Independence and state visual identity — institution or collection record research target 1,publication_state,"publication_state contains ""research target""",research target; no object claim,institution or collection record
ARED-GH-02612,Ahafo Region: Independence and state visual identity — institution or collection record research target 2,publication_state,"publication_state contains ""research target""",research target; no object claim,institution or collection record
ARED-GH-02613,Ahafo Region: Independence and state visual identity — institution or collection record research target 3,publication_state,"publication_state contains ""research target""",research target; no object claim,institution or collection record
ARED-GH-02614,Ahafo Region: Independence and state visual identity — institution or collection record research target 4,publication_state,"publication_state contains ""research target""",research target; no object claim,institution or collection record
ARED-GH-02615,Ahafo Region: Independence and state visual identity — institution or collection record research target 5,publication_state,"publication_state contains ""research target""",research target; no object claim,institution or collection record
ARED-GH-02616,Ahafo Region: Independence and state visual identity — oral-history interview research target 1,publication_state,"publication_state contains ""research target""",research target; no object claim,oral-history interview
ARED-GH-02617,Ahafo Region: Independence and state visual identity — oral-history interview research target 2,publication_state,"publication_state contains ""research target""",research target; no object claim,oral-history interview
ARED-GH-02618,Ahafo Region: Independence and state visual identity — oral-history interview research target 3,publication_state,"publication_state contains ""research target""",research target; no object claim,oral-history interview
ARED-GH-02619,Ahafo Region: Independence and state visual identity — oral-history interview research target 4,publication_state,"publication_state contains ""research target""",research target; no object claim,oral-history interview
ARED-GH-02620,Ahafo Region: Independence and state visual identity — oral-history interview research target 5,publication_state,"publication_state contains ""research target""",research target; no object claim,oral-history interview
ARED-GH-02621,Ahafo Region: Independence and state visual identity — publication or archival source research target 1,publication_state,"publication_state contains ""research target""",research target; no object claim,publication or archival source
ARED-GH-02622,Ahafo Region: Independence and state visual identity — publication or archival source research target 2,publication_state,"publication_state contains ""research target""",research target; no object claim,publication or archival source
ARED-GH-02623,Ahafo Region: Independence and state visual identity — publication or archival source research target 3,publication_state,"publication_state contains ""research target""",research target; no object claim,publication or archival source
ARED-GH-02624,Ahafo Region: Independence and state visual identity — publication or archival source research target 4,publication_state,"publication_state contains ""research target""",research target; no object claim,publication or archival source
ARED-GH-02625,Ahafo Region: Independence and state visual identity — publication or archival source research target 5,publication_state,"publication_state contains ""research target""",research target; no object claim,publication or archival source
ARED-GH-02626,Ahafo Region: Popular and everyday graphics — object or artefact record research target 1,publication_state,"publication_state contains ""research target""",research target; no object claim,object or artefact record
ARED-GH-02627,Ahafo Region: Popular and everyday graphics — object or artefact record research target 2,publication_state,"publication_state contains ""research target""",research target; no object claim,object or artefact record
ARED-GH-02628,Ahafo Region: Popular and everyday graphics — object or artefact record research target 3,publication_state,"publication_state contains ""research target""",research target; no object claim,object or artefact record
ARED-GH-02629,Ahafo Region: Popular and everyday graphics — object or artefact record research target 4,publication_state,"publication_state contains ""research target""",research target; no object claim,object or artefact record
ARED-GH-02630,Ahafo Region: Popular and everyday graphics — object or artefact record research target 5,publication_state,"publication_state contains ""research target""",research target; no object claim,object or artefact record
ARED-GH-02631,Ahafo Region: Popular and everyday graphics — maker or workshop authority record research target 1,publication_state,"publication_state contains ""research target""",research target; no object claim,maker or workshop authority record
ARED-GH-02632,Ahafo Region: Popular and everyday graphics — maker or workshop authority record research target 2,publication_state,"publication_state contains ""research target""",research target; no object claim,maker or workshop authority record
ARED-GH-02633,Ahafo Region: Popular and everyday graphics — maker or workshop authority record research target 3,publication_state,"publication_state contains ""research target""",research target; no object claim,maker or workshop authority record
ARED-GH-02634,Ahafo Region: Popular and everyday graphics — maker or workshop authority record research target 4,publication_state,"publication_state contains ""research target""",research target; no object claim,maker or workshop authority record
ARED-GH-02635,Ahafo Region: Popular and everyday graphics — maker or workshop authority record research target 5,publication_state,"publication_state contains ""research target""",research target; no object claim,maker or workshop authority record
ARED-GH-02636,Ahafo Region: Popular and everyday graphics — institution or collection record research target 1,publication_state,"publication_state contains ""research target""",research target; no object claim,institution or collection record
ARED-GH-02637,Ahafo Region: Popular and everyday graphics — institution or collection record research target 2,publication_state,"publication_state contains ""research target""",research target; no object claim,institution or collection record
ARED-GH-02638,Ahafo Region: Popular and everyday graphics — institution or collection record research target 3,publication_state,"publication_state contains ""research target""",research target; no object claim,institution or collection record
ARED-GH-02639,Ahafo Region: Popular and everyday graphics — institution or collection record research target 4,publication_state,"publication_state contains ""research target""",research target; no object claim,institution or collection record
ARED-GH-02640,Ahafo Region: Popular and everyday graphics — institution or collection record research target 5,publication_state,"publication_state contains ""research target""",research target; no object claim,institution or collection record
ARED-GH-02641,Ahafo Region: Popular and everyday graphics — oral-history interview research target 1,publication_state,"publication_state contains ""research target""",research target; no object claim,oral-history interview
ARED-GH-02642,Ahafo Region: Popular and everyday graphics — oral-history interview research target 2,publication_state,"publication_state contains ""research target""",research target; no object claim,oral-history interview
ARED-GH-02643,Ahafo Region: Popular and everyday graphics — oral-history interview research target 3,publication_state,"publication_state contains ""research target""",research target; no object claim,oral-history interview
ARED-GH-02644,Ahafo Region: Popular and everyday graphics — oral-history interview research target 4,publication_state,"publication_state contains ""research target""",research target; no object claim,oral-history interview
ARED-GH-02645,Ahafo Region: Popular and everyday graphics — oral-history interview research target 5,publication_state,"publication_state contains ""research target""",research target; no object claim,oral-history interview
ARED-GH-02646,Ahafo Region: Popular and everyday graphics — publication or archival source research target 1,publication_state,"publication_state contains ""research target""",research target; no object claim,publication or archival source
ARED-GH-02647,Ahafo Region: Popular and everyday graphics — publication or archival source research target 2,publication_state,"publication_state contains ""research target""",research target; no object claim,publication or archival source
ARED-GH-02648,Ahafo Region: Popular and everyday graphics — publication or archival source research target 3,publication_state,"publication_state contains ""research target""",research target; no object claim,publication or archival source
ARED-GH-02649,Ahafo Region: Popular and everyday graphics — publication or archival source research target 4,publication_state,"publication_state contains ""research target""",research target; no object claim,publication or archival source
ARED-GH-02650,Ahafo Region: Popular and everyday graphics — publication or archival source research target 5,publication_state,"publication_state contains ""research target""",research target; no object claim,publication or archival source
ARED-GH-02651,"Ahafo Region: Digital, diasporic and contemporary design — object or artefact record research target 1",publication_state,"publication_state contains ""research target""",research target; no object claim,object or artefact record
ARED-GH-02652,"Ahafo Region: Digital, diasporic and contemporary design — object or artefact record research target 2",publication_state,"publication_state contains ""research target""",research target; no object claim,object or artefact record
ARED-GH-02653,"Ahafo Region: Digital, diasporic and contemporary design — object or artefact record research target 3",publication_state,"publication_state contains ""research target""",research target; no object claim,object or artefact record
ARED-GH-02654,"Ahafo Region: Digital, diasporic and contemporary design — object or artefact record research target 4",publication_state,"publication_state contains ""research target""",research target; no object claim,object or artefact record
ARED-GH-02655,"Ahafo Region: Digital, diasporic and contemporary design — object or artefact record research target 5",publication_state,"publication_state contains ""research target""",research target; no object claim,object or artefact record
ARED-GH-02656,"Ahafo Region: Digital, diasporic and contemporary design — maker or workshop authority record research target 1",publication_state,"publication_state contains ""research target""",research target; no object claim,maker or workshop authority record
ARED-GH-02657,"Ahafo Region: Digital, diasporic and contemporary design — maker or workshop authority record research target 2",publication_state,"publication_state contains ""research target""",research target; no object claim,maker or workshop authority record
ARED-GH-02658,"Ahafo Region: Digital, diasporic and contemporary design — maker or workshop authority record research target 3",publication_state,"publication_state contains ""research target""",research target; no object claim,maker or workshop authority record
ARED-GH-02659,"Ahafo Region: Digital, diasporic and contemporary design — maker or workshop authority record research target 4",publication_state,"publication_state contains ""research target""",research target; no object claim,maker or workshop authority record
ARED-GH-02660,"Ahafo Region: Digital, diasporic and contemporary design — maker or workshop authority record research target 5",publication_state,"publication_state contains ""research target""",research target; no object claim,maker or workshop authority record
ARED-GH-02661,"Ahafo Region: Digital, diasporic and contemporary design — institution or collection record research target 1",publication_state,"publication_state contains ""research target""",research target; no object claim,institution or collection record
ARED-GH-02662,"Ahafo Region: Digital, diasporic and contemporary design — institution or collection record research target 2",publication_state,"publication_state contains ""research target""",research target; no object claim,institution or collection record
ARED-GH-02663,"Ahafo Region: Digital, diasporic and contemporary design — institution or collection record research target 3",publication_state,"publication_state contains ""research target""",research target; no object claim,institution or collection record
ARED-GH-02664,"Ahafo Region: Digital, diasporic and contemporary design — institution or collection record research target 4",publication_state,"publication_state contains ""research target""",research target; no object claim,institution or collection record
ARED-GH-02665,"Ahafo Region: Digital, diasporic and contemporary design — institution or collection record research target 5",publication_state,"publication_state contains ""research target""",research target; no object claim,institution or collection record
ARED-GH-02666,"Ahafo Region: Digital, diasporic and contemporary design — oral-history interview research target 1",publication_state,"publication_state contains ""research target""",research target; no object claim,oral-history interview
ARED-GH-02667,"Ahafo Region: Digital, diasporic and contemporary design — oral-history interview research target 2",publication_state,"publication_state contains ""research target""",research target; no object claim,oral-history interview
ARED-GH-02668,"Ahafo Region: Digital, diasporic and contemporary design — oral-history interview research target 3",publication_state,"publication_state contains ""research target""",research target; no object claim,oral-history interview
ARED-GH-02669,"Ahafo Region: Digital, diasporic and contemporary design — oral-history interview research target 4",publication_state,"publication_state contains ""research target""",research target; no object claim,oral-history interview
ARED-GH-02670,"Ahafo Region: Digital, diasporic and contemporary design — oral-history interview research target 5",publication_state,"publication_state contains ""research target""",research target; no object claim,oral-history interview
ARED-GH-02671,"Ahafo Region: Digital, diasporic and contemporary design — publication or archival source research target 1",publication_state,"publication_state contains ""research target""",research target; no object claim,publication or archival source
ARED-GH-02672,"Ahafo Region: Digital, diasporic and contemporary design — publication or archival source research target 2",publication_state,"publication_state contains ""research target""",research target; no object claim,publication or archival source
ARED-GH-02673,"Ahafo Region: Digital, diasporic and contemporary design — publication or archival source research target 3",publication_state,"publication_state contains ""research target""",research target; no object claim,publication or archival source
ARED-GH-02674,"Ahafo Region: Digital, diasporic and contemporary design — publication or archival source research target 4",publication_state,"publication_state contains ""research target""",research target; no object claim,publication or archival source
ARED-GH-02675,"Ahafo Region: Digital, diasporic and contemporary design — publication or archival source research target 5",publication_state,"publication_state contains ""research target""",research target; no object claim,publication or archival source
ARED-GH-02676,"Western North Region: Land, cosmology and authority — object or artefact record research target 1",publication_state,"publication_state contains ""research target""",research target; no object claim,object or artefact record
ARED-GH-02677,"Western North Region: Land, cosmology and authority — object or artefact record research target 2",publication_state,"publication_state contains ""research target""",research target; no object claim,object or artefact record
ARED-GH-02678,"Western North Region: Land, cosmology and authority — object or artefact record research target 3",publication_state,"publication_state contains ""research target""",research target; no object claim,object or artefact record
ARED-GH-02679,"Western North Region: Land, cosmology and authority — object or artefact record research target 4",publication_state,"publication_state contains ""research target""",research target; no object claim,object or artefact record
ARED-GH-02680,"Western North Region: Land, cosmology and authority — object or artefact record research target 5",publication_state,"publication_state contains ""research target""",research target; no object claim,object or artefact record
ARED-GH-02681,"Western North Region: Land, cosmology and authority — maker or workshop authority record research target 1",publication_state,"publication_state contains ""research target""",research target; no object claim,maker or workshop authority record
ARED-GH-02682,"Western North Region: Land, cosmology and authority — maker or workshop authority record research target 2",publication_state,"publication_state contains ""research target""",research target; no object claim,maker or workshop authority record
ARED-GH-02683,"Western North Region: Land, cosmology and authority — maker or workshop authority record research target 3",publication_state,"publication_state contains ""research target""",research target; no object claim,maker or workshop authority record
ARED-GH-02684,"Western North Region: Land, cosmology and authority — maker or workshop authority record research target 4",publication_state,"publication_state contains ""research target""",research target; no object claim,maker or workshop authority record
ARED-GH-02685,"Western North Region: Land, cosmology and authority — maker or workshop authority record research target 5",publication_state,"publication_state contains ""research target""",research target; no object claim,maker or workshop authority record
ARED-GH-02686,"Western North Region: Land, cosmology and authority — institution or collection record research target 1",publication_state,"publication_state contains ""research target""",research target; no object claim,institution or collection record
ARED-GH-02687,"Western North Region: Land, cosmology and authority — institution or collection record research target 2",publication_state,"publication_state contains ""research target""",research target; no object claim,institution or collection record
ARED-GH-02688,"Western North Region: Land, cosmology and authority — institution or collection record research target 3",publication_state,"publication_state contains ""research target""",research target; no object claim,institution or collection record
ARED-GH-02689,"Western North Region: Land, cosmology and authority — institution or collection record research target 4",publication_state,"publication_state contains ""research target""",research target; no object claim,institution or collection record
ARED-GH-02690,"Western North Region: Land, cosmology and authority — institution or collection record research target 5",publication_state,"publication_state contains ""research target""",research target; no object claim,institution or collection record
ARED-GH-02691,"Western North Region: Land, cosmology and authority — oral-history interview research target 1",publication_state,"publication_state contains ""research target""",research target; no object claim,oral-history interview
ARED-GH-02692,"Western North Region: Land, cosmology and authority — oral-history interview research target 2",publication_state,"publication_state contains ""research target""",research target; no object claim,oral-history interview
ARED-GH-02693,"Western North Region: Land, cosmology and authority — oral-history interview research target 3",publication_state,"publication_state contains ""research target""",research target; no object claim,oral-history interview
ARED-GH-02694,"Western North Region: Land, cosmology and authority — oral-history interview research target 4",publication_state,"publication_state contains ""research target""",research target; no object claim,oral-history interview
ARED-GH-02695,"Western North Region: Land, cosmology and authority — oral-history interview research target 5",publication_state,"publication_state contains ""research target""",research target; no object claim,oral-history interview
ARED-GH-02696,"Western North Region: Land, cosmology and authority — publication or archival source research target 1",publication_state,"publication_state contains ""research target""",research target; no object claim,publication or archival source
ARED-GH-02697,"Western North Region: Land, cosmology and authority — publication or archival source research target 2",publication_state,"publication_state contains ""research target""",research target; no object claim,publication or archival source
ARED-GH-02698,"Western North Region: Land, cosmology and authority — publication or archival source research target 3",publication_state,"publication_state contains ""research target""",research target; no object claim,publication or archival source
ARED-GH-02699,"Western North Region: Land, cosmology and authority — publication or archival source research target 4",publication_state,"publication_state contains ""research target""",research target; no object claim,publication or archival source
ARED-GH-02700,"Western North Region: Land, cosmology and authority — publication or archival source research target 5",publication_state,"publication_state contains ""research target""",research target; no object claim,publication or archival source
ARED-GH-02701,"Western North Region: Memory, proverb and performance — object or artefact record research target 1",publication_state,"publication_state contains ""research target""",research target; no object claim,object or artefact record
ARED-GH-02702,"Western North Region: Memory, proverb and performance — object or artefact record research target 2",publication_state,"publication_state contains ""research target""",research target; no object claim,object or artefact record
ARED-GH-02703,"Western North Region: Memory, proverb and performance — object or artefact record research target 3",publication_state,"publication_state contains ""research target""",research target; no object claim,object or artefact record
ARED-GH-02704,"Western North Region: Memory, proverb and performance — object or artefact record research target 4",publication_state,"publication_state contains ""research target""",research target; no object claim,object or artefact record
ARED-GH-02705,"Western North Region: Memory, proverb and performance — object or artefact record research target 5",publication_state,"publication_state contains ""research target""",research target; no object claim,object or artefact record
ARED-GH-02706,"Western North Region: Memory, proverb and performance — maker or workshop authority record research target 1",publication_state,"publication_state contains ""research target""",research target; no object claim,maker or workshop authority record
ARED-GH-02707,"Western North Region: Memory, proverb and performance — maker or workshop authority record research target 2",publication_state,"publication_state contains ""research target""",research target; no object claim,maker or workshop authority record
ARED-GH-02708,"Western North Region: Memory, proverb and performance — maker or workshop authority record research target 3",publication_state,"publication_state contains ""research target""",research target; no object claim,maker or workshop authority record
ARED-GH-02709,"Western North Region: Memory, proverb and performance — maker or workshop authority record research target 4",publication_state,"publication_state contains ""research target""",research target; no object claim,maker or workshop authority record
ARED-GH-02710,"Western North Region: Memory, proverb and performance — maker or workshop authority record research target 5",publication_state,"publication_state contains ""research target""",research target; no object claim,maker or workshop authority record
ARED-GH-02711,"Western North Region: Memory, proverb and performance — institution or collection record research target 1",publication_state,"publication_state contains ""research target""",research target; no object claim,institution or collection record
ARED-GH-02712,"Western North Region: Memory, proverb and performance — institution or collection record research target 2",publication_state,"publication_state contains ""research target""",research target; no object claim,institution or collection record
ARED-GH-02713,"Western North Region: Memory, proverb and performance — institution or collection record research target 3",publication_state,"publication_state contains ""research target""",research target; no object claim,institution or collection record
ARED-GH-02714,"Western North Region: Memory, proverb and performance — institution or collection record research target 4",publication_state,"publication_state contains ""research target""",research target; no object claim,institution or collection record
ARED-GH-02715,"Western North Region: Memory, proverb and performance — institution or collection record research target 5",publication_state,"publication_state contains ""research target""",research target; no object claim,institution or collection record
ARED-GH-02716,"Western North Region: Memory, proverb and performance — oral-history interview research target 1",publication_state,"publication_state contains ""research target""",research target; no object claim,oral-history interview
ARED-GH-02717,"Western North Region: Memory, proverb and performance — oral-history interview research target 2",publication_state,"publication_state contains ""research target""",research target; no object claim,oral-history interview
ARED-GH-02718,"Western North Region: Memory, proverb and performance — oral-history interview research target 3",publication_state,"publication_state contains ""research target""",research target; no object claim,oral-history interview
ARED-GH-02719,"Western North Region: Memory, proverb and performance — oral-history interview research target 4",publication_state,"publication_state contains ""research target""",research target; no object claim,oral-history interview
ARED-GH-02720,"Western North Region: Memory, proverb and performance — oral-history interview research target 5",publication_state,"publication_state contains ""research target""",research target; no object claim,oral-history interview
ARED-GH-02721,"Western North Region: Memory, proverb and performance — publication or archival source research target 1",publication_state,"publication_state contains ""research target""",research target; no object claim,publication or archival source
ARED-GH-02722,"Western North Region: Memory, proverb and performance — publication or archival source research target 2",publication_state,"publication_state contains ""research target""",research target; no object claim,publication or archival source
ARED-GH-02723,"Western North Region: Memory, proverb and performance — publication or archival source research target 3",publication_state,"publication_state contains ""research target""",research target; no object claim,publication or archival source
ARED-GH-02724,"Western North Region: Memory, proverb and performance — publication or archival source research target 4",publication_state,"publication_state contains ""research target""",research target; no object claim,publication or archival source
ARED-GH-02725,"Western North Region: Memory, proverb and performance — publication or archival source research target 5",publication_state,"publication_state contains ""research target""",research target; no object claim,publication or archival source
ARED-GH-02726,"Western North Region: Cloth, pattern and social identity — object or artefact record research target 1",publication_state,"publication_state contains ""research target""",research target; no object claim,object or artefact record
ARED-GH-02727,"Western North Region: Cloth, pattern and social identity — object or artefact record research target 2",publication_state,"publication_state contains ""research target""",research target; no object claim,object or artefact record
ARED-GH-02728,"Western North Region: Cloth, pattern and social identity — object or artefact record research target 3",publication_state,"publication_state contains ""research target""",research target; no object claim,object or artefact record
ARED-GH-02729,"Western North Region: Cloth, pattern and social identity — object or artefact record research target 4",publication_state,"publication_state contains ""research target""",research target; no object claim,object or artefact record
ARED-GH-02730,"Western North Region: Cloth, pattern and social identity — object or artefact record research target 5",publication_state,"publication_state contains ""research target""",research target; no object claim,object or artefact record
ARED-GH-02731,"Western North Region: Cloth, pattern and social identity — maker or workshop authority record research target 1",publication_state,"publication_state contains ""research target""",research target; no object claim,maker or workshop authority record
ARED-GH-02732,"Western North Region: Cloth, pattern and social identity — maker or workshop authority record research target 2",publication_state,"publication_state contains ""research target""",research target; no object claim,maker or workshop authority record
ARED-GH-02733,"Western North Region: Cloth, pattern and social identity — maker or workshop authority record research target 3",publication_state,"publication_state contains ""research target""",research target; no object claim,maker or workshop authority record
ARED-GH-02734,"Western North Region: Cloth, pattern and social identity — maker or workshop authority record research target 4",publication_state,"publication_state contains ""research target""",research target; no object claim,maker or workshop authority record
ARED-GH-02735,"Western North Region: Cloth, pattern and social identity — maker or workshop authority record research target 5",publication_state,"publication_state contains ""research target""",research target; no object claim,maker or workshop authority record
ARED-GH-02736,"Western North Region: Cloth, pattern and social identity — institution or collection record research target 1",publication_state,"publication_state contains ""research target""",research target; no object claim,institution or collection record
ARED-GH-02737,"Western North Region: Cloth, pattern and social identity — institution or collection record research target 2",publication_state,"publication_state contains ""research target""",research target; no object claim,institution or collection record
ARED-GH-02738,"Western North Region: Cloth, pattern and social identity — institution or collection record research target 3",publication_state,"publication_state contains ""research target""",research target; no object claim,institution or collection record
ARED-GH-02739,"Western North Region: Cloth, pattern and social identity — institution or collection record research target 4",publication_state,"publication_state contains ""research target""",research target; no object claim,institution or collection record
ARED-GH-02740,"Western North Region: Cloth, pattern and social identity — institution or collection record research target 5",publication_state,"publication_state contains ""research target""",research target; no object claim,institution or collection record
ARED-GH-02741,"Western North Region: Cloth, pattern and social identity — oral-history interview research target 1",publication_state,"publication_state contains ""research target""",research target; no object claim,oral-history interview
ARED-GH-02742,"Western North Region: Cloth, pattern and social identity — oral-history interview research target 2",publication_state,"publication_state contains ""research target""",research target; no object claim,oral-history interview
ARED-GH-02743,"Western North Region: Cloth, pattern and social identity — oral-history interview research target 3",publication_state,"publication_state contains ""research target""",research target; no object claim,oral-history interview
ARED-GH-02744,"Western North Region: Cloth, pattern and social identity — oral-history interview research target 4",publication_state,"publication_state contains ""research target""",research target; no object claim,oral-history interview
ARED-GH-02745,"Western North Region: Cloth, pattern and social identity — oral-history interview research target 5",publication_state,"publication_state contains ""research target""",research target; no object claim,oral-history interview
ARED-GH-02746,"Western North Region: Cloth, pattern and social identity — publication or archival source research target 1",publication_state,"publication_state contains ""research target""",research target; no object claim,publication or archival source
ARED-GH-02747,"Western North Region: Cloth, pattern and social identity — publication or archival source research target 2",publication_state,"publication_state contains ""research target""",research target; no object claim,publication or archival source
ARED-GH-02748,"Western North Region: Cloth, pattern and social identity — publication or archival source research target 3",publication_state,"publication_state contains ""research target""",research target; no object claim,publication or archival source
ARED-GH-02749,"Western North Region: Cloth, pattern and social identity — publication or archival source research target 4",publication_state,"publication_state contains ""research target""",research target; no object claim,publication or archival source
ARED-GH-02750,"Western North Region: Cloth, pattern and social identity — publication or archival source research target 5",publication_state,"publication_state contains ""research target""",research target; no object claim,publication or archival source
ARED-GH-02751,"Western North Region: Print, colonial rule and public culture — object or artefact record research target 1",publication_state,"publication_state contains ""research target""",research target; no object claim,object or artefact record
ARED-GH-02752,"Western North Region: Print, colonial rule and public culture — object or artefact record research target 2",publication_state,"publication_state contains ""research target""",research target; no object claim,object or artefact record
ARED-GH-02753,"Western North Region: Print, colonial rule and public culture — object or artefact record research target 3",publication_state,"publication_state contains ""research target""",research target; no object claim,object or artefact record
ARED-GH-02754,"Western North Region: Print, colonial rule and public culture — object or artefact record research target 4",publication_state,"publication_state contains ""research target""",research target; no object claim,object or artefact record
ARED-GH-02755,"Western North Region: Print, colonial rule and public culture — object or artefact record research target 5",publication_state,"publication_state contains ""research target""",research target; no object claim,object or artefact record
ARED-GH-02756,"Western North Region: Print, colonial rule and public culture — maker or workshop authority record research target 1",publication_state,"publication_state contains ""research target""",research target; no object claim,maker or workshop authority record
ARED-GH-02757,"Western North Region: Print, colonial rule and public culture — maker or workshop authority record research target 2",publication_state,"publication_state contains ""research target""",research target; no object claim,maker or workshop authority record
ARED-GH-02758,"Western North Region: Print, colonial rule and public culture — maker or workshop authority record research target 3",publication_state,"publication_state contains ""research target""",research target; no object claim,maker or workshop authority record
ARED-GH-02759,"Western North Region: Print, colonial rule and public culture — maker or workshop authority record research target 4",publication_state,"publication_state contains ""research target""",research target; no object claim,maker or workshop authority record
ARED-GH-02760,"Western North Region: Print, colonial rule and public culture — maker or workshop authority record research target 5",publication_state,"publication_state contains ""research target""",research target; no object claim,maker or workshop authority record
ARED-GH-02761,"Western North Region: Print, colonial rule and public culture — institution or collection record research target 1",publication_state,"publication_state contains ""research target""",research target; no object claim,institution or collection record
ARED-GH-02762,"Western North Region: Print, colonial rule and public culture — institution or collection record research target 2",publication_state,"publication_state contains ""research target""",research target; no object claim,institution or collection record
ARED-GH-02763,"Western North Region: Print, colonial rule and public culture — institution or collection record research target 3",publication_state,"publication_state contains ""research target""",research target; no object claim,institution or collection record
ARED-GH-02764,"Western North Region: Print, colonial rule and public culture — institution or collection record research target 4",publication_state,"publication_state contains ""research target""",research target; no object claim,institution or collection record
ARED-GH-02765,"Western North Region: Print, colonial rule and public culture — institution or collection record research target 5",publication_state,"publication_state contains ""research target""",research target; no object claim,institution or collection record
ARED-GH-02766,"Western North Region: Print, colonial rule and public culture — oral-history interview research target 1",publication_state,"publication_state contains ""research target""",research target; no object claim,oral-history interview
ARED-GH-02767,"Western North Region: Print, colonial rule and public culture — oral-history interview research target 2",publication_state,"publication_state contains ""research target""",research target; no object claim,oral-history interview
ARED-GH-02768,"Western North Region: Print, colonial rule and public culture — oral-history interview research target 3",publication_state,"publication_state contains ""research target""",research target; no object claim,oral-history interview
ARED-GH-02769,"Western North Region: Print, colonial rule and public culture — oral-history interview research target 4",publication_state,"publication_state contains ""research target""",research target; no object claim,oral-history interview
ARED-GH-02770,"Western North Region: Print, colonial rule and public culture — oral-history interview research target 5",publication_state,"publication_state contains ""research target""",research target; no object claim,oral-history interview
ARED-GH-02771,"Western North Region: Print, colonial rule and public culture — publication or archival source research target 1",publication_state,"publication_state contains ""research target""",research target; no object claim,publication or archival source
ARED-GH-02772,"Western North Region: Print, colonial rule and public culture — publication or archival source research target 2",publication_state,"publication_state contains ""research target""",research target; no object claim,publication or archival source
ARED-GH-02773,"Western North Region: Print, colonial rule and public culture — publication or archival source research target 3",publication_state,"publication_state contains ""research target""",research target; no object claim,publication or archival source
ARED-GH-02774,"Western North Region: Print, colonial rule and public culture — publication or archival source research target 4",publication_state,"publication_state contains ""research target""",research target; no object claim,publication or archival source
ARED-GH-02775,"Western North Region: Print, colonial rule and public culture — publication or archival source research target 5",publication_state,"publication_state contains ""research target""",research target; no object claim,publication or archival source
ARED-GH-02776,Western North Region: Independence and state visual identity — object or artefact record research target 1,publication_state,"publication_state contains ""research target""",research target; no object claim,object or artefact record
ARED-GH-02777,Western North Region: Independence and state visual identity — object or artefact record research target 2,publication_state,"publication_state contains ""research target""",research target; no object claim,object or artefact record
ARED-GH-02778,Western North Region: Independence and state visual identity — object or artefact record research target 3,publication_state,"publication_state contains ""research target""",research target; no object claim,object or artefact record
ARED-GH-02779,Western North Region: Independence and state visual identity — object or artefact record research target 4,publication_state,"publication_state contains ""research target""",research target; no object claim,object or artefact record
ARED-GH-02780,Western North Region: Independence and state visual identity — object or artefact record research target 5,publication_state,"publication_state contains ""research target""",research target; no object claim,object or artefact record
ARED-GH-02781,Western North Region: Independence and state visual identity — maker or workshop authority record research target 1,publication_state,"publication_state contains ""research target""",research target; no object claim,maker or workshop authority record
ARED-GH-02782,Western North Region: Independence and state visual identity — maker or workshop authority record research target 2,publication_state,"publication_state contains ""research target""",research target; no object claim,maker or workshop authority record
ARED-GH-02783,Western North Region: Independence and state visual identity — maker or workshop authority record research target 3,publication_state,"publication_state contains ""research target""",research target; no object claim,maker or workshop authority record
ARED-GH-02784,Western North Region: Independence and state visual identity — maker or workshop authority record research target 4,publication_state,"publication_state contains ""research target""",research target; no object claim,maker or workshop authority record
ARED-GH-02785,Western North Region: Independence and state visual identity — maker or workshop authority record research target 5,publication_state,"publication_state contains ""research target""",research target; no object claim,maker or workshop authority record
ARED-GH-02786,Western North Region: Independence and state visual identity — institution or collection record research target 1,publication_state,"publication_state contains ""research target""",research target; no object claim,institution or collection record
ARED-GH-02787,Western North Region: Independence and state visual identity — institution or collection record research target 2,publication_state,"publication_state contains ""research target""",research target; no object claim,institution or collection record
ARED-GH-02788,Western North Region: Independence and state visual identity — institution or collection record research target 3,publication_state,"publication_state contains ""research target""",research target; no object claim,institution or collection record
ARED-GH-02789,Western North Region: Independence and state visual identity — institution or collection record research target 4,publication_state,"publication_state contains ""research target""",research target; no object claim,institution or collection record
ARED-GH-02790,Western North Region: Independence and state visual identity — institution or collection record research target 5,publication_state,"publication_state contains ""research target""",research target; no object claim,institution or collection record
ARED-GH-02791,Western North Region: Independence and state visual identity — oral-history interview research target 1,publication_state,"publication_state contains ""research target""",research target; no object claim,oral-history interview
ARED-GH-02792,Western North Region: Independence and state visual identity — oral-history interview research target 2,publication_state,"publication_state contains ""research target""",research target; no object claim,oral-history interview
ARED-GH-02793,Western North Region: Independence and state visual identity — oral-history interview research target 3,publication_state,"publication_state contains ""research target""",research target; no object claim,oral-history interview
ARED-GH-02794,Western North Region: Independence and state visual identity — oral-history interview research target 4,publication_state,"publication_state contains ""research target""",research target; no object claim,oral-history interview
ARED-GH-02795,Western North Region: Independence and state visual identity — oral-history interview research target 5,publication_state,"publication_state contains ""research target""",research target; no object claim,oral-history interview
ARED-GH-02796,Western North Region: Independence and state visual identity — publication or archival source research target 1,publication_state,"publication_state contains ""research target""",research target; no object claim,publication or archival source
ARED-GH-02797,Western North Region: Independence and state visual identity — publication or archival source research target 2,publication_state,"publication_state contains ""research target""",research target; no object claim,publication or archival source
ARED-GH-02798,Western North Region: Independence and state visual identity — publication or archival source research target 3,publication_state,"publication_state contains ""research target""",research target; no object claim,publication or archival source
ARED-GH-02799,Western North Region: Independence and state visual identity — publication or archival source research target 4,publication_state,"publication_state contains ""research target""",research target; no object claim,publication or archival source
ARED-GH-02800,Western North Region: Independence and state visual identity — publication or archival source research target 5,publication_state,"publication_state contains ""research target""",research target; no object claim,publication or archival source
ARED-GH-02801,Western North Region: Popular and everyday graphics — object or artefact record research target 1,publication_state,"publication_state contains ""research target""",research target; no object claim,object or artefact record
ARED-GH-02802,Western North Region: Popular and everyday graphics — object or artefact record research target 2,publication_state,"publication_state contains ""research target""",research target; no object claim,object or artefact record
ARED-GH-02803,Western North Region: Popular and everyday graphics — object or artefact record research target 3,publication_state,"publication_state contains ""research target""",research target; no object claim,object or artefact record
ARED-GH-02804,Western North Region: Popular and everyday graphics — object or artefact record research target 4,publication_state,"publication_state contains ""research target""",research target; no object claim,object or artefact record
ARED-GH-02805,Western North Region: Popular and everyday graphics — object or artefact record research target 5,publication_state,"publication_state contains ""research target""",research target; no object claim,object or artefact record
ARED-GH-02806,Western North Region: Popular and everyday graphics — maker or workshop authority record research target 1,publication_state,"publication_state contains ""research target""",research target; no object claim,maker or workshop authority record
ARED-GH-02807,Western North Region: Popular and everyday graphics — maker or workshop authority record research target 2,publication_state,"publication_state contains ""research target""",research target; no object claim,maker or workshop authority record
ARED-GH-02808,Western North Region: Popular and everyday graphics — maker or workshop authority record research target 3,publication_state,"publication_state contains ""research target""",research target; no object claim,maker or workshop authority record
ARED-GH-02809,Western North Region: Popular and everyday graphics — maker or workshop authority record research target 4,publication_state,"publication_state contains ""research target""",research target; no object claim,maker or workshop authority record
ARED-GH-02810,Western North Region: Popular and everyday graphics — maker or workshop authority record research target 5,publication_state,"publication_state contains ""research target""",research target; no object claim,maker or workshop authority record
ARED-GH-02811,Western North Region: Popular and everyday graphics — institution or collection record research target 1,publication_state,"publication_state contains ""research target""",research target; no object claim,institution or collection record
ARED-GH-02812,Western North Region: Popular and everyday graphics — institution or collection record research target 2,publication_state,"publication_state contains ""research target""",research target; no object claim,institution or collection record
ARED-GH-02813,Western North Region: Popular and everyday graphics — institution or collection record research target 3,publication_state,"publication_state contains ""research target""",research target; no object claim,institution or collection record
ARED-GH-02814,Western North Region: Popular and everyday graphics — institution or collection record research target 4,publication_state,"publication_state contains ""research target""",research target; no object claim,institution or collection record
ARED-GH-02815,Western North Region: Popular and everyday graphics — institution or collection record research target 5,publication_state,"publication_state contains ""research target""",research target; no object claim,institution or collection record
ARED-GH-02816,Western North Region: Popular and everyday graphics — oral-history interview research target 1,publication_state,"publication_state contains ""research target""",research target; no object claim,oral-history interview
ARED-GH-02817,Western North Region: Popular and everyday graphics — oral-history interview research target 2,publication_state,"publication_state contains ""research target""",research target; no object claim,oral-history interview
ARED-GH-02818,Western North Region: Popular and everyday graphics — oral-history interview research target 3,publication_state,"publication_state contains ""research target""",research target; no object claim,oral-history interview
ARED-GH-02819,Western North Region: Popular and everyday graphics — oral-history interview research target 4,publication_state,"publication_state contains ""research target""",research target; no object claim,oral-history interview
ARED-GH-02820,Western North Region: Popular and everyday graphics — oral-history interview research target 5,publication_state,"publication_state contains ""research target""",research target; no object claim,oral-history interview
ARED-GH-02821,Western North Region: Popular and everyday graphics — publication or archival source research target 1,publication_state,"publication_state contains ""research target""",research target; no object claim,publication or archival source
ARED-GH-02822,Western North Region: Popular and everyday graphics — publication or archival source research target 2,publication_state,"publication_state contains ""research target""",research target; no object claim,publication or archival source
ARED-GH-02823,Western North Region: Popular and everyday graphics — publication or archival source research target 3,publication_state,"publication_state contains ""research target""",research target; no object claim,publication or archival source
ARED-GH-02824,Western North Region: Popular and everyday graphics — publication or archival source research target 4,publication_state,"publication_state contains ""research target""",research target; no object claim,publication or archival source
ARED-GH-02825,Western North Region: Popular and everyday graphics — publication or archival source research target 5,publication_state,"publication_state contains ""research target""",research target; no object claim,publication or archival source
ARED-GH-02826,"Western North Region: Digital, diasporic and contemporary design — object or artefact record research target 1",publication_state,"publication_state contains ""research target""",research target; no object claim,object or artefact record
ARED-GH-02827,"Western North Region: Digital, diasporic and contemporary design — object or artefact record research target 2",publication_state,"publication_state contains ""research target""",research target; no object claim,object or artefact record
ARED-GH-02828,"Western North Region: Digital, diasporic and contemporary design — object or artefact record research target 3",publication_state,"publication_state contains ""research target""",research target; no object claim,object or artefact record
ARED-GH-02829,"Western North Region: Digital, diasporic and contemporary design — object or artefact record research target 4",publication_state,"publication_state contains ""research target""",research target; no object claim,object or artefact record
ARED-GH-02830,"Western North Region: Digital, diasporic and contemporary design — object or artefact record research target 5",publication_state,"publication_state contains ""research target""",research target; no object claim,object or artefact record
ARED-GH-02831,"Western North Region: Digital, diasporic and contemporary design — maker or workshop authority record research target 1",publication_state,"publication_state contains ""research target""",research target; no object claim,maker or workshop authority record
ARED-GH-02832,"Western North Region: Digital, diasporic and contemporary design — maker or workshop authority record research target 2",publication_state,"publication_state contains ""research target""",research target; no object claim,maker or workshop authority record
ARED-GH-02833,"Western North Region: Digital, diasporic and contemporary design — maker or workshop authority record research target 3",publication_state,"publication_state contains ""research target""",research target; no object claim,maker or workshop authority record
ARED-GH-02834,"Western North Region: Digital, diasporic and contemporary design — maker or workshop authority record research target 4",publication_state,"publication_state contains ""research target""",research target; no object claim,maker or workshop authority record
ARED-GH-02835,"Western North Region: Digital, diasporic and contemporary design — maker or workshop authority record research target 5",publication_state,"publication_state contains ""research target""",research target; no object claim,maker or workshop authority record
ARED-GH-02836,"Western North Region: Digital, diasporic and contemporary design — institution or collection record research target 1",publication_state,"publication_state contains ""research target""",research target; no object claim,institution or collection record
ARED-GH-02837,"Western North Region: Digital, diasporic and contemporary design — institution or collection record research target 2",publication_state,"publication_state contains ""research target""",research target; no object claim,institution or collection record
ARED-GH-02838,"Western North Region: Digital, diasporic and contemporary design — institution or collection record research target 3",publication_state,"publication_state contains ""research target""",research target; no object claim,institution or collection record
ARED-GH-02839,"Western North Region: Digital, diasporic and contemporary design — institution or collection record research target 4",publication_state,"publication_state contains ""research target""",research target; no object claim,institution or collection record
ARED-GH-02840,"Western North Region: Digital, diasporic and contemporary design — institution or collection record research target 5",publication_state,"publication_state contains ""research target""",research target; no object claim,institution or collection record
ARED-GH-02841,"Western North Region: Digital, diasporic and contemporary design — oral-history interview research target 1",publication_state,"publication_state contains ""research target""",research target; no object claim,oral-history interview
ARED-GH-02842,"Western North Region: Digital, diasporic and contemporary design — oral-history interview research target 2",publication_state,"publication_state contains ""research target""",research target; no object claim,oral-history interview
ARED-GH-02843,"Western North Region: Digital, diasporic and contemporary design — oral-history interview research target 3",publication_state,"publication_state contains ""research target""",research target; no object claim,oral-history interview
ARED-GH-02844,"Western North Region: Digital, diasporic and contemporary design — oral-history interview research target 4",publication_state,"publication_state contains ""research target""",research target; no object claim,oral-history interview
ARED-GH-02845,"Western North Region: Digital, diasporic and contemporary design — oral-history interview research target 5",publication_state,"publication_state contains ""research target""",research target; no object claim,oral-history interview
ARED-GH-02846,"Western North Region: Digital, diasporic and contemporary design — publication or archival source research target 1",publication_state,"publication_state contains ""research target""",research target; no object claim,publication or archival source
ARED-GH-02847,"Western North Region: Digital, diasporic and contemporary design — publication or archival source research target 2",publication_state,"publication_state contains ""research target""",research target; no object claim,publication or archival source
ARED-GH-02848,"Western North Region: Digital, diasporic and contemporary design — publication or archival source research target 3",publication_state,"publication_state contains ""research target""",research target; no object claim,publication or archival source
ARED-GH-02849,"Western North Region: Digital, diasporic and contemporary design — publication or archival source research target 4",publication_state,"publication_state contains ""research target""",research target; no object claim,publication or archival source
ARED-GH-02850,"Western North Region: Digital, diasporic and contemporary design — publication or archival source research target 5",publication_state,"publication_state contains ""research target""",research target; no object claim,publication or archival source
