record_id,title,alternate_title,record_type,period_id,period_label,visual_system_id,visual_system_label,date_display,date_start,date_end,date_certainty,region,locality,community_or_culture,creator_or_authority,creator_role,creator_certainty,commissioner,workshop_or_printer,institution_or_collection,collection_number,object_type,medium,technique,dimensions,language,source_facts,ared_interpretation,historical_significance,cultural_interpretation,provenance,acquisition_history,primary_source_name,primary_source_url,secondary_sources,bibliography,evidence_summary,access_date,rights_status,image_rights_status,community_authority_status,verification_status,uncertainties,related_record_ids,tags,build_id
ARED-GH-00001,Memorial Head (Mma),,museum object,P2,"Coastal contact and transcultural exchange, c. 1471–1874",V1,"Land, cosmology and authority",19th–20th century,1800,2000,broad museum dating,Ghana,,"Akan peoples, Asante",Unrecorded artist,unrecorded maker,unrecorded,,,Metropolitan Museum of Art,Met 310182,Ceramics-Sculpture,Terracotta,,H. 5 3/4 x W. 4 3/4 in. (14.6 x 12.1 cm),,"The Metropolitan Museum of Art records object 310182 as ""Memorial Head (Mma)"". Culture: Akan peoples, Asante. Geographic attribution: Ghana. Date: 19th–20th century. Medium: Terracotta. Dimensions: H. 5 3/4 x W. 4 3/4 in. (14.6 x 12.1 cm). Credit line: Gift of William W. Brill, 1976. Maker unnamed in museum record.",ARED research note: This record forms part of Ghana's history of graphic design and visual communication. The interpretation below is ARED analysis supported by the cited source — not presented as direct institutional quotation.,,,"Gift of William W. Brill, 1976","Gift of William W. Brill, 1976",Metropolitan Museum of Art Collection Online,https://www.metmuseum.org/art/collection/search/310182,,,Museum object record 310182 accessed 2026-07-05.,2026-07-05,linked_record,check Met terms,not_required,verified,maker unnamed in source,,"Met; Ceramics-Sculpture; Akan peoples, Asante",2026-07-05-taxonomy-v1
ARED-GH-00002,Male ntiri (memorial head),,museum object,P2,"Coastal contact and transcultural exchange, c. 1471–1874",V1,"Land, cosmology and authority",17th century (?),1600,1700,museum dated,Ghana,Adanse traditional area,Akan,Akan artist,artist/maker,institutional attribution,,,Metropolitan Museum of Art,Met 310368,Ceramics-Sculpture,"Terracotta, applied coating",,H. 12 in. × W. 7 1/2 in. × D. 7 in. (30.5 × 19.1 × 17.8 cm),,"The Metropolitan Museum of Art records object 310368 as ""Male ntiri (memorial head)"". Culture: Akan. Geographic attribution: Ghana. Region: Adanse traditional area. Date: 17th century (?). Medium: Terracotta, applied coating. Dimensions: H. 12 in. × W. 7 1/2 in. × D. 7 in. (30.5 × 19.1 × 17.8 cm). Credit line: The Michael C. Rockefeller Memorial Collection, Gift of Nelson A. Rockefeller, 1964. Artist/maker field: Akan artist.",ARED research note: This record forms part of Ghana's history of graphic design and visual communication. The interpretation below is ARED analysis supported by the cited source — not presented as direct institutional quotation.,,,"The Michael C. Rockefeller Memorial Collection, Gift of Nelson A. Rockefeller, 1964","The Michael C. Rockefeller Memorial Collection, Gift of Nelson A. Rockefeller, 1964",Metropolitan Museum of Art Collection Online,https://www.metmuseum.org/art/collection/search/310368,,,Museum object record 310368 accessed 2026-07-05.,2026-07-05,public domain (Met Open Access),Met Open Access where applicable,not_required,verified,,,Met; Ceramics-Sculpture; Akan,2026-07-05-taxonomy-v1
ARED-GH-00003,Female ntiri (memorial head),,museum object,P2,"Coastal contact and transcultural exchange, c. 1471–1874",V1,"Land, cosmology and authority",17th century (?),1600,1700,museum dated,Ghana,Adanse traditional area,Akan,Akan artist,artist/maker,institutional attribution,,,Metropolitan Museum of Art,Met 310369,Ceramics-Sculpture,"Terracotta, applied coating",,H. 11 5/8 × W. 6 3/4 × D. 6 3/4 in. (29.5 × 17.1 × 17.1 cm),,"The Metropolitan Museum of Art records object 310369 as ""Female ntiri (memorial head)"". Culture: Akan. Geographic attribution: Ghana. Region: Adanse traditional area. Date: 17th century (?). Medium: Terracotta, applied coating. Dimensions: H. 11 5/8 × W. 6 3/4 × D. 6 3/4 in. (29.5 × 17.1 × 17.1 cm). Credit line: The Michael C. Rockefeller Memorial Collection, Gift of Nelson A. Rockefeller, 1964. Artist/maker field: Akan artist.",ARED research note: This record forms part of Ghana's history of graphic design and visual communication. The interpretation below is ARED analysis supported by the cited source — not presented as direct institutional quotation.,,,"The Michael C. Rockefeller Memorial Collection, Gift of Nelson A. Rockefeller, 1964","The Michael C. Rockefeller Memorial Collection, Gift of Nelson A. Rockefeller, 1964",Metropolitan Museum of Art Collection Online,https://www.metmuseum.org/art/collection/search/310369,,,Museum object record 310369 accessed 2026-07-05.,2026-07-05,public domain (Met Open Access),Met Open Access where applicable,not_required,verified,,,Met; Ceramics-Sculpture; Akan,2026-07-05-taxonomy-v1
ARED-GH-00004,Gold Weight: Zoomorphic,,museum object,P2,"Coastal contact and transcultural exchange, c. 1471–1874",V1,"Land, cosmology and authority",19th–20th century,1800,2000,broad museum dating,Ghana,,Asante,Unrecorded artist,unrecorded maker,unrecorded,,,Metropolitan Museum of Art,Met 310751,Metal-Implements,Brass,,H. 1 1/8 x W. 2 in. (2.9 x 5.1 cm),,"The Metropolitan Museum of Art records object 310751 as ""Gold Weight: Zoomorphic"". Culture: Asante. Geographic attribution: Ghana. Date: 19th–20th century. Medium: Brass. Dimensions: H. 1 1/8 x W. 2 in. (2.9 x 5.1 cm). Credit line: The Michael C. Rockefeller Memorial Collection, Gift of Nelson A. Rockefeller, 1964. Maker unnamed in museum record.",ARED research note: This record forms part of Ghana's history of graphic design and visual communication. The interpretation below is ARED analysis supported by the cited source — not presented as direct institutional quotation.,,,"The Michael C. Rockefeller Memorial Collection, Gift of Nelson A. Rockefeller, 1964","The Michael C. Rockefeller Memorial Collection, Gift of Nelson A. Rockefeller, 1964",Metropolitan Museum of Art Collection Online,https://www.metmuseum.org/art/collection/search/310751,,,Museum object record 310751 accessed 2026-07-05.,2026-07-05,linked_record,check Met terms,not_required,verified,maker unnamed in source,,Met; Metal-Implements; Asante,2026-07-05-taxonomy-v1
ARED-GH-00005,Gold Dust Box (abamphruwa),,museum object,P2,"Coastal contact and transcultural exchange, c. 1471–1874",V1,"Land, cosmology and authority",19th–20th century,1800,2000,broad museum dating,Ghana,,"Akan peoples, Asante",Unrecorded artist,unrecorded maker,unrecorded,,,Metropolitan Museum of Art,Met 310823,Metal-Containers,Brass,,H. 1 9/16 x W. 2 3/8 x  D. 1 3/4 in. (4 x 6.1 x 4.4 cm),,"The Metropolitan Museum of Art records object 310823 as ""Gold Dust Box (abamphruwa)"". Culture: Akan peoples, Asante. Geographic attribution: Ghana. Date: 19th–20th century. Medium: Brass. Dimensions: H. 1 9/16 x W. 2 3/8 x  D. 1 3/4 in. (4 x 6.1 x 4.4 cm). Credit line: The Michael C. Rockefeller Memorial Collection, Gift of Nelson A. Rockefeller, 1964. Maker unnamed in museum record.",ARED research note: This record forms part of Ghana's history of graphic design and visual communication. The interpretation below is ARED analysis supported by the cited source — not presented as direct institutional quotation.,,,"The Michael C. Rockefeller Memorial Collection, Gift of Nelson A. Rockefeller, 1964","The Michael C. Rockefeller Memorial Collection, Gift of Nelson A. Rockefeller, 1964",Metropolitan Museum of Art Collection Online,https://www.metmuseum.org/art/collection/search/310823,,,Museum object record 310823 accessed 2026-07-05.,2026-07-05,linked_record,check Met terms,not_required,verified,maker unnamed in source,,"Met; Metal-Containers; Akan peoples, Asante",2026-07-05-taxonomy-v1
ARED-GH-00006,Hornblower attendant figure,,museum object,P2,"Coastal contact and transcultural exchange, c. 1471–1874",V1,"Land, cosmology and authority",18th–first quarter 20th century,1700,1925,broad museum dating,Côte d'Ivoire,Sanwi traditional area,"Akan peoples, Anyi group",Anyi-Akan artist,artist/maker,institutional attribution,,,Metropolitan Museum of Art,Met 310829,Ceramics-Sculpture,"Terracotta, applied coating",,H. 10 1/4 in. × W. 4 in. × D. 7 1/4 in. (26 × 10.2 × 18.4 cm),,"The Metropolitan Museum of Art records object 310829 as ""Hornblower attendant figure"". Culture: Akan peoples, Anyi group. Geographic attribution: Côte d'Ivoire. Region: Sanwi traditional area. Date: 18th–first quarter 20th century. Medium: Terracotta, applied coating. Dimensions: H. 10 1/4 in. × W. 4 in. × D. 7 1/4 in. (26 × 10.2 × 18.4 cm). Credit line: The Michael C. Rockefeller Memorial Collection, Gift of Nelson A. Rockefeller, 1964. Artist/maker field: Anyi-Akan artist.",ARED research note: This record forms part of Ghana's history of graphic design and visual communication. The interpretation below is ARED analysis supported by the cited source — not presented as direct institutional quotation.,,,"The Michael C. Rockefeller Memorial Collection, Gift of Nelson A. Rockefeller, 1964","The Michael C. Rockefeller Memorial Collection, Gift of Nelson A. Rockefeller, 1964",Metropolitan Museum of Art Collection Online,https://www.metmuseum.org/art/collection/search/310829,,,Museum object record 310829 accessed 2026-07-05.,2026-07-05,linked_record,check Met terms,not_required,verified,museum places production in Côte d'Ivoire,,"Met; Ceramics-Sculpture; Akan peoples, Anyi group",2026-07-05-taxonomy-v1
ARED-GH-00007,Gold Weight: Elephant,,museum object,P2,"Coastal contact and transcultural exchange, c. 1471–1874",V1,"Land, cosmology and authority",19th–20th century,1800,2000,broad museum dating,Ghana,,Asante,Unrecorded artist,unrecorded maker,unrecorded,,,Metropolitan Museum of Art,Met 310836,Metal-Implements,Brass,,H. 1 x W. 1 1/4 x D. 3 3/4 in. (2.5 x 3.2 x 9.4 cm),,"The Metropolitan Museum of Art records object 310836 as ""Gold Weight: Elephant"". Culture: Asante. Geographic attribution: Ghana. Date: 19th–20th century. Medium: Brass. Dimensions: H. 1 x W. 1 1/4 x D. 3 3/4 in. (2.5 x 3.2 x 9.4 cm). Credit line: The Michael C. Rockefeller Memorial Collection, Purchase, Nelson A. Rockefeller Gift, 1960. Maker unnamed in museum record.",ARED research note: This record forms part of Ghana's history of graphic design and visual communication. The interpretation below is ARED analysis supported by the cited source — not presented as direct institutional quotation.,,,"The Michael C. Rockefeller Memorial Collection, Purchase, Nelson A. Rockefeller Gift, 1960","The Michael C. Rockefeller Memorial Collection, Purchase, Nelson A. Rockefeller Gift, 1960",Metropolitan Museum of Art Collection Online,https://www.metmuseum.org/art/collection/search/310836,,,Museum object record 310836 accessed 2026-07-05.,2026-07-05,linked_record,check Met terms,not_required,verified,maker unnamed in source,,Met; Metal-Implements; Asante,2026-07-05-taxonomy-v1
ARED-GH-00008,Grasshopper gold weight,,museum object,P2,"Coastal contact and transcultural exchange, c. 1471–1874",V1,"Land, cosmology and authority",19th–mid-20th century,1800,1950,broad museum dating,Côte d’Ivoire,,Akan peoples,Akan artist,artist/maker,institutional attribution,,,Metropolitan Museum of Art,Met 310871,Metal-Implements,Brass,,W. 11/16 × D. 1/2 × L. 2 1/2 in. (1.7 × 1.3 × 6.4 cm),,"The Metropolitan Museum of Art records object 310871 as ""Grasshopper gold weight"". Culture: Akan peoples. Geographic attribution: Côte d’Ivoire. Date: 19th–mid-20th century. Medium: Brass. Dimensions: W. 11/16 × D. 1/2 × L. 2 1/2 in. (1.7 × 1.3 × 6.4 cm). Credit line: The Michael C. Rockefeller Memorial Collection, Gift of William W. Brill, 1961. Artist/maker field: Akan artist.",ARED research note: This record forms part of Ghana's history of graphic design and visual communication. The interpretation below is ARED analysis supported by the cited source — not presented as direct institutional quotation.,,,"The Michael C. Rockefeller Memorial Collection, Gift of William W. Brill, 1961","The Michael C. Rockefeller Memorial Collection, Gift of William W. Brill, 1961",Metropolitan Museum of Art Collection Online,https://www.metmuseum.org/art/collection/search/310871,,,Museum object record 310871 accessed 2026-07-05.,2026-07-05,linked_record,check Met terms,not_required,verified,museum places production in Côte d’Ivoire,,Met; Metal-Implements; Akan peoples,2026-07-05-taxonomy-v1
ARED-GH-00009,Gold Weight: Lobster Claw,,museum object,P2,"Coastal contact and transcultural exchange, c. 1471–1874",V1,"Land, cosmology and authority",19th–20th century,1800,2000,broad museum dating,Ghana,,Asante,Unrecorded artist,unrecorded maker,unrecorded,,,Metropolitan Museum of Art,Met 310874,Metal-Implements,Brass,,H. 1 1/2 x W. 2 1/16 in. (3.8 x 5.2 cm),,"The Metropolitan Museum of Art records object 310874 as ""Gold Weight: Lobster Claw"". Culture: Asante. Geographic attribution: Ghana. Date: 19th–20th century. Medium: Brass. Dimensions: H. 1 1/2 x W. 2 1/16 in. (3.8 x 5.2 cm). Credit line: The Michael C. Rockefeller Memorial Collection, Gift of William W. Brill, 1961. Maker unnamed in museum record.",ARED research note: This record forms part of Ghana's history of graphic design and visual communication. The interpretation below is ARED analysis supported by the cited source — not presented as direct institutional quotation.,,,"The Michael C. Rockefeller Memorial Collection, Gift of William W. Brill, 1961","The Michael C. Rockefeller Memorial Collection, Gift of William W. Brill, 1961",Metropolitan Museum of Art Collection Online,https://www.metmuseum.org/art/collection/search/310874,,,Museum object record 310874 accessed 2026-07-05.,2026-07-05,linked_record,check Met terms,not_required,verified,maker unnamed in source,,Met; Metal-Implements; Asante,2026-07-05-taxonomy-v1
ARED-GH-00010,Gold Weight: Insect,,museum object,P2,"Coastal contact and transcultural exchange, c. 1471–1874",V1,"Land, cosmology and authority",19th–20th century,1800,2000,broad museum dating,Ghana,,Asante,Unrecorded artist,unrecorded maker,unrecorded,,,Metropolitan Museum of Art,Met 310876,Metal-Implements,Brass,,H. 1/2 x W. 1 11/16 x D. 9/16 in. (1.3 x 4.4 x 1.5 cm),,"The Metropolitan Museum of Art records object 310876 as ""Gold Weight: Insect"". Culture: Asante. Geographic attribution: Ghana. Date: 19th–20th century. Medium: Brass. Dimensions: H. 1/2 x W. 1 11/16 x D. 9/16 in. (1.3 x 4.4 x 1.5 cm). Credit line: The Michael C. Rockefeller Memorial Collection, Gift of William W. Brill, 1961. Maker unnamed in museum record.",ARED research note: This record forms part of Ghana's history of graphic design and visual communication. The interpretation below is ARED analysis supported by the cited source — not presented as direct institutional quotation.,,,"The Michael C. Rockefeller Memorial Collection, Gift of William W. Brill, 1961","The Michael C. Rockefeller Memorial Collection, Gift of William W. Brill, 1961",Metropolitan Museum of Art Collection Online,https://www.metmuseum.org/art/collection/search/310876,,,Museum object record 310876 accessed 2026-07-05.,2026-07-05,linked_record,check Met terms,not_required,verified,maker unnamed in source,,Met; Metal-Implements; Asante,2026-07-05-taxonomy-v1
ARED-GH-00011,Gold Weight: Seed Pod,,museum object,P2,"Coastal contact and transcultural exchange, c. 1471–1874",V1,"Land, cosmology and authority",19th–20th century,1800,2000,broad museum dating,Ghana,,Asante,Unrecorded artist,unrecorded maker,unrecorded,,,Metropolitan Museum of Art,Met 310877,Metal-Implements,Brass,,H. 1 x W. 2 5/16 x D. 2 5/16 in. (2.5 x 6 x 6 cm),,"The Metropolitan Museum of Art records object 310877 as ""Gold Weight: Seed Pod"". Culture: Asante. Geographic attribution: Ghana. Date: 19th–20th century. Medium: Brass. Dimensions: H. 1 x W. 2 5/16 x D. 2 5/16 in. (2.5 x 6 x 6 cm). Credit line: The Michael C. Rockefeller Memorial Collection, Gift of William W. Brill, 1961. Maker unnamed in museum record.",ARED research note: This record forms part of Ghana's history of graphic design and visual communication. The interpretation below is ARED analysis supported by the cited source — not presented as direct institutional quotation.,,,"The Michael C. Rockefeller Memorial Collection, Gift of William W. Brill, 1961","The Michael C. Rockefeller Memorial Collection, Gift of William W. Brill, 1961",Metropolitan Museum of Art Collection Online,https://www.metmuseum.org/art/collection/search/310877,,,Museum object record 310877 accessed 2026-07-05.,2026-07-05,linked_record,check Met terms,not_required,verified,maker unnamed in source,,Met; Metal-Implements; Asante,2026-07-05-taxonomy-v1
ARED-GH-00012,Shells gold weight,,museum object,P2,"Coastal contact and transcultural exchange, c. 1471–1874",V1,"Land, cosmology and authority",19th–mid-20th century,1800,1950,broad museum dating,Côte d’Ivoire,,Akan peoples,Akan artist,artist/maker,institutional attribution,,,Metropolitan Museum of Art,Met 310913,Metal-Implements,Brass,,H. 1/2 × W. 1 1/8 × D. 1 1/8 in. (1.3 × 2.9 × 2.9 cm),,"The Metropolitan Museum of Art records object 310913 as ""Shells gold weight"". Culture: Akan peoples. Geographic attribution: Côte d’Ivoire. Date: 19th–mid-20th century. Medium: Brass. Dimensions: H. 1/2 × W. 1 1/8 × D. 1 1/8 in. (1.3 × 2.9 × 2.9 cm). Credit line: The Michael C. Rockefeller Memorial Collection, Gift of William W. Brill, 1961. Artist/maker field: Akan artist.",ARED research note: This record forms part of Ghana's history of graphic design and visual communication. The interpretation below is ARED analysis supported by the cited source — not presented as direct institutional quotation.,,,"The Michael C. Rockefeller Memorial Collection, Gift of William W. Brill, 1961","The Michael C. Rockefeller Memorial Collection, Gift of William W. Brill, 1961",Metropolitan Museum of Art Collection Online,https://www.metmuseum.org/art/collection/search/310913,,,Museum object record 310913 accessed 2026-07-05.,2026-07-05,linked_record,check Met terms,not_required,verified,museum places production in Côte d’Ivoire,,Met; Metal-Implements; Akan peoples,2026-07-05-taxonomy-v1
ARED-GH-00013,Akua 'ba figure,,museum object,P3,"Colonial print and institutional design, 1874–1945",V1,"Land, cosmology and authority",First half of 20th century,1900,1950,museum dated,Ghana,,Asante,Asante-Akan artist,artist/maker,institutional attribution,,,Metropolitan Museum of Art,Met 310941,Wood-Sculpture,"Wood, beads, fiber",,H. 12-3/4 in. (32.4 cm),,"The Metropolitan Museum of Art records object 310941 as ""Akua 'ba figure"". Culture: Asante. Geographic attribution: Ghana. Date: First half of 20th century. Medium: Wood, beads, fiber. Dimensions: H. 12-3/4 in. (32.4 cm). Credit line: The Michael C. Rockefeller Memorial Collection, Gift of William W. Brill, 1963. Artist/maker field: Asante-Akan artist.",ARED research note: This record forms part of Ghana's history of graphic design and visual communication. The interpretation below is ARED analysis supported by the cited source — not presented as direct institutional quotation.,,,"The Michael C. Rockefeller Memorial Collection, Gift of William W. Brill, 1963","The Michael C. Rockefeller Memorial Collection, Gift of William W. Brill, 1963",Metropolitan Museum of Art Collection Online,https://www.metmuseum.org/art/collection/search/310941,,,Museum object record 310941 accessed 2026-07-05.,2026-07-05,linked_record,check Met terms,not_required,verified,,,Met; Wood-Sculpture; Asante,2026-07-05-taxonomy-v1
ARED-GH-00014,Nsodie (memorial head),,museum object,P2,"Coastal contact and transcultural exchange, c. 1471–1874",V1,"Land, cosmology and authority",17th–mid-18th century,1600,1750,broad museum dating,Ghana,Twifo-Heman traditional area,Akan peoples,Akan artist,artist/maker,institutional attribution,,,Metropolitan Museum of Art,Met 311024,Ceramics-Sculpture,Terracotta,,H. 8 in. × W. 5 1/2 in. × D. 4 3/4 in. (20.3 × 14 × 12.1 cm),,"The Metropolitan Museum of Art records object 311024 as ""Nsodie (memorial head)"". Culture: Akan peoples. Geographic attribution: Ghana. Region: Twifo-Heman traditional area. Date: 17th–mid-18th century. Medium: Terracotta. Dimensions: H. 8 in. × W. 5 1/2 in. × D. 4 3/4 in. (20.3 × 14 × 12.1 cm). Credit line: The Michael C. Rockefeller Memorial Collection, Purchase, Nelson A. Rockefeller Gift, 1967. Artist/maker field: Akan artist.",ARED research note: This record forms part of Ghana's history of graphic design and visual communication. The interpretation below is ARED analysis supported by the cited source — not presented as direct institutional quotation.,,,"The Michael C. Rockefeller Memorial Collection, Purchase, Nelson A. Rockefeller Gift, 1967","The Michael C. Rockefeller Memorial Collection, Purchase, Nelson A. Rockefeller Gift, 1967",Metropolitan Museum of Art Collection Online,https://www.metmuseum.org/art/collection/search/311024,,,Museum object record 311024 accessed 2026-07-05.,2026-07-05,public domain (Met Open Access),Met Open Access where applicable,not_required,verified,,,Met; Ceramics-Sculpture; Akan peoples,2026-07-05-taxonomy-v1
ARED-GH-00015,Clan Pot (abusua kuruwa),,museum object,P2,"Coastal contact and transcultural exchange, c. 1471–1874",V1,"Land, cosmology and authority",19th–20th century,1800,2000,broad museum dating,Ghana,Kwahu traditional area,Akan peoples,Unrecorded artist,unrecorded maker,unrecorded,,,Metropolitan Museum of Art,Met 311027,Ceramics-Containers,"Terracotta, wax, mud, nests",,H. 17 1/2 x Diam. 11 7/16 in. (44.5 x 29 cm),,"The Metropolitan Museum of Art records object 311027 as ""Clan Pot (abusua kuruwa)"". Culture: Akan peoples. Geographic attribution: Ghana. Region: Kwahu traditional area. Date: 19th–20th century. Medium: Terracotta, wax, mud, nests. Dimensions: H. 17 1/2 x Diam. 11 7/16 in. (44.5 x 29 cm). Credit line: The Michael C. Rockefeller Memorial Collection, Gift of Ernst Anspach, 1968. Maker unnamed in museum record.",ARED research note: This record forms part of Ghana's history of graphic design and visual communication. The interpretation below is ARED analysis supported by the cited source — not presented as direct institutional quotation.,,,"The Michael C. Rockefeller Memorial Collection, Gift of Ernst Anspach, 1968","The Michael C. Rockefeller Memorial Collection, Gift of Ernst Anspach, 1968",Metropolitan Museum of Art Collection Online,https://www.metmuseum.org/art/collection/search/311027,,,Museum object record 311027 accessed 2026-07-05.,2026-07-05,linked_record,check Met terms,not_required,verified,maker unnamed in source,,Met; Ceramics-Containers; Akan peoples,2026-07-05-taxonomy-v1
ARED-GH-00016,Gold Weight: Fish,,museum object,P2,"Coastal contact and transcultural exchange, c. 1471–1874",V1,"Land, cosmology and authority",19th–20th century,1800,2000,broad museum dating,Ghana,,Asante,Unrecorded artist,unrecorded maker,unrecorded,,,Metropolitan Museum of Art,Met 311028,Metal-Implements,Brass,,H. 3 1/4 x W. 5 11/16 in. (8.3 x 14.5 cm),,"The Metropolitan Museum of Art records object 311028 as ""Gold Weight: Fish"". Culture: Asante. Geographic attribution: Ghana. Date: 19th–20th century. Medium: Brass. Dimensions: H. 3 1/4 x W. 5 11/16 in. (8.3 x 14.5 cm). Credit line: The Michael C. Rockefeller Memorial Collection, Gift of Nelson A. Rockefeller, 1969. Maker unnamed in museum record.",ARED research note: This record forms part of Ghana's history of graphic design and visual communication. The interpretation below is ARED analysis supported by the cited source — not presented as direct institutional quotation.,,,"The Michael C. Rockefeller Memorial Collection, Gift of Nelson A. Rockefeller, 1969","The Michael C. Rockefeller Memorial Collection, Gift of Nelson A. Rockefeller, 1969",Metropolitan Museum of Art Collection Online,https://www.metmuseum.org/art/collection/search/311028,,,Museum object record 311028 accessed 2026-07-05.,2026-07-05,linked_record,check Met terms,not_required,verified,maker unnamed in source,,Met; Metal-Implements; Asante,2026-07-05-taxonomy-v1
ARED-GH-00017,Container (Kuduo),,museum object,P2,"Coastal contact and transcultural exchange, c. 1471–1874",V1,"Land, cosmology and authority",18th–19th century,1700,1800,broad museum dating,Ghana,,"Akan peoples, Asante",Unrecorded artist,unrecorded maker,unrecorded,,,Metropolitan Museum of Art,Met 312170,Metal-Containers,Brass,,H. 10 3/4 x W. 7 3/4 x D. 7 13/16 in. (27.3 x 19.7 x 19.9 cm),,"The Metropolitan Museum of Art records object 312170 as ""Container (Kuduo)"". Culture: Akan peoples, Asante. Geographic attribution: Ghana. Date: 18th–19th century. Medium: Brass. Dimensions: H. 10 3/4 x W. 7 3/4 x D. 7 13/16 in. (27.3 x 19.7 x 19.9 cm). Credit line: The Michael C. Rockefeller Memorial Collection, Bequest of Nelson A. Rockefeller, 1979. Maker unnamed in museum record.",ARED research note: This record forms part of Ghana's history of graphic design and visual communication. The interpretation below is ARED analysis supported by the cited source — not presented as direct institutional quotation.,,,"The Michael C. Rockefeller Memorial Collection, Bequest of Nelson A. Rockefeller, 1979","The Michael C. Rockefeller Memorial Collection, Bequest of Nelson A. Rockefeller, 1979",Metropolitan Museum of Art Collection Online,https://www.metmuseum.org/art/collection/search/312170,,,Museum object record 312170 accessed 2026-07-05.,2026-07-05,public domain (Met Open Access),Met Open Access where applicable,not_required,verified,maker unnamed in source,,"Met; Metal-Containers; Akan peoples, Asante",2026-07-05-taxonomy-v1
ARED-GH-00018,Figure: Buffalo Head,,museum object,P2,"Coastal contact and transcultural exchange, c. 1471–1874",V1,"Land, cosmology and authority",19th–20th century,1800,2000,broad museum dating,Togo or Ghana (possibly Kpandu),,Ewe peoples,Unrecorded artist,unrecorded maker,unrecorded,,,Metropolitan Museum of Art,Met 312173,Ceramics-Sculpture,Terracotta,,H. 9 x W. 9 1/8 x D. 4 5/8 in. (22.9 x 23.2 x 11.7 cm),,"The Metropolitan Museum of Art records object 312173 as ""Figure: Buffalo Head"". Culture: Ewe peoples. Geographic attribution: Togo or Ghana (possibly Kpandu). Date: 19th–20th century. Medium: Terracotta. Dimensions: H. 9 x W. 9 1/8 x D. 4 5/8 in. (22.9 x 23.2 x 11.7 cm). Credit line: The Michael C. Rockefeller Memorial Collection, Bequest of Nelson A. Rockefeller, 1979. Maker unnamed in museum record.",ARED research note: This record forms part of Ghana's history of graphic design and visual communication. The interpretation below is ARED analysis supported by the cited source — not presented as direct institutional quotation.,,,"The Michael C. Rockefeller Memorial Collection, Bequest of Nelson A. Rockefeller, 1979","The Michael C. Rockefeller Memorial Collection, Bequest of Nelson A. Rockefeller, 1979",Metropolitan Museum of Art Collection Online,https://www.metmuseum.org/art/collection/search/312173,,,Museum object record 312173 accessed 2026-07-05.,2026-07-05,linked_record,check Met terms,not_required,verified,maker unnamed in source,,Met; Ceramics-Sculpture; Ewe peoples,2026-07-05-taxonomy-v1
ARED-GH-00019,Abamphruwa (gold-dust box),,museum object,P2,"Coastal contact and transcultural exchange, c. 1471–1874",V1,"Land, cosmology and authority",19th–first quarter of 20th century,1800,1920,broad museum dating,Ghana,,Asante,Asante-Akan artist,artist/maker,institutional attribution,,,Metropolitan Museum of Art,Met 312226,Metal-Containers,Brass,,H. 1 1/4 × W. 1 1/2 × D. 3 3/16 in. (3.2 × 3.8 × 8.2 cm),,"The Metropolitan Museum of Art records object 312226 as ""Abamphruwa (gold-dust box)"". Culture: Asante. Geographic attribution: Ghana. Date: 19th–first quarter of 20th century. Medium: Brass. Dimensions: H. 1 1/4 × W. 1 1/2 × D. 3 3/16 in. (3.2 × 3.8 × 8.2 cm). Credit line: The Michael C. Rockefeller Memorial Collection, Bequest of Nelson A. Rockefeller, 1979. Artist/maker field: Asante-Akan artist.",ARED research note: This record forms part of Ghana's history of graphic design and visual communication. The interpretation below is ARED analysis supported by the cited source — not presented as direct institutional quotation.,,,"The Michael C. Rockefeller Memorial Collection, Bequest of Nelson A. Rockefeller, 1979","The Michael C. Rockefeller Memorial Collection, Bequest of Nelson A. Rockefeller, 1979",Metropolitan Museum of Art Collection Online,https://www.metmuseum.org/art/collection/search/312226,,,Museum object record 312226 accessed 2026-07-05.,2026-07-05,linked_record,check Met terms,not_required,verified,,,Met; Metal-Containers; Asante,2026-07-05-taxonomy-v1
ARED-GH-00020,Gold Dust Box (abamphruwa),,museum object,P2,"Coastal contact and transcultural exchange, c. 1471–1874",V1,"Land, cosmology and authority",19th–20th century,1800,2000,broad museum dating,Ghana,,"Akan peoples, Asante",Unrecorded artist,unrecorded maker,unrecorded,,,Metropolitan Museum of Art,Met 312227,Metal-Containers,Brass,,L. 3 3/32 x D. 3 1/16 in. (7.9 x 7.8 cm),,"The Metropolitan Museum of Art records object 312227 as ""Gold Dust Box (abamphruwa)"". Culture: Akan peoples, Asante. Geographic attribution: Ghana. Date: 19th–20th century. Medium: Brass. Dimensions: L. 3 3/32 x D. 3 1/16 in. (7.9 x 7.8 cm). Credit line: The Michael C. Rockefeller Memorial Collection, Bequest of Nelson A. Rockefeller, 1979. Maker unnamed in museum record.",ARED research note: This record forms part of Ghana's history of graphic design and visual communication. The interpretation below is ARED analysis supported by the cited source — not presented as direct institutional quotation.,,,"The Michael C. Rockefeller Memorial Collection, Bequest of Nelson A. Rockefeller, 1979","The Michael C. Rockefeller Memorial Collection, Bequest of Nelson A. Rockefeller, 1979",Metropolitan Museum of Art Collection Online,https://www.metmuseum.org/art/collection/search/312227,,,Museum object record 312227 accessed 2026-07-05.,2026-07-05,linked_record,check Met terms,not_required,verified,maker unnamed in source,,"Met; Metal-Containers; Akan peoples, Asante",2026-07-05-taxonomy-v1
ARED-GH-00021,Gold Weight: Mask,,museum object,P2,"Coastal contact and transcultural exchange, c. 1471–1874",V1,"Land, cosmology and authority",17th–18th century (?),1600,1800,broad museum dating,Ghana,,Brong,Unrecorded artist,unrecorded maker,unrecorded,,,Metropolitan Museum of Art,Met 312262,Metal-Sculpture,Brass,,H. 7 1/2 x W. 3 7/8 x D. 2 5/8 in. (19.1 x 9.9 x 6.7 cm),,"The Metropolitan Museum of Art records object 312262 as ""Gold Weight: Mask"". Culture: Brong. Geographic attribution: Ghana. Date: 17th–18th century (?). Medium: Brass. Dimensions: H. 7 1/2 x W. 3 7/8 x D. 2 5/8 in. (19.1 x 9.9 x 6.7 cm). Credit line: The Michael C. Rockefeller Memorial Collection, Bequest of Nelson A. Rockefeller, 1979. Maker unnamed in museum record.",ARED research note: This record forms part of Ghana's history of graphic design and visual communication. The interpretation below is ARED analysis supported by the cited source — not presented as direct institutional quotation.,,,"The Michael C. Rockefeller Memorial Collection, Bequest of Nelson A. Rockefeller, 1979","The Michael C. Rockefeller Memorial Collection, Bequest of Nelson A. Rockefeller, 1979",Metropolitan Museum of Art Collection Online,https://www.metmuseum.org/art/collection/search/312262,,,Museum object record 312262 accessed 2026-07-05.,2026-07-05,public domain (Met Open Access),Met Open Access where applicable,not_required,verified,maker unnamed in source,,Met; Metal-Sculpture; Brong,2026-07-05-taxonomy-v1
ARED-GH-00022,Gold Weight: Chameleon,,museum object,P2,"Coastal contact and transcultural exchange, c. 1471–1874",V1,"Land, cosmology and authority",19th–20th century,1800,2000,broad museum dating,Ghana,,Asante,Unrecorded artist,unrecorded maker,unrecorded,,,Metropolitan Museum of Art,Met 312272,Metal-Implements,Brass,,H. 3 5/8 x W. 1 1/4 x D. 1 3/4 in. (9.2 x 3.2 x 4.5 cm),,"The Metropolitan Museum of Art records object 312272 as ""Gold Weight: Chameleon"". Culture: Asante. Geographic attribution: Ghana. Date: 19th–20th century. Medium: Brass. Dimensions: H. 3 5/8 x W. 1 1/4 x D. 1 3/4 in. (9.2 x 3.2 x 4.5 cm). Credit line: The Michael C. Rockefeller Memorial Collection, Bequest of Nelson A. Rockefeller, 1979. Maker unnamed in museum record.",ARED research note: This record forms part of Ghana's history of graphic design and visual communication. The interpretation below is ARED analysis supported by the cited source — not presented as direct institutional quotation.,,,"The Michael C. Rockefeller Memorial Collection, Bequest of Nelson A. Rockefeller, 1979","The Michael C. Rockefeller Memorial Collection, Bequest of Nelson A. Rockefeller, 1979",Metropolitan Museum of Art Collection Online,https://www.metmuseum.org/art/collection/search/312272,,,Museum object record 312272 accessed 2026-07-05.,2026-07-05,linked_record,check Met terms,not_required,verified,maker unnamed in source,,Met; Metal-Implements; Asante,2026-07-05-taxonomy-v1
ARED-GH-00023,Lion Ornament,,museum object,P2,"Coastal contact and transcultural exchange, c. 1471–1874",V1,"Land, cosmology and authority",19th century,1800,1897,museum dated,Ghana,,"Akan peoples, Asante group",Asante-Akan artist,artist/maker,institutional attribution,,,Metropolitan Museum of Art,Met 312427,Metal-Ornaments,Gold,,H. 1 1/2 x  W. 2 1/8 x  D. 2 1/4 in. (3.8 x 5.4 x 5.7cm),,"The Metropolitan Museum of Art records object 312427 as ""Lion Ornament"". Culture: Akan peoples, Asante group. Geographic attribution: Ghana. Date: 19th century. Medium: Gold. Dimensions: H. 1 1/2 x  W. 2 1/8 x  D. 2 1/4 in. (3.8 x 5.4 x 5.7cm). Credit line: The Michael C. Rockefeller Memorial Collection, Bequest of Nelson A. Rockefeller, 1979. Artist/maker field: Asante-Akan artist.",ARED research note: This record forms part of Ghana's history of graphic design and visual communication. The interpretation below is ARED analysis supported by the cited source — not presented as direct institutional quotation.,,,"The Michael C. Rockefeller Memorial Collection, Bequest of Nelson A. Rockefeller, 1979","The Michael C. Rockefeller Memorial Collection, Bequest of Nelson A. Rockefeller, 1979",Metropolitan Museum of Art Collection Online,https://www.metmuseum.org/art/collection/search/312427,,,Museum object record 312427 accessed 2026-07-05.,2026-07-05,public domain (Met Open Access),Met Open Access where applicable,not_required,verified,,,"Met; Metal-Ornaments; Akan peoples, Asante group",2026-07-05-taxonomy-v1
ARED-GH-00024,Lion Ornament,,museum object,P2,"Coastal contact and transcultural exchange, c. 1471–1874",V1,"Land, cosmology and authority",19th century,1800,1897,museum dated,Ghana,,"Akan peoples, Asante",Asante-Akan artist,artist/maker,institutional attribution,,,Metropolitan Museum of Art,Met 312428,Metal-Ornaments,Gold,,H. 1 1/2 × W. 2 1/8 × D. 2 1/4 in. (3.8 × 5.4 × 5.7 cm),,"The Metropolitan Museum of Art records object 312428 as ""Lion Ornament"". Culture: Akan peoples, Asante. Geographic attribution: Ghana. Date: 19th century. Medium: Gold. Dimensions: H. 1 1/2 × W. 2 1/8 × D. 2 1/4 in. (3.8 × 5.4 × 5.7 cm). Credit line: The Michael C. Rockefeller Memorial Collection, Bequest of Nelson A. Rockefeller, 1979. Artist/maker field: Asante-Akan artist.",ARED research note: This record forms part of Ghana's history of graphic design and visual communication. The interpretation below is ARED analysis supported by the cited source — not presented as direct institutional quotation.,,,"The Michael C. Rockefeller Memorial Collection, Bequest of Nelson A. Rockefeller, 1979","The Michael C. Rockefeller Memorial Collection, Bequest of Nelson A. Rockefeller, 1979",Metropolitan Museum of Art Collection Online,https://www.metmuseum.org/art/collection/search/312428,,,Museum object record 312428 accessed 2026-07-05.,2026-07-05,public domain (Met Open Access),Met Open Access where applicable,not_required,verified,,,"Met; Metal-Ornaments; Akan peoples, Asante",2026-07-05-taxonomy-v1
ARED-GH-00025,Gold Weight: Couple with Bellows,,museum object,P2,"Coastal contact and transcultural exchange, c. 1471–1874",V1,"Land, cosmology and authority",19th–20th century,1800,2000,broad museum dating,Ghana,,Asante,Unrecorded artist,unrecorded maker,unrecorded,,,Metropolitan Museum of Art,Met 312444,Metal-Implements,Brass,,H. 1 1/2 x W. 2 1/2 x D. 4 in. (3.8 x 6.4 x 10.2 cm),,"The Metropolitan Museum of Art records object 312444 as ""Gold Weight: Couple with Bellows"". Culture: Asante. Geographic attribution: Ghana. Date: 19th–20th century. Medium: Brass. Dimensions: H. 1 1/2 x W. 2 1/2 x D. 4 in. (3.8 x 6.4 x 10.2 cm). Credit line: The Michael C. Rockefeller Memorial Collection, Bequest of Nelson A. Rockefeller, 1979. Maker unnamed in museum record.",ARED research note: This record forms part of Ghana's history of graphic design and visual communication. The interpretation below is ARED analysis supported by the cited source — not presented as direct institutional quotation.,,,"The Michael C. Rockefeller Memorial Collection, Bequest of Nelson A. Rockefeller, 1979","The Michael C. Rockefeller Memorial Collection, Bequest of Nelson A. Rockefeller, 1979",Metropolitan Museum of Art Collection Online,https://www.metmuseum.org/art/collection/search/312444,,,Museum object record 312444 accessed 2026-07-05.,2026-07-05,linked_record,check Met terms,not_required,verified,maker unnamed in source,,Met; Metal-Implements; Asante,2026-07-05-taxonomy-v1
ARED-GH-00026,Gold Weight,,museum object,P2,"Coastal contact and transcultural exchange, c. 1471–1874",V1,"Land, cosmology and authority",19th–20th century,1800,2000,broad museum dating,Ghana,,Asante,Unrecorded artist,unrecorded maker,unrecorded,,,Metropolitan Museum of Art,Met 312482,Metal-Implements,Brass,,H. 1/2 x W.  2 in. (1.3 x 5.1 cm),,"The Metropolitan Museum of Art records object 312482 as ""Gold Weight"". Culture: Asante. Geographic attribution: Ghana. Date: 19th–20th century. Medium: Brass. Dimensions: H. 1/2 x W.  2 in. (1.3 x 5.1 cm). Credit line: The Michael C. Rockefeller Memorial Collection, Bequest of Nelson A. Rockefeller, 1979. Maker unnamed in museum record.",ARED research note: This record forms part of Ghana's history of graphic design and visual communication. The interpretation below is ARED analysis supported by the cited source — not presented as direct institutional quotation.,,,"The Michael C. Rockefeller Memorial Collection, Bequest of Nelson A. Rockefeller, 1979","The Michael C. Rockefeller Memorial Collection, Bequest of Nelson A. Rockefeller, 1979",Metropolitan Museum of Art Collection Online,https://www.metmuseum.org/art/collection/search/312482,,,Museum object record 312482 accessed 2026-07-05.,2026-07-05,linked_record,check Met terms,not_required,verified,maker unnamed in source,,Met; Metal-Implements; Asante,2026-07-05-taxonomy-v1
ARED-GH-00027,Wrapper,,museum object,P3,"Colonial print and institutional design, 1874–1945",V3,"Cloth, pattern and social identity",20th century,1900,2000,museum dated,Ghana,,Ewe peoples,Unrecorded artist,unrecorded maker,unrecorded,,,Metropolitan Museum of Art,Met 316799,Textiles-Woven,Cotton,,Length 103 inches by width 66 inches.,,"The Metropolitan Museum of Art records object 316799 as ""Wrapper"". Culture: Ewe peoples. Geographic attribution: Ghana. Date: 20th century. Medium: Cotton. Dimensions: Length 103 inches by width 66 inches.. Credit line: Gift of Bill and Gale Simmons, 1993. Maker unnamed in museum record.","ARED research note: Woven and stamped textiles in Ghana operate as systems of pattern, identity and social communication. This interpretation is ARED analysis based on the object record and textile scholarship — not a direct museum quotation.",,,"Gift of Bill and Gale Simmons, 1993","Gift of Bill and Gale Simmons, 1993",Metropolitan Museum of Art Collection Online,https://www.metmuseum.org/art/collection/search/316799,,,Museum object record 316799 accessed 2026-07-05.,2026-07-05,linked_record,check Met terms,not_required,verified,maker unnamed in source,,Met; Textiles-Woven; Ewe peoples,2026-07-05-taxonomy-v1
ARED-GH-00028,Wrapper,,museum object,P3,"Colonial print and institutional design, 1874–1945",V3,"Cloth, pattern and social identity",20th century,1900,2000,museum dated,Ghana,,Asante,Unrecorded artist,unrecorded maker,unrecorded,,,Metropolitan Museum of Art,Met 316800,Textiles-Woven,"Rayon, cotton",,Overall: 99 x 56 1/2in. (251.5 x 143.5cm),,"The Metropolitan Museum of Art records object 316800 as ""Wrapper"". Culture: Asante. Geographic attribution: Ghana. Date: 20th century. Medium: Rayon, cotton. Dimensions: Overall: 99 x 56 1/2in. (251.5 x 143.5cm). Credit line: Gift of Bill and Gale Simmons, 1993. Maker unnamed in museum record.","ARED research note: Woven and stamped textiles in Ghana operate as systems of pattern, identity and social communication. This interpretation is ARED analysis based on the object record and textile scholarship — not a direct museum quotation.",,,"Gift of Bill and Gale Simmons, 1993","Gift of Bill and Gale Simmons, 1993",Metropolitan Museum of Art Collection Online,https://www.metmuseum.org/art/collection/search/316800,,,Museum object record 316800 accessed 2026-07-05.,2026-07-05,linked_record,check Met terms,not_required,verified,maker unnamed in source,,Met; Textiles-Woven; Asante,2026-07-05-taxonomy-v1
ARED-GH-00029,Geometric gold weight,,museum object,P2,"Coastal contact and transcultural exchange, c. 1471–1874",V1,"Land, cosmology and authority",18th–19th century,1700,1800,broad museum dating,Côte d’Ivoire,,Akan peoples,Akan artist,artist/maker,institutional attribution,,,Metropolitan Museum of Art,Met 317673,Metal-Implements,Brass,,H. 5/16 × W. 1 1/8 × D. 1 1/4 in. (0.8 × 2.9 × 3.2 cm),,"The Metropolitan Museum of Art records object 317673 as ""Geometric gold weight"". Culture: Akan peoples. Geographic attribution: Côte d’Ivoire. Date: 18th–19th century. Medium: Brass. Dimensions: H. 5/16 × W. 1 1/8 × D. 1 1/4 in. (0.8 × 2.9 × 3.2 cm). Credit line: Gift of Ernst Anspach, 1994. Artist/maker field: Akan artist.",ARED research note: This record forms part of Ghana's history of graphic design and visual communication. The interpretation below is ARED analysis supported by the cited source — not presented as direct institutional quotation.,,,"Gift of Ernst Anspach, 1994","Gift of Ernst Anspach, 1994",Metropolitan Museum of Art Collection Online,https://www.metmuseum.org/art/collection/search/317673,,,Museum object record 317673 accessed 2026-07-05.,2026-07-05,public domain (Met Open Access),Met Open Access where applicable,not_required,verified,museum places production in Côte d’Ivoire,,Met; Metal-Implements; Akan peoples,2026-07-05-taxonomy-v1
ARED-GH-00030,Geometric gold weight,,museum object,P2,"Coastal contact and transcultural exchange, c. 1471–1874",V1,"Land, cosmology and authority",18th–19th century,1700,1900,broad museum dating,Côte d’Ivoire,,Akan peoples,Akan artist,artist/maker,institutional attribution,,,Metropolitan Museum of Art,Met 317674,Metal-Implements,Brass,,H. 5/8 × W. 1 7/8 × D. 1 7/8 in. (1.6 × 4.8 × 4.8 cm),,"The Metropolitan Museum of Art records object 317674 as ""Geometric gold weight"". Culture: Akan peoples. Geographic attribution: Côte d’Ivoire. Date: 18th–19th century. Medium: Brass. Dimensions: H. 5/8 × W. 1 7/8 × D. 1 7/8 in. (1.6 × 4.8 × 4.8 cm). Credit line: Gift of Ernst Anspach, 1994. Artist/maker field: Akan artist.",ARED research note: This record forms part of Ghana's history of graphic design and visual communication. The interpretation below is ARED analysis supported by the cited source — not presented as direct institutional quotation.,,,"Gift of Ernst Anspach, 1994","Gift of Ernst Anspach, 1994",Metropolitan Museum of Art Collection Online,https://www.metmuseum.org/art/collection/search/317674,,,Museum object record 317674 accessed 2026-07-05.,2026-07-05,public domain (Met Open Access),Met Open Access where applicable,not_required,verified,museum places production in Côte d’Ivoire,,Met; Metal-Implements; Akan peoples,2026-07-05-taxonomy-v1
ARED-GH-00031,Geometric gold weight,,museum object,P2,"Coastal contact and transcultural exchange, c. 1471–1874",V1,"Land, cosmology and authority",16th–17th century,1500,1700,broad museum dating,Côte d’Ivoire,,Akan peoples,Akan artist,artist/maker,institutional attribution,,,Metropolitan Museum of Art,Met 317675,Metal-Implements,Brass,,H. 1 1/8 × W. 1 7/8 × D. 1/2 in. (2.9 × 4.8 × 1.3 cm),,"The Metropolitan Museum of Art records object 317675 as ""Geometric gold weight"". Culture: Akan peoples. Geographic attribution: Côte d’Ivoire. Date: 16th–17th century. Medium: Brass. Dimensions: H. 1 1/8 × W. 1 7/8 × D. 1/2 in. (2.9 × 4.8 × 1.3 cm). Credit line: Gift of Ernst Anspach, 1994. Artist/maker field: Akan artist.",ARED research note: This record forms part of Ghana's history of graphic design and visual communication. The interpretation below is ARED analysis supported by the cited source — not presented as direct institutional quotation.,,,"Gift of Ernst Anspach, 1994","Gift of Ernst Anspach, 1994",Metropolitan Museum of Art Collection Online,https://www.metmuseum.org/art/collection/search/317675,,,Museum object record 317675 accessed 2026-07-05.,2026-07-05,public domain (Met Open Access),Met Open Access where applicable,not_required,verified,museum places production in Côte d’Ivoire,,Met; Metal-Implements; Akan peoples,2026-07-05-taxonomy-v1
ARED-GH-00032,Geometric gold weight,,museum object,P2,"Coastal contact and transcultural exchange, c. 1471–1874",V1,"Land, cosmology and authority",16th–17th century,1500,1700,broad museum dating,Côte d’Ivoire,,Akan peoples,Akan artist,artist/maker,institutional attribution,,,Metropolitan Museum of Art,Met 317676,Metal-Implements,Brass,,H. 1 15/16 × W. 1 1/8 × D. 5/8 in. (4.9 × 2.9 × 1.6 cm),,"The Metropolitan Museum of Art records object 317676 as ""Geometric gold weight"". Culture: Akan peoples. Geographic attribution: Côte d’Ivoire. Date: 16th–17th century. Medium: Brass. Dimensions: H. 1 15/16 × W. 1 1/8 × D. 5/8 in. (4.9 × 2.9 × 1.6 cm). Credit line: Gift of Ernst Anspach, 1994. Artist/maker field: Akan artist.",ARED research note: This record forms part of Ghana's history of graphic design and visual communication. The interpretation below is ARED analysis supported by the cited source — not presented as direct institutional quotation.,,,"Gift of Ernst Anspach, 1994","Gift of Ernst Anspach, 1994",Metropolitan Museum of Art Collection Online,https://www.metmuseum.org/art/collection/search/317676,,,Museum object record 317676 accessed 2026-07-05.,2026-07-05,public domain (Met Open Access),Met Open Access where applicable,not_required,verified,museum places production in Côte d’Ivoire,,Met; Metal-Implements; Akan peoples,2026-07-05-taxonomy-v1
ARED-GH-00033,Gold Weight: Geometric,,museum object,P2,"Coastal contact and transcultural exchange, c. 1471–1874",V1,"Land, cosmology and authority",18th–19th century,1700,1800,broad museum dating,Ghana,,Akan peoples,Unrecorded artist,unrecorded maker,unrecorded,,,Metropolitan Museum of Art,Met 317677,Metal-Implements,Brass,,Length 3/4 in.,,"The Metropolitan Museum of Art records object 317677 as ""Gold Weight: Geometric"". Culture: Akan peoples. Geographic attribution: Ghana. Date: 18th–19th century. Medium: Brass. Dimensions: Length 3/4 in.. Credit line: Gift of Ernst Anspach, 1994. Maker unnamed in museum record.",ARED research note: This record forms part of Ghana's history of graphic design and visual communication. The interpretation below is ARED analysis supported by the cited source — not presented as direct institutional quotation.,,,"Gift of Ernst Anspach, 1994","Gift of Ernst Anspach, 1994",Metropolitan Museum of Art Collection Online,https://www.metmuseum.org/art/collection/search/317677,,,Museum object record 317677 accessed 2026-07-05.,2026-07-05,public domain (Met Open Access),Met Open Access where applicable,not_required,verified,maker unnamed in source,,Met; Metal-Implements; Akan peoples,2026-07-05-taxonomy-v1
ARED-GH-00034,Gold Weight: Geometric,,museum object,P2,"Coastal contact and transcultural exchange, c. 1471–1874",V1,"Land, cosmology and authority",18th–19th century,1700,1800,broad museum dating,Ghana,,Akan peoples,Unrecorded artist,unrecorded maker,unrecorded,,,Metropolitan Museum of Art,Met 317678,Metal-Implements,Brass,,Length 5/8 in.,,"The Metropolitan Museum of Art records object 317678 as ""Gold Weight: Geometric"". Culture: Akan peoples. Geographic attribution: Ghana. Date: 18th–19th century. Medium: Brass. Dimensions: Length 5/8 in.. Credit line: Gift of Ernst Anspach, 1994. Maker unnamed in museum record.",ARED research note: This record forms part of Ghana's history of graphic design and visual communication. The interpretation below is ARED analysis supported by the cited source — not presented as direct institutional quotation.,,,"Gift of Ernst Anspach, 1994","Gift of Ernst Anspach, 1994",Metropolitan Museum of Art Collection Online,https://www.metmuseum.org/art/collection/search/317678,,,Museum object record 317678 accessed 2026-07-05.,2026-07-05,public domain (Met Open Access),Met Open Access where applicable,not_required,verified,maker unnamed in source,,Met; Metal-Implements; Akan peoples,2026-07-05-taxonomy-v1
ARED-GH-00035,Sword gold weight,,museum object,P2,"Coastal contact and transcultural exchange, c. 1471–1874",V1,"Land, cosmology and authority",18th–19th century,1700,1900,broad museum dating,Côte d’Ivoire,,Akan peoples,Akan artist,artist/maker,institutional attribution,,,Metropolitan Museum of Art,Met 317679,Metal-Implements,Brass,,H. 3 1/8 × W. 3/4 × D. 5/8 in. (7.9 × 1.9 × 1.6 cm),,"The Metropolitan Museum of Art records object 317679 as ""Sword gold weight"". Culture: Akan peoples. Geographic attribution: Côte d’Ivoire. Date: 18th–19th century. Medium: Brass. Dimensions: H. 3 1/8 × W. 3/4 × D. 5/8 in. (7.9 × 1.9 × 1.6 cm). Credit line: Gift of Ernst Anspach, 1994. Artist/maker field: Akan artist.",ARED research note: This record forms part of Ghana's history of graphic design and visual communication. The interpretation below is ARED analysis supported by the cited source — not presented as direct institutional quotation.,,,"Gift of Ernst Anspach, 1994","Gift of Ernst Anspach, 1994",Metropolitan Museum of Art Collection Online,https://www.metmuseum.org/art/collection/search/317679,,,Museum object record 317679 accessed 2026-07-05.,2026-07-05,public domain (Met Open Access),Met Open Access where applicable,not_required,verified,museum places production in Côte d’Ivoire,,Met; Metal-Implements; Akan peoples,2026-07-05-taxonomy-v1
ARED-GH-00036,Gold Weight: Ceremonial Whisk,,museum object,P2,"Coastal contact and transcultural exchange, c. 1471–1874",V1,"Land, cosmology and authority",18th–19th century,1700,1800,broad museum dating,Ghana,,Akan peoples,Unrecorded artist,unrecorded maker,unrecorded,,,Metropolitan Museum of Art,Met 317680,Metal-Implements,Brass,,H x W x D: 3 7/8 x 7/8 x 7/8 in. (9.8 x 2.2 x 2.2 cm),,"The Metropolitan Museum of Art records object 317680 as ""Gold Weight: Ceremonial Whisk"". Culture: Akan peoples. Geographic attribution: Ghana. Date: 18th–19th century. Medium: Brass. Dimensions: H x W x D: 3 7/8 x 7/8 x 7/8 in. (9.8 x 2.2 x 2.2 cm). Credit line: Gift of Ernst Anspach, 1994. Maker unnamed in museum record.",ARED research note: This record forms part of Ghana's history of graphic design and visual communication. The interpretation below is ARED analysis supported by the cited source — not presented as direct institutional quotation.,,,"Gift of Ernst Anspach, 1994","Gift of Ernst Anspach, 1994",Metropolitan Museum of Art Collection Online,https://www.metmuseum.org/art/collection/search/317680,,,Museum object record 317680 accessed 2026-07-05.,2026-07-05,public domain (Met Open Access),Met Open Access where applicable,not_required,verified,maker unnamed in source,,Met; Metal-Implements; Akan peoples,2026-07-05-taxonomy-v1
ARED-GH-00037,Gold Weight: Shield,,museum object,P2,"Coastal contact and transcultural exchange, c. 1471–1874",V1,"Land, cosmology and authority",18th–19th century,1700,1800,broad museum dating,Ghana,,Akan peoples,Unrecorded artist,unrecorded maker,unrecorded,,,Metropolitan Museum of Art,Met 317681,Metal-Implements,Brass,,Length 1-3/8 in.,,"The Metropolitan Museum of Art records object 317681 as ""Gold Weight: Shield"". Culture: Akan peoples. Geographic attribution: Ghana. Date: 18th–19th century. Medium: Brass. Dimensions: Length 1-3/8 in.. Credit line: Gift of Ernst Anspach, 1994. Maker unnamed in museum record.",ARED research note: This record forms part of Ghana's history of graphic design and visual communication. The interpretation below is ARED analysis supported by the cited source — not presented as direct institutional quotation.,,,"Gift of Ernst Anspach, 1994","Gift of Ernst Anspach, 1994",Metropolitan Museum of Art Collection Online,https://www.metmuseum.org/art/collection/search/317681,,,Museum object record 317681 accessed 2026-07-05.,2026-07-05,public domain (Met Open Access),Met Open Access where applicable,not_required,verified,maker unnamed in source,,Met; Metal-Implements; Akan peoples,2026-07-05-taxonomy-v1
ARED-GH-00038,Gold Weight: Amulet,,museum object,P2,"Coastal contact and transcultural exchange, c. 1471–1874",V1,"Land, cosmology and authority",18th–19th century,1700,1800,broad museum dating,Ghana,,Akan peoples,Unrecorded artist,unrecorded maker,unrecorded,,,Metropolitan Museum of Art,Met 317682,Metal-Implements,Brass,,H x W x D: 1 3/4 x 3/8 x 1/4 in. (4.4 x 1 x 0.6 cm),,"The Metropolitan Museum of Art records object 317682 as ""Gold Weight: Amulet"". Culture: Akan peoples. Geographic attribution: Ghana. Date: 18th–19th century. Medium: Brass. Dimensions: H x W x D: 1 3/4 x 3/8 x 1/4 in. (4.4 x 1 x 0.6 cm). Credit line: Gift of Ernst Anspach, 1994. Maker unnamed in museum record.",ARED research note: This record forms part of Ghana's history of graphic design and visual communication. The interpretation below is ARED analysis supported by the cited source — not presented as direct institutional quotation.,,,"Gift of Ernst Anspach, 1994","Gift of Ernst Anspach, 1994",Metropolitan Museum of Art Collection Online,https://www.metmuseum.org/art/collection/search/317682,,,Museum object record 317682 accessed 2026-07-05.,2026-07-05,public domain (Met Open Access),Met Open Access where applicable,not_required,verified,maker unnamed in source,,Met; Metal-Implements; Akan peoples,2026-07-05-taxonomy-v1
ARED-GH-00039,Gold Weight,,museum object,P2,"Coastal contact and transcultural exchange, c. 1471–1874",V1,"Land, cosmology and authority",18th–19th century,1700,1800,broad museum dating,Ghana,,Akan peoples,Unrecorded artist,unrecorded maker,unrecorded,,,Metropolitan Museum of Art,Met 317683,Metal-Implements,Brass,,H. 1 3/4 × W. 5/8 × D. 1/4 in. (4.4 × 1.6 × 0.6 cm),,"The Metropolitan Museum of Art records object 317683 as ""Gold Weight"". Culture: Akan peoples. Geographic attribution: Ghana. Date: 18th–19th century. Medium: Brass. Dimensions: H. 1 3/4 × W. 5/8 × D. 1/4 in. (4.4 × 1.6 × 0.6 cm). Credit line: Gift of Ernst Anspach, 1994. Maker unnamed in museum record.",ARED research note: This record forms part of Ghana's history of graphic design and visual communication. The interpretation below is ARED analysis supported by the cited source — not presented as direct institutional quotation.,,,"Gift of Ernst Anspach, 1994","Gift of Ernst Anspach, 1994",Metropolitan Museum of Art Collection Online,https://www.metmuseum.org/art/collection/search/317683,,,Museum object record 317683 accessed 2026-07-05.,2026-07-05,public domain (Met Open Access),Met Open Access where applicable,not_required,verified,maker unnamed in source,,Met; Metal-Implements; Akan peoples,2026-07-05-taxonomy-v1
ARED-GH-00040,Chair gold weight,,museum object,P2,"Coastal contact and transcultural exchange, c. 1471–1874",V1,"Land, cosmology and authority",18th–19th century,1700,1900,broad museum dating,Côte d’Ivoire,,Akan,Akan artist,artist/maker,institutional attribution,,,Metropolitan Museum of Art,Met 317684,Metal-Implements,Brass,,H. 1 7/8 × W. 1 1/8 × D. 1 1/4 in. (4.8 × 2.9 × 3.2 cm),,"The Metropolitan Museum of Art records object 317684 as ""Chair gold weight"". Culture: Akan. Geographic attribution: Côte d’Ivoire. Date: 18th–19th century. Medium: Brass. Dimensions: H. 1 7/8 × W. 1 1/8 × D. 1 1/4 in. (4.8 × 2.9 × 3.2 cm). Credit line: Gift of Ernst Anspach, 1994. Artist/maker field: Akan artist.",ARED research note: This record forms part of Ghana's history of graphic design and visual communication. The interpretation below is ARED analysis supported by the cited source — not presented as direct institutional quotation.,,,"Gift of Ernst Anspach, 1994","Gift of Ernst Anspach, 1994",Metropolitan Museum of Art Collection Online,https://www.metmuseum.org/art/collection/search/317684,,,Museum object record 317684 accessed 2026-07-05.,2026-07-05,public domain (Met Open Access),Met Open Access where applicable,not_required,verified,museum places production in Côte d’Ivoire,,Met; Metal-Implements; Akan,2026-07-05-taxonomy-v1
ARED-GH-00041,Gold Weight,,museum object,P2,"Coastal contact and transcultural exchange, c. 1471–1874",V1,"Land, cosmology and authority",18th–19th century,1700,1800,broad museum dating,Ghana,,Akan peoples,Unrecorded artist,unrecorded maker,unrecorded,,,Metropolitan Museum of Art,Met 317685,Metal-Implements,Brass,,Height 1-1/4 in.,,"The Metropolitan Museum of Art records object 317685 as ""Gold Weight"". Culture: Akan peoples. Geographic attribution: Ghana. Date: 18th–19th century. Medium: Brass. Dimensions: Height 1-1/4 in.. Credit line: Gift of Ernst Anspach, 1994. Maker unnamed in museum record.",ARED research note: This record forms part of Ghana's history of graphic design and visual communication. The interpretation below is ARED analysis supported by the cited source — not presented as direct institutional quotation.,,,"Gift of Ernst Anspach, 1994","Gift of Ernst Anspach, 1994",Metropolitan Museum of Art Collection Online,https://www.metmuseum.org/art/collection/search/317685,,,Museum object record 317685 accessed 2026-07-05.,2026-07-05,public domain (Met Open Access),Met Open Access where applicable,not_required,verified,maker unnamed in source,,Met; Metal-Implements; Akan peoples,2026-07-05-taxonomy-v1
ARED-GH-00042,Stool gold weight,,museum object,P2,"Coastal contact and transcultural exchange, c. 1471–1874",V1,"Land, cosmology and authority",18th–19th century,1700,1900,broad museum dating,Côte d’Ivoire,,Akan peoples,Akan artist,artist/maker,institutional attribution,,,Metropolitan Museum of Art,Met 317686,Metal-Implements,Brass,,H. 5/8 × W. 1 3/16 × D. 5/8 in. (1.6 × 3 × 1.6 cm),,"The Metropolitan Museum of Art records object 317686 as ""Stool gold weight"". Culture: Akan peoples. Geographic attribution: Côte d’Ivoire. Date: 18th–19th century. Medium: Brass. Dimensions: H. 5/8 × W. 1 3/16 × D. 5/8 in. (1.6 × 3 × 1.6 cm). Credit line: Gift of Ernst Anspach, 1994. Artist/maker field: Akan artist.",ARED research note: This record forms part of Ghana's history of graphic design and visual communication. The interpretation below is ARED analysis supported by the cited source — not presented as direct institutional quotation.,,,"Gift of Ernst Anspach, 1994","Gift of Ernst Anspach, 1994",Metropolitan Museum of Art Collection Online,https://www.metmuseum.org/art/collection/search/317686,,,Museum object record 317686 accessed 2026-07-05.,2026-07-05,public domain (Met Open Access),Met Open Access where applicable,not_required,verified,museum places production in Côte d’Ivoire,,Met; Metal-Implements; Akan peoples,2026-07-05-taxonomy-v1
ARED-GH-00043,Gold Weight,,museum object,P2,"Coastal contact and transcultural exchange, c. 1471–1874",V1,"Land, cosmology and authority",18th–19th century,1700,1800,broad museum dating,Ghana,,Akan peoples,Unrecorded artist,unrecorded maker,unrecorded,,,Metropolitan Museum of Art,Met 317687,Metal-Implements,Brass,,W. 1/2 × L. 3 3/4 in. (1.3 × 9.5 cm),,"The Metropolitan Museum of Art records object 317687 as ""Gold Weight"". Culture: Akan peoples. Geographic attribution: Ghana. Date: 18th–19th century. Medium: Brass. Dimensions: W. 1/2 × L. 3 3/4 in. (1.3 × 9.5 cm). Credit line: Gift of Ernst Anspach, 1994. Maker unnamed in museum record.",ARED research note: This record forms part of Ghana's history of graphic design and visual communication. The interpretation below is ARED analysis supported by the cited source — not presented as direct institutional quotation.,,,"Gift of Ernst Anspach, 1994","Gift of Ernst Anspach, 1994",Metropolitan Museum of Art Collection Online,https://www.metmuseum.org/art/collection/search/317687,,,Museum object record 317687 accessed 2026-07-05.,2026-07-05,public domain (Met Open Access),Met Open Access where applicable,not_required,verified,maker unnamed in source,,Met; Metal-Implements; Akan peoples,2026-07-05-taxonomy-v1
ARED-GH-00044,Gold Weight: Bird (Sankofa),,museum object,P2,"Coastal contact and transcultural exchange, c. 1471–1874",V1,"Land, cosmology and authority",18th–19th century,1700,1800,broad museum dating,Ghana,,Akan peoples,Akan artist,artist/maker,institutional attribution,,,Metropolitan Museum of Art,Met 317688,Metal-Implements,Brass,,Height 1-3/4 in.,,"The Metropolitan Museum of Art records object 317688 as ""Gold Weight: Bird (Sankofa)"". Culture: Akan peoples. Geographic attribution: Ghana. Date: 18th–19th century. Medium: Brass. Dimensions: Height 1-3/4 in.. Credit line: Gift of Ernst Anspach, 1994. Artist/maker field: Akan artist.",ARED research note: This record forms part of Ghana's history of graphic design and visual communication. The interpretation below is ARED analysis supported by the cited source — not presented as direct institutional quotation.,,,"Gift of Ernst Anspach, 1994","Gift of Ernst Anspach, 1994",Metropolitan Museum of Art Collection Online,https://www.metmuseum.org/art/collection/search/317688,,,Museum object record 317688 accessed 2026-07-05.,2026-07-05,public domain (Met Open Access),Met Open Access where applicable,not_required,verified,,,Met; Metal-Implements; Akan peoples,2026-07-05-taxonomy-v1
ARED-GH-00045,Gold Weight,,museum object,P2,"Coastal contact and transcultural exchange, c. 1471–1874",V1,"Land, cosmology and authority",18th–19th century,1700,1897,broad museum dating,Ghana,,Akan peoples,Unrecorded artist,unrecorded maker,unrecorded,,,Metropolitan Museum of Art,Met 317689,Metal-Implements,Brass,,H. 1 3/8 x W. 1/2 in. (3.5 x 1.3cm),,"The Metropolitan Museum of Art records object 317689 as ""Gold Weight"". Culture: Akan peoples. Geographic attribution: Ghana. Date: 18th–19th century. Medium: Brass. Dimensions: H. 1 3/8 x W. 1/2 in. (3.5 x 1.3cm). Credit line: Gift of Ernst Anspach, 1994. Maker unnamed in museum record.",ARED research note: This record forms part of Ghana's history of graphic design and visual communication. The interpretation below is ARED analysis supported by the cited source — not presented as direct institutional quotation.,,,"Gift of Ernst Anspach, 1994","Gift of Ernst Anspach, 1994",Metropolitan Museum of Art Collection Online,https://www.metmuseum.org/art/collection/search/317689,,,Museum object record 317689 accessed 2026-07-05.,2026-07-05,public domain (Met Open Access),Met Open Access where applicable,not_required,verified,maker unnamed in source,,Met; Metal-Implements; Akan peoples,2026-07-05-taxonomy-v1
ARED-GH-00046,Gold Weight: Janus Bird,,museum object,P2,"Coastal contact and transcultural exchange, c. 1471–1874",V1,"Land, cosmology and authority",18th–19th century,1700,1800,broad museum dating,Ghana,,Akan peoples,Unrecorded artist,unrecorded maker,unrecorded,,,Metropolitan Museum of Art,Met 317690,Metal-Implements,Brass,,H. 1 5/8 × W. 7/8 × D. 2 1/2 in. (4.1 × 2.2 × 6.4 cm),,"The Metropolitan Museum of Art records object 317690 as ""Gold Weight: Janus Bird"". Culture: Akan peoples. Geographic attribution: Ghana. Date: 18th–19th century. Medium: Brass. Dimensions: H. 1 5/8 × W. 7/8 × D. 2 1/2 in. (4.1 × 2.2 × 6.4 cm). Credit line: Gift of Ernst Anspach, 1994. Maker unnamed in museum record.",ARED research note: This record forms part of Ghana's history of graphic design and visual communication. The interpretation below is ARED analysis supported by the cited source — not presented as direct institutional quotation.,,,"Gift of Ernst Anspach, 1994","Gift of Ernst Anspach, 1994",Metropolitan Museum of Art Collection Online,https://www.metmuseum.org/art/collection/search/317690,,,Museum object record 317690 accessed 2026-07-05.,2026-07-05,public domain (Met Open Access),Met Open Access where applicable,not_required,verified,maker unnamed in source,,Met; Metal-Implements; Akan peoples,2026-07-05-taxonomy-v1
ARED-GH-00047,Chicken's head gold weight,,museum object,P2,"Coastal contact and transcultural exchange, c. 1471–1874",V1,"Land, cosmology and authority",18th–19th century,1700,1900,broad museum dating,Ghana,,Akan peoples,Akan artist,artist/maker,institutional attribution,,,Metropolitan Museum of Art,Met 317691,Metal-Implements,Brass,,Length 1/2 in.,,"The Metropolitan Museum of Art records object 317691 as ""Chicken's head gold weight"". Culture: Akan peoples. Geographic attribution: Ghana. Date: 18th–19th century. Medium: Brass. Dimensions: Length 1/2 in.. Credit line: Gift of Ernst Anspach, 1994. Artist/maker field: Akan artist.",ARED research note: This record forms part of Ghana's history of graphic design and visual communication. The interpretation below is ARED analysis supported by the cited source — not presented as direct institutional quotation.,,,"Gift of Ernst Anspach, 1994","Gift of Ernst Anspach, 1994",Metropolitan Museum of Art Collection Online,https://www.metmuseum.org/art/collection/search/317691,,,Museum object record 317691 accessed 2026-07-05.,2026-07-05,public domain (Met Open Access),Met Open Access where applicable,not_required,verified,,,Met; Metal-Implements; Akan peoples,2026-07-05-taxonomy-v1
ARED-GH-00048,Gold Weight: Mudfish,,museum object,P2,"Coastal contact and transcultural exchange, c. 1471–1874",V1,"Land, cosmology and authority",18th–19th century,1700,1800,broad museum dating,Ghana,,Akan peoples,Unrecorded artist,unrecorded maker,unrecorded,,,Metropolitan Museum of Art,Met 317692,Metal-Implements,Brass,,Height 1-7/8 in.,,"The Metropolitan Museum of Art records object 317692 as ""Gold Weight: Mudfish"". Culture: Akan peoples. Geographic attribution: Ghana. Date: 18th–19th century. Medium: Brass. Dimensions: Height 1-7/8 in.. Credit line: Gift of Ernst Anspach, 1994. Maker unnamed in museum record.",ARED research note: This record forms part of Ghana's history of graphic design and visual communication. The interpretation below is ARED analysis supported by the cited source — not presented as direct institutional quotation.,,,"Gift of Ernst Anspach, 1994","Gift of Ernst Anspach, 1994",Metropolitan Museum of Art Collection Online,https://www.metmuseum.org/art/collection/search/317692,,,Museum object record 317692 accessed 2026-07-05.,2026-07-05,public domain (Met Open Access),Met Open Access where applicable,not_required,verified,maker unnamed in source,,Met; Metal-Implements; Akan peoples,2026-07-05-taxonomy-v1
ARED-GH-00049,Gold Weight: Mother and Child,,museum object,P2,"Coastal contact and transcultural exchange, c. 1471–1874",V1,"Land, cosmology and authority",18th–19th century,1700,1800,broad museum dating,Ghana,,Akan peoples,Unrecorded artist,unrecorded maker,unrecorded,,,Metropolitan Museum of Art,Met 317693,Metal-Implements,Brass,,Height 2-1/8 in.,,"The Metropolitan Museum of Art records object 317693 as ""Gold Weight: Mother and Child"". Culture: Akan peoples. Geographic attribution: Ghana. Date: 18th–19th century. Medium: Brass. Dimensions: Height 2-1/8 in.. Credit line: Gift of Ernst Anspach, 1994. Maker unnamed in museum record.",ARED research note: This record forms part of Ghana's history of graphic design and visual communication. The interpretation below is ARED analysis supported by the cited source — not presented as direct institutional quotation.,,,"Gift of Ernst Anspach, 1994","Gift of Ernst Anspach, 1994",Metropolitan Museum of Art Collection Online,https://www.metmuseum.org/art/collection/search/317693,,,Museum object record 317693 accessed 2026-07-05.,2026-07-05,public domain (Met Open Access),Met Open Access where applicable,not_required,verified,maker unnamed in source,,Met; Metal-Implements; Akan peoples,2026-07-05-taxonomy-v1
ARED-GH-00050,Gold Weight: Male with Bird,,museum object,P2,"Coastal contact and transcultural exchange, c. 1471–1874",V1,"Land, cosmology and authority",18th–19th century,1700,1800,broad museum dating,Ghana,,Akan peoples,Unrecorded artist,unrecorded maker,unrecorded,,,Metropolitan Museum of Art,Met 317694,Metal-Implements,Brass,,Height 1-5/8 in.,,"The Metropolitan Museum of Art records object 317694 as ""Gold Weight: Male with Bird"". Culture: Akan peoples. Geographic attribution: Ghana. Date: 18th–19th century. Medium: Brass. Dimensions: Height 1-5/8 in.. Credit line: Gift of Ernst Anspach, 1994. Maker unnamed in museum record.",ARED research note: This record forms part of Ghana's history of graphic design and visual communication. The interpretation below is ARED analysis supported by the cited source — not presented as direct institutional quotation.,,,"Gift of Ernst Anspach, 1994","Gift of Ernst Anspach, 1994",Metropolitan Museum of Art Collection Online,https://www.metmuseum.org/art/collection/search/317694,,,Museum object record 317694 accessed 2026-07-05.,2026-07-05,public domain (Met Open Access),Met Open Access where applicable,not_required,verified,maker unnamed in source,,Met; Metal-Implements; Akan peoples,2026-07-05-taxonomy-v1
ARED-GH-00051,Gold Weight: Seated Male,,museum object,P2,"Coastal contact and transcultural exchange, c. 1471–1874",V1,"Land, cosmology and authority",18th–19th century,1700,1800,broad museum dating,Ghana,,Akan peoples,Unrecorded artist,unrecorded maker,unrecorded,,,Metropolitan Museum of Art,Met 317695,Metal-Implements,Brass,,Height 1-1/4 in.,,"The Metropolitan Museum of Art records object 317695 as ""Gold Weight: Seated Male"". Culture: Akan peoples. Geographic attribution: Ghana. Date: 18th–19th century. Medium: Brass. Dimensions: Height 1-1/4 in.. Credit line: Gift of Ernst Anspach, 1994. Maker unnamed in museum record.",ARED research note: This record forms part of Ghana's history of graphic design and visual communication. The interpretation below is ARED analysis supported by the cited source — not presented as direct institutional quotation.,,,"Gift of Ernst Anspach, 1994","Gift of Ernst Anspach, 1994",Metropolitan Museum of Art Collection Online,https://www.metmuseum.org/art/collection/search/317695,,,Museum object record 317695 accessed 2026-07-05.,2026-07-05,public domain (Met Open Access),Met Open Access where applicable,not_required,verified,maker unnamed in source,,Met; Metal-Implements; Akan peoples,2026-07-05-taxonomy-v1
ARED-GH-00052,Gold Weight,,museum object,P3,"Colonial print and institutional design, 1874–1945",V1,"Land, cosmology and authority",20th century,1900,2000,museum dated,Ghana,,Akan peoples,Unrecorded artist,unrecorded maker,unrecorded,,,Metropolitan Museum of Art,Met 317907,Metal-Implements,Brass,,W. 1 1/8 × L. 1 7/8 in. (2.9 × 4.8 cm),,"The Metropolitan Museum of Art records object 317907 as ""Gold Weight"". Culture: Akan peoples. Geographic attribution: Ghana. Date: 20th century. Medium: Brass. Dimensions: W. 1 1/8 × L. 1 7/8 in. (2.9 × 4.8 cm). Credit line: Gift of Drs. John and Nicole Dintenfass, 1998. Maker unnamed in museum record.",ARED research note: This record forms part of Ghana's history of graphic design and visual communication. The interpretation below is ARED analysis supported by the cited source — not presented as direct institutional quotation.,,,"Gift of Drs. John and Nicole Dintenfass, 1998","Gift of Drs. John and Nicole Dintenfass, 1998",Metropolitan Museum of Art Collection Online,https://www.metmuseum.org/art/collection/search/317907,,,Museum object record 317907 accessed 2026-07-05.,2026-07-05,linked_record,check Met terms,not_required,verified,maker unnamed in source,,Met; Metal-Implements; Akan peoples,2026-07-05-taxonomy-v1
ARED-GH-00053,Kente Prestige Cloth,,museum object,P2,"Coastal contact and transcultural exchange, c. 1471–1874",V3,"Cloth, pattern and social identity",19th century,1800,1800,museum dated,Ghana,,Asante peoples,Unrecorded artist,unrecorded maker,unrecorded,,,Metropolitan Museum of Art,Met 85576,Textiles,"Cotton, silk",,[no dimensions available],,"The Metropolitan Museum of Art records object 85576 as ""Kente Prestige Cloth"". Culture: Asante peoples. Geographic attribution: Ghana. Date: 19th century. Medium: Cotton, silk. Dimensions: [no dimensions available]. Credit line: Purchase, Irene Lewisohn Bequest, 1972. Maker unnamed in museum record.","ARED research note: Woven and stamped textiles in Ghana operate as systems of pattern, identity and social communication. This interpretation is ARED analysis based on the object record and textile scholarship — not a direct museum quotation.",,,"Purchase, Irene Lewisohn Bequest, 1972","Purchase, Irene Lewisohn Bequest, 1972",Metropolitan Museum of Art Collection Online,https://www.metmuseum.org/art/collection/search/85576,,,Museum object record 85576 accessed 2026-07-05.,2026-07-05,public domain (Met Open Access),Met Open Access where applicable,not_required,verified,maker unnamed in source,,Met; Textiles; Asante peoples,2026-07-05-taxonomy-v1
ARED-GH-00054,"Model Posing for Agip Calendar, Accra",,museum object,P5,"Post-independence public and popular graphics, 1966–1992",V6,Popular and everyday graphics,"1974, printed later",1974,1974,museum dated,Ghana,,"Africa, Ghana","Africa, Ghana",maker,institutional attribution,,,Cleveland Museum of Art,2021.239,Photograph,inkjet print,inkjet print,Image: 19.9 x 19.8 cm (7 13/16 x 7 13/16 in.); Paper: 22 x 21.8 cm (8 11/16 x 8 9/16 in.),,"The Cleveland Museum of Art records accession 2021.239 as ""Model Posing for Agip Calendar, Accra"". Date: 1974, printed later. Culture: Africa, Ghana. Technique/material: inkjet print. Measurements: Image: 19.9 x 19.8 cm (7 13/16 x 7 13/16 in.); Paper: 22 x 21.8 cm (8 11/16 x 8 9/16 in.). Tombstone: Model Posing for Agip Calendar, Accra, 1974, printed later. James Barnor (Ghanaian, b. 1929). Inkjet print; image: 19.9 x 19.8 cm (7 13/16 x 7 13/16 in.); paper: 22 x 21.8 cm (8 11/16 x 8 9/16 in.). The Cleveland Museum of Art, Transfer from Ingalls Library, 2021.239.","ARED research note: Popular graphics, photography and advertising in Ghana form part of the country's visual communication history. This interpretation is ARED analysis based on the object record — not a direct museum quotation.",,,"Model Posing for Agip Calendar, Accra, 1974, printed later. James Barnor (Ghanaian, b. 1929). Inkjet print; image: 19.9 x 19.8 cm (7 13/16 x 7 13/16 in.); paper: 22 x 21.8 cm (8 11/16 x 8 9/16 in.). The Cleveland Museum of Art, Transfer from Ingalls Library, 2021.239","Model Posing for Agip Calendar, Accra, 1974, printed later. James Barnor (Ghanaian, b. 1929). Inkjet print; image: 19.9 x 19.8 cm (7 13/16 x 7 13/16 in.); paper: 22 x 21.8 cm (8 11/16 x 8 9/16 in.). The Cleveland Museum of Art, Transfer from Ingalls Library, 2021.239",Cleveland Museum of Art Open Access,https://clevelandart.org/art/2021.239,,,Cleveland accession 2021.239 accessed 2026-07-05.,2026-07-05,linked_record,Copyrighted,assess where culturally governed,verified,,,Cleveland; Photograph; Ghana,2026-07-05-taxonomy-v1
ARED-GH-00055,Gold Weight (abrammuo): Geometric Form,,museum object,P2,"Coastal contact and transcultural exchange, c. 1471–1874",V1,"Land, cosmology and authority",1800s,1800,1899,museum dated,Ghana,,"Africa, West Africa, Ghana, Akan-style artist","Africa, West Africa, Ghana, Akan-style artist",maker,institutional attribution,,,Cleveland Museum of Art,1962.244,Tools and Equipment,Copper alloy,Copper alloy,Overall: 2.4 x 1.4 x 1.2 cm (15/16 x 9/16 x 1/2 in.),,"The Cleveland Museum of Art records accession 1962.244 as ""Gold Weight (abrammuo): Geometric Form"". Date: 1800s. Culture: Africa, West Africa, Ghana, Akan-style artist. Technique/material: Copper alloy. Measurements: Overall: 2.4 x 1.4 x 1.2 cm (15/16 x 9/16 x 1/2 in.). Tombstone: Gold Weight (abrammuo): Geometric Form, 1800s. Africa, West Africa, Ghana, Akan-style artist. Copper alloy; overall: 2.4 x 1.4 x 1.2 cm (15/16 x 9/16 x 1/2 in.). The Cleveland Museum of Art, Gift of Mr. and Mrs. Robert M. Hornung, 1962.244.",ARED research note: This record forms part of Ghana's history of graphic design and visual communication. The interpretation below is ARED analysis supported by the cited source — not presented as direct institutional quotation.,,,"Gold Weight (abrammuo): Geometric Form, 1800s. Africa, West Africa, Ghana, Akan-style artist. Copper alloy; overall: 2.4 x 1.4 x 1.2 cm (15/16 x 9/16 x 1/2 in.). The Cleveland Museum of Art, Gift of Mr. and Mrs. Robert M. Hornung, 1962.244","Gold Weight (abrammuo): Geometric Form, 1800s. Africa, West Africa, Ghana, Akan-style artist. Copper alloy; overall: 2.4 x 1.4 x 1.2 cm (15/16 x 9/16 x 1/2 in.). The Cleveland Museum of Art, Gift of Mr. and Mrs. Robert M. Hornung, 1962.244",Cleveland Museum of Art Open Access,https://clevelandart.org/art/1962.244,,,Cleveland accession 1962.244 accessed 2026-07-05.,2026-07-05,CC0,CC0,assess where culturally governed,verified,,,Cleveland; Tools and Equipment; Ghana,2026-07-05-taxonomy-v1
ARED-GH-00056,Memorial head (nsodie),,museum object,P2,"Coastal contact and transcultural exchange, c. 1471–1874",V1,"Land, cosmology and authority",late 1600s–early 1700s,1675,1725,museum dated,Ghana,,"Ghana, Akan-style sculpture, unknown female ceramicist",Unrecorded artist,maker,institutional attribution,,,Cleveland Museum of Art,1990.22,Sculpture,Terracotta,Terracotta,Overall: 19.1 x 13.6 x 15.5 cm (7 1/2 x 5 3/8 x 6 1/8 in.),,"The Cleveland Museum of Art records accession 1990.22 as ""Memorial head (nsodie)"". Date: late 1600s–early 1700s. Culture: Ghana, Akan-style sculpture, unknown female ceramicist. Technique/material: Terracotta. Measurements: Overall: 19.1 x 13.6 x 15.5 cm (7 1/2 x 5 3/8 x 6 1/8 in.). Tombstone: Memorial head (nsodie), late 1600s–early 1700s. Ghana, Akan-style sculpture, unknown female ceramicist. Terracotta; overall: 19.1 x 13.6 x 15.5 cm (7 1/2 x 5 3/8 x 6 1/8 in.). The Cleveland Museum of Art, Edwin R. and Harriet Pelton Perkins Memorial Fund, 1990.22.",ARED research note: This record forms part of Ghana's history of graphic design and visual communication. The interpretation below is ARED analysis supported by the cited source — not presented as direct institutional quotation.,,,"Memorial head (nsodie), late 1600s–early 1700s. Ghana, Akan-style sculpture, unknown female ceramicist. Terracotta; overall: 19.1 x 13.6 x 15.5 cm (7 1/2 x 5 3/8 x 6 1/8 in.). The Cleveland Museum of Art, Edwin R. and Harriet Pelton Perkins Memorial Fund, 1990.22","Memorial head (nsodie), late 1600s–early 1700s. Ghana, Akan-style sculpture, unknown female ceramicist. Terracotta; overall: 19.1 x 13.6 x 15.5 cm (7 1/2 x 5 3/8 x 6 1/8 in.). The Cleveland Museum of Art, Edwin R. and Harriet Pelton Perkins Memorial Fund, 1990.22",Cleveland Museum of Art Open Access,https://clevelandart.org/art/1990.22,,,Cleveland accession 1990.22 accessed 2026-07-05.,2026-07-05,CC0,CC0,assess where culturally governed,verified,,,Cleveland; Sculpture; Ghana,2026-07-05-taxonomy-v1
ARED-GH-00057,Female Figure (akua'ba),,museum object,P3,"Colonial print and institutional design, 1874–1945",V1,"Land, cosmology and authority",late 1800s–early 1900s,1880,1920,museum dated,Ghana,,"Africa, West Africa, Ghana, Fante-style maker","Africa, West Africa, Ghana, Fante-style maker",maker,institutional attribution,,,Cleveland Museum of Art,1975.158,Sculpture,"Wood, hair, resin, and bone","Wood, hair, resin, and bone",Overall: 42.9 x 4.6 x 5.1 cm (16 7/8 x 1 13/16 x 2 in.),,"The Cleveland Museum of Art records accession 1975.158 as ""Female Figure (akua'ba)"". Date: late 1800s–early 1900s. Culture: Africa, West Africa, Ghana, Fante-style maker. Technique/material: Wood, hair, resin, and bone. Measurements: Overall: 42.9 x 4.6 x 5.1 cm (16 7/8 x 1 13/16 x 2 in.). Tombstone: Female Figure (akua'ba), late 1800s–early 1900s. Africa, West Africa, Ghana, Fante-style maker. Wood, hair, resin, and bone; overall: 42.9 x 4.6 x 5.1 cm (16 7/8 x 1 13/16 x 2 in.). The Cleveland Museum of Art, Gift of Katherine C. White, 1975.158.",ARED research note: This record forms part of Ghana's history of graphic design and visual communication. The interpretation below is ARED analysis supported by the cited source — not presented as direct institutional quotation.,,,"Female Figure (akua'ba), late 1800s–early 1900s. Africa, West Africa, Ghana, Fante-style maker. Wood, hair, resin, and bone; overall: 42.9 x 4.6 x 5.1 cm (16 7/8 x 1 13/16 x 2 in.). The Cleveland Museum of Art, Gift of Katherine C. White, 1975.158","Female Figure (akua'ba), late 1800s–early 1900s. Africa, West Africa, Ghana, Fante-style maker. Wood, hair, resin, and bone; overall: 42.9 x 4.6 x 5.1 cm (16 7/8 x 1 13/16 x 2 in.). The Cleveland Museum of Art, Gift of Katherine C. White, 1975.158",Cleveland Museum of Art Open Access,https://clevelandart.org/art/1975.158,,,Cleveland accession 1975.158 accessed 2026-07-05.,2026-07-05,CC0,CC0,assess where culturally governed,verified,,,Cleveland; Sculpture; Ghana,2026-07-05-taxonomy-v1
ARED-GH-00058,Disk Pendant (akrafokɔnmu),,museum object,P2,"Coastal contact and transcultural exchange, c. 1471–1874",V1,"Land, cosmology and authority","1800s, before 1871; pin added later",1800,1870,museum dated,Ghana,,"Africa, West Africa, Ghana, Asante Empire/ Kingdom, member of the goldsmiths’ guild","Africa, West Africa, Ghana, Asante Empire/ Kingdom, member of the goldsmiths’ guild",maker,institutional attribution,,,Cleveland Museum of Art,1944.290,Jewelry,Gold,Gold,Overall: 7 x 7.6 x 1.6 cm (2 3/4 x 3 x 5/8 in.),,"The Cleveland Museum of Art records accession 1944.290 as ""Disk Pendant (akrafokɔnmu)"". Date: 1800s, before 1871; pin added later. Culture: Africa, West Africa, Ghana, Asante Empire/ Kingdom, member of the goldsmiths’ guild. Technique/material: Gold. Measurements: Overall: 7 x 7.6 x 1.6 cm (2 3/4 x 3 x 5/8 in.). Tombstone: Disk Pendant (akrafokɔnmu), 1800s, before 1871; pin added later. Africa, West Africa, Ghana, Asante Empire/ Kingdom, member of the goldsmiths’ guild. Gold; overall: 7 x 7.6 x 1.6 cm (2 3/4 x 3 x 5/8 in.). The Cleveland Museum of Art, James Albert Ford Memorial Fund, 1944.290.",ARED research note: This record forms part of Ghana's history of graphic design and visual communication. The interpretation below is ARED analysis supported by the cited source — not presented as direct institutional quotation.,,,"Disk Pendant (akrafokɔnmu), 1800s, before 1871; pin added later. Africa, West Africa, Ghana, Asante Empire/ Kingdom, member of the goldsmiths’ guild. Gold; overall: 7 x 7.6 x 1.6 cm (2 3/4 x 3 x 5/8 in.). The Cleveland Museum of Art, James Albert Ford Memorial Fund, 1944.290","Disk Pendant (akrafokɔnmu), 1800s, before 1871; pin added later. Africa, West Africa, Ghana, Asante Empire/ Kingdom, member of the goldsmiths’ guild. Gold; overall: 7 x 7.6 x 1.6 cm (2 3/4 x 3 x 5/8 in.). The Cleveland Museum of Art, James Albert Ford Memorial Fund, 1944.290",Cleveland Museum of Art Open Access,https://clevelandart.org/art/1944.290,,,Cleveland accession 1944.290 accessed 2026-07-05.,2026-07-05,CC0,CC0,assess where culturally governed,verified,,,Cleveland; Jewelry; Ghana,2026-07-05-taxonomy-v1
ARED-GH-00059,Figure (baàthíl),,museum object,P3,"Colonial print and institutional design, 1874–1945",V1,"Land, cosmology and authority",c. 1900,1895,1905,museum dated,Ghana,,"Burkina Faso, Ghana, or Côte d’Ivoire, Lobi–style artist","Burkina Faso, Ghana, or Côte d’Ivoire, Lobi–style artist",maker,institutional attribution,,,Cleveland Museum of Art,1967.152,Sculpture,Wood and organic materials,Wood and organic materials,Overall: 63.6 cm (25 1/16 in.),,"The Cleveland Museum of Art records accession 1967.152 as ""Figure (baàthíl)"". Date: c. 1900. Culture: Burkina Faso, Ghana, or Côte d’Ivoire, Lobi–style artist. Technique/material: Wood and organic materials. Measurements: Overall: 63.6 cm (25 1/16 in.). Tombstone: Figure (baàthíl), c. 1900. Burkina Faso, Ghana, or Côte d’Ivoire, Lobi–style artist. Wood and organic materials; overall: 63.6 cm (25 1/16 in.). The Cleveland Museum of Art, Gift in memory of Mr. and Mrs. Ralph M. Coe from various donors, 1967.152.",ARED research note: This record forms part of Ghana's history of graphic design and visual communication. The interpretation below is ARED analysis supported by the cited source — not presented as direct institutional quotation.,,,"Figure (baàthíl), c. 1900. Burkina Faso, Ghana, or Côte d’Ivoire, Lobi–style artist. Wood and organic materials; overall: 63.6 cm (25 1/16 in.). The Cleveland Museum of Art, Gift in memory of Mr. and Mrs. Ralph M. Coe from various donors, 1967.152","Figure (baàthíl), c. 1900. Burkina Faso, Ghana, or Côte d’Ivoire, Lobi–style artist. Wood and organic materials; overall: 63.6 cm (25 1/16 in.). The Cleveland Museum of Art, Gift in memory of Mr. and Mrs. Ralph M. Coe from various donors, 1967.152",Cleveland Museum of Art Open Access,https://clevelandart.org/art/1967.152,,,Cleveland accession 1967.152 accessed 2026-07-05.,2026-07-05,CC0,CC0,assess where culturally governed,verified,,,Cleveland; Sculpture; Ghana,2026-07-05-taxonomy-v1
ARED-GH-00060,Head,,museum object,P2,"Coastal contact and transcultural exchange, c. 1471–1874",V1,"Land, cosmology and authority",1650–1700,1650,1700,museum dated,Ghana,,"Africa, West Africa, Ghana, Akan-style artist","Africa, West Africa, Ghana, Akan-style artist",maker,institutional attribution,,,Cleveland Museum of Art,1975.157,Sculpture,terracotta,terracotta,Overall: 12.7 cm (5 in.),,"The Cleveland Museum of Art records accession 1975.157 as ""Head"". Date: 1650–1700. Culture: Africa, West Africa, Ghana, Akan-style artist. Technique/material: terracotta. Measurements: Overall: 12.7 cm (5 in.). Tombstone: Head, 1650–1700. Africa, West Africa, Ghana, Akan-style artist. Terracotta; overall: 12.7 cm (5 in.). The Cleveland Museum of Art, Gift of Katherine C. White, 1975.157.",ARED research note: This record forms part of Ghana's history of graphic design and visual communication. The interpretation below is ARED analysis supported by the cited source — not presented as direct institutional quotation.,,,"Head, 1650–1700. Africa, West Africa, Ghana, Akan-style artist. Terracotta; overall: 12.7 cm (5 in.). The Cleveland Museum of Art, Gift of Katherine C. White, 1975.157","Head, 1650–1700. Africa, West Africa, Ghana, Akan-style artist. Terracotta; overall: 12.7 cm (5 in.). The Cleveland Museum of Art, Gift of Katherine C. White, 1975.157",Cleveland Museum of Art Open Access,https://clevelandart.org/art/1975.157,,,Cleveland accession 1975.157 accessed 2026-07-05.,2026-07-05,CC0,CC0,assess where culturally governed,verified,,,Cleveland; Sculpture; Ghana,2026-07-05-taxonomy-v1
ARED-GH-00061,Female Figure (akua'ba),,museum object,P3,"Colonial print and institutional design, 1874–1945",V1,"Land, cosmology and authority",1925–50,1925,1950,museum dated,Ghana,,"Africa, West Africa, Ghana, Akan-style artist","Africa, West Africa, Ghana, Akan-style artist",maker,institutional attribution,,,Cleveland Museum of Art,1974.211,Sculpture,"Wood, glass beads, and natural fiber","Wood, glass beads, and natural fiber",Overall: 35 cm (13 3/4 in.),,"The Cleveland Museum of Art records accession 1974.211 as ""Female Figure (akua'ba)"". Date: 1925–50. Culture: Africa, West Africa, Ghana, Akan-style artist. Technique/material: Wood, glass beads, and natural fiber. Measurements: Overall: 35 cm (13 3/4 in.). Tombstone: Female Figure (akua'ba), 1925–50. Africa, West Africa, Ghana, Akan-style artist. Wood, glass beads, and natural fiber; overall: 35 cm (13 3/4 in.). The Cleveland Museum of Art, Gift of Katherine C. White, 1974.211.",ARED research note: This record forms part of Ghana's history of graphic design and visual communication. The interpretation below is ARED analysis supported by the cited source — not presented as direct institutional quotation.,,,"Female Figure (akua'ba), 1925–50. Africa, West Africa, Ghana, Akan-style artist. Wood, glass beads, and natural fiber; overall: 35 cm (13 3/4 in.). The Cleveland Museum of Art, Gift of Katherine C. White, 1974.211","Female Figure (akua'ba), 1925–50. Africa, West Africa, Ghana, Akan-style artist. Wood, glass beads, and natural fiber; overall: 35 cm (13 3/4 in.). The Cleveland Museum of Art, Gift of Katherine C. White, 1974.211",Cleveland Museum of Art Open Access,https://clevelandart.org/art/1974.211,,,Cleveland accession 1974.211 accessed 2026-07-05.,2026-07-05,linked_record,Copyrighted,assess where culturally governed,verified,,,Cleveland; Sculpture; Ghana,2026-07-05-taxonomy-v1
ARED-GH-00062,Gold Weight (abrammuo):  Antelope,,museum object,P2,"Coastal contact and transcultural exchange, c. 1471–1874",V1,"Land, cosmology and authority",1800s,1800,1899,museum dated,Ghana,,"Africa, West Africa, Ghana, Akan-style artist","Africa, West Africa, Ghana, Akan-style artist",maker,institutional attribution,,,Cleveland Museum of Art,1935.306,Tools and Equipment,Copper alloy,Copper alloy,Overall: 5.2 cm (2 1/16 in.),,"The Cleveland Museum of Art records accession 1935.306 as ""Gold Weight (abrammuo):  Antelope"". Date: 1800s. Culture: Africa, West Africa, Ghana, Akan-style artist. Technique/material: Copper alloy. Measurements: Overall: 5.2 cm (2 1/16 in.). Tombstone: Gold Weight (abrammuo):  Antelope, 1800s. Africa, West Africa, Ghana, Akan-style artist. Copper alloy; overall: 5.2 cm (2 1/16 in.). The Cleveland Museum of Art, James Albert Ford Memorial Fund, 1935.306.",ARED research note: This record forms part of Ghana's history of graphic design and visual communication. The interpretation below is ARED analysis supported by the cited source — not presented as direct institutional quotation.,,,"Gold Weight (abrammuo):  Antelope, 1800s. Africa, West Africa, Ghana, Akan-style artist. Copper alloy; overall: 5.2 cm (2 1/16 in.). The Cleveland Museum of Art, James Albert Ford Memorial Fund, 1935.306","Gold Weight (abrammuo):  Antelope, 1800s. Africa, West Africa, Ghana, Akan-style artist. Copper alloy; overall: 5.2 cm (2 1/16 in.). The Cleveland Museum of Art, James Albert Ford Memorial Fund, 1935.306",Cleveland Museum of Art Open Access,https://clevelandart.org/art/1935.306,,,Cleveland accession 1935.306 accessed 2026-07-05.,2026-07-05,CC0,CC0,assess where culturally governed,verified,,,Cleveland; Tools and Equipment; Ghana,2026-07-05-taxonomy-v1
ARED-GH-00063,Disk Pendant (akrafokɔnmu),,museum object,P2,"Coastal contact and transcultural exchange, c. 1471–1874",V1,"Land, cosmology and authority",1800s,1800,1899,museum dated,Ghana,,"Africa, West Africa, Ghana, Asante Empire/ Kingdom, member of the goldsmiths’ guild","Africa, West Africa, Ghana, Asante Empire/ Kingdom, member of the goldsmiths’ guild",maker,institutional attribution,,,Cleveland Museum of Art,1952.84,Jewelry,Gold,Gold,Diameter: 11 cm (4 5/16 in.),,"The Cleveland Museum of Art records accession 1952.84 as ""Disk Pendant (akrafokɔnmu)"". Date: 1800s. Culture: Africa, West Africa, Ghana, Asante Empire/ Kingdom, member of the goldsmiths’ guild. Technique/material: Gold. Measurements: Diameter: 11 cm (4 5/16 in.). Tombstone: Disk Pendant (akrafokɔnmu), 1800s. Africa, West Africa, Ghana, Asante Empire/ Kingdom, member of the goldsmiths’ guild. Gold; diameter: 11 cm (4 5/16 in.). The Cleveland Museum of Art, Purchase from the J. H. Wade Fund, 1952.84.",ARED research note: This record forms part of Ghana's history of graphic design and visual communication. The interpretation below is ARED analysis supported by the cited source — not presented as direct institutional quotation.,,,"Disk Pendant (akrafokɔnmu), 1800s. Africa, West Africa, Ghana, Asante Empire/ Kingdom, member of the goldsmiths’ guild. Gold; diameter: 11 cm (4 5/16 in.). The Cleveland Museum of Art, Purchase from the J. H. Wade Fund, 1952.84","Disk Pendant (akrafokɔnmu), 1800s. Africa, West Africa, Ghana, Asante Empire/ Kingdom, member of the goldsmiths’ guild. Gold; diameter: 11 cm (4 5/16 in.). The Cleveland Museum of Art, Purchase from the J. H. Wade Fund, 1952.84",Cleveland Museum of Art Open Access,https://clevelandart.org/art/1952.84,,,Cleveland accession 1952.84 accessed 2026-07-05.,2026-07-05,CC0,CC0,assess where culturally governed,verified,,,Cleveland; Jewelry; Ghana,2026-07-05-taxonomy-v1
ARED-GH-00064,Gold Weight (abrammuo): Fish,,museum object,P2,"Coastal contact and transcultural exchange, c. 1471–1874",V1,"Land, cosmology and authority",1800s,1800,1899,museum dated,Ghana,,"Africa, West Africa, Ghana, Asante goldsmith","Africa, West Africa, Ghana, Asante goldsmith",maker,institutional attribution,,,Cleveland Museum of Art,1961.399,Tools and Equipment,Copper alloy,Copper alloy,Overall: 2.8 x 6.6 x 0.4 cm (1 1/8 x 2 5/8 x 3/16 in.),,"The Cleveland Museum of Art records accession 1961.399 as ""Gold Weight (abrammuo): Fish"". Date: 1800s. Culture: Africa, West Africa, Ghana, Asante goldsmith. Technique/material: Copper alloy. Measurements: Overall: 2.8 x 6.6 x 0.4 cm (1 1/8 x 2 5/8 x 3/16 in.). Tombstone: Gold Weight (abrammuo): Fish, 1800s. Africa, West Africa, Ghana, Asante goldsmith. Copper alloy; overall: 2.8 x 6.6 x 0.4 cm (1 1/8 x 2 5/8 x 3/16 in.). The Cleveland Museum of Art, Gift of William Ellery Greene, 1961.399.",ARED research note: This record forms part of Ghana's history of graphic design and visual communication. The interpretation below is ARED analysis supported by the cited source — not presented as direct institutional quotation.,,,"Gold Weight (abrammuo): Fish, 1800s. Africa, West Africa, Ghana, Asante goldsmith. Copper alloy; overall: 2.8 x 6.6 x 0.4 cm (1 1/8 x 2 5/8 x 3/16 in.). The Cleveland Museum of Art, Gift of William Ellery Greene, 1961.399","Gold Weight (abrammuo): Fish, 1800s. Africa, West Africa, Ghana, Asante goldsmith. Copper alloy; overall: 2.8 x 6.6 x 0.4 cm (1 1/8 x 2 5/8 x 3/16 in.). The Cleveland Museum of Art, Gift of William Ellery Greene, 1961.399",Cleveland Museum of Art Open Access,https://clevelandart.org/art/1961.399,,,Cleveland accession 1961.399 accessed 2026-07-05.,2026-07-05,CC0,CC0,assess where culturally governed,verified,,,Cleveland; Tools and Equipment; Ghana,2026-07-05-taxonomy-v1
ARED-GH-00065,Ring: Coiled Snake on a Ball,,museum object,P3,"Colonial print and institutional design, 1874–1945",V1,"Land, cosmology and authority",before 1951,1941,1951,museum dated,Ghana,,"Africa, West Africa, Ghana, Asante goldsmith","Africa, West Africa, Ghana, Asante goldsmith",maker,institutional attribution,,,Cleveland Museum of Art,1951.320,Jewelry,Gold,Gold,Overall: 4.5 x 3 x 2.3 cm (1 3/4 x 1 3/16 x 7/8 in.),,"The Cleveland Museum of Art records accession 1951.320 as ""Ring: Coiled Snake on a Ball"". Date: before 1951. Culture: Africa, West Africa, Ghana, Asante goldsmith. Technique/material: Gold. Measurements: Overall: 4.5 x 3 x 2.3 cm (1 3/4 x 1 3/16 x 7/8 in.). Tombstone: Ring: Coiled Snake on a Ball, before 1951. Africa, West Africa, Ghana, Asante goldsmith. Gold; overall: 4.5 x 3 x 2.3 cm (1 3/4 x 1 3/16 x 7/8 in.). The Cleveland Museum of Art, Purchase from the J. H. Wade Fund, 1951.320.",ARED research note: This record forms part of Ghana's history of graphic design and visual communication. The interpretation below is ARED analysis supported by the cited source — not presented as direct institutional quotation.,,,"Ring: Coiled Snake on a Ball, before 1951. Africa, West Africa, Ghana, Asante goldsmith. Gold; overall: 4.5 x 3 x 2.3 cm (1 3/4 x 1 3/16 x 7/8 in.). The Cleveland Museum of Art, Purchase from the J. H. Wade Fund, 1951.320","Ring: Coiled Snake on a Ball, before 1951. Africa, West Africa, Ghana, Asante goldsmith. Gold; overall: 4.5 x 3 x 2.3 cm (1 3/4 x 1 3/16 x 7/8 in.). The Cleveland Museum of Art, Purchase from the J. H. Wade Fund, 1951.320",Cleveland Museum of Art Open Access,https://clevelandart.org/art/1951.320,,,Cleveland accession 1951.320 accessed 2026-07-05.,2026-07-05,linked_record,Copyrighted,assess where culturally governed,verified,,,Cleveland; Jewelry; Ghana,2026-07-05-taxonomy-v1
ARED-GH-00066,Gold Weight (abrammuo): Drum with Jaws of Defeated Enemies,,museum object,P2,"Coastal contact and transcultural exchange, c. 1471–1874",V1,"Land, cosmology and authority",1800s,1800,1899,museum dated,Ghana,,"Africa, West Africa, Ghana, Asante goldsmith","Africa, West Africa, Ghana, Asante goldsmith",maker,institutional attribution,,,Cleveland Museum of Art,1969.266,Tools and Equipment,Brass,Brass,Overall: 3.6 x 5.3 cm (1 7/16 x 2 1/16 in.),,"The Cleveland Museum of Art records accession 1969.266 as ""Gold Weight (abrammuo): Drum with Jaws of Defeated Enemies"". Date: 1800s. Culture: Africa, West Africa, Ghana, Asante goldsmith. Technique/material: Brass. Measurements: Overall: 3.6 x 5.3 cm (1 7/16 x 2 1/16 in.). Tombstone: Gold Weight (abrammuo): Drum with Jaws of Defeated Enemies, 1800s. Africa, West Africa, Ghana, Asante goldsmith. Brass; overall: 3.6 x 5.3 cm (1 7/16 x 2 1/16 in.). The Cleveland Museum of Art, Gift of Mr. and Mrs. Alvin N. Haas, 1969.266.",ARED research note: This record forms part of Ghana's history of graphic design and visual communication. The interpretation below is ARED analysis supported by the cited source — not presented as direct institutional quotation.,,,"Gold Weight (abrammuo): Drum with Jaws of Defeated Enemies, 1800s. Africa, West Africa, Ghana, Asante goldsmith. Brass; overall: 3.6 x 5.3 cm (1 7/16 x 2 1/16 in.). The Cleveland Museum of Art, Gift of Mr. and Mrs. Alvin N. Haas, 1969.266","Gold Weight (abrammuo): Drum with Jaws of Defeated Enemies, 1800s. Africa, West Africa, Ghana, Asante goldsmith. Brass; overall: 3.6 x 5.3 cm (1 7/16 x 2 1/16 in.). The Cleveland Museum of Art, Gift of Mr. and Mrs. Alvin N. Haas, 1969.266",Cleveland Museum of Art Open Access,https://clevelandart.org/art/1969.266,,,Cleveland accession 1969.266 accessed 2026-07-05.,2026-07-05,CC0,CC0,assess where culturally governed,verified,,,Cleveland; Tools and Equipment; Ghana,2026-07-05-taxonomy-v1
ARED-GH-00067,Pendant: Cross Form with Bird,,museum object,P3,"Colonial print and institutional design, 1874–1945",V1,"Land, cosmology and authority",before 1942,1940,1942,museum dated,Ghana,,"Africa, West Africa, Ghana, Asante goldsmith","Africa, West Africa, Ghana, Asante goldsmith",maker,institutional attribution,,,Cleveland Museum of Art,1942.170,Jewelry,Gold,Gold,Overall: 5.8 x 3.3 cm (2 5/16 x 1 5/16 in.),,"The Cleveland Museum of Art records accession 1942.170 as ""Pendant: Cross Form with Bird"". Date: before 1942. Culture: Africa, West Africa, Ghana, Asante goldsmith. Technique/material: Gold. Measurements: Overall: 5.8 x 3.3 cm (2 5/16 x 1 5/16 in.). Tombstone: Pendant: Cross Form with Bird, before 1942. Africa, West Africa, Ghana, Asante goldsmith. Gold; overall: 5.8 x 3.3 cm (2 5/16 x 1 5/16 in.). The Cleveland Museum of Art, James Albert Ford Memorial Fund, 1942.170.",ARED research note: This record forms part of Ghana's history of graphic design and visual communication. The interpretation below is ARED analysis supported by the cited source — not presented as direct institutional quotation.,,,"Pendant: Cross Form with Bird, before 1942. Africa, West Africa, Ghana, Asante goldsmith. Gold; overall: 5.8 x 3.3 cm (2 5/16 x 1 5/16 in.). The Cleveland Museum of Art, James Albert Ford Memorial Fund, 1942.170","Pendant: Cross Form with Bird, before 1942. Africa, West Africa, Ghana, Asante goldsmith. Gold; overall: 5.8 x 3.3 cm (2 5/16 x 1 5/16 in.). The Cleveland Museum of Art, James Albert Ford Memorial Fund, 1942.170",Cleveland Museum of Art Open Access,https://clevelandart.org/art/1942.170,,,Cleveland accession 1942.170 accessed 2026-07-05.,2026-07-05,linked_record,Copyrighted,assess where culturally governed,verified,,,Cleveland; Jewelry; Ghana,2026-07-05-taxonomy-v1
ARED-GH-00068,Gold Weight (abrammuo): Geometric,,museum object,P2,"Coastal contact and transcultural exchange, c. 1471–1874",V1,"Land, cosmology and authority",1800s,1800,1899,museum dated,Ghana,,"Africa, West Africa, Ghana, Asante goldsmith","Africa, West Africa, Ghana, Asante goldsmith",maker,institutional attribution,,,Cleveland Museum of Art,1969.265,Tools and Equipment,Copper alloy,Copper alloy,,,"The Cleveland Museum of Art records accession 1969.265 as ""Gold Weight (abrammuo): Geometric"". Date: 1800s. Culture: Africa, West Africa, Ghana, Asante goldsmith. Technique/material: Copper alloy. Tombstone: Gold Weight (abrammuo): Geometric, 1800s. Africa, West Africa, Ghana, Asante goldsmith. Copper alloy. The Cleveland Museum of Art, Gift of Georges D. Rodrigues, 1969.265.",ARED research note: This record forms part of Ghana's history of graphic design and visual communication. The interpretation below is ARED analysis supported by the cited source — not presented as direct institutional quotation.,,,"Gold Weight (abrammuo): Geometric, 1800s. Africa, West Africa, Ghana, Asante goldsmith. Copper alloy. The Cleveland Museum of Art, Gift of Georges D. Rodrigues, 1969.265","Gold Weight (abrammuo): Geometric, 1800s. Africa, West Africa, Ghana, Asante goldsmith. Copper alloy. The Cleveland Museum of Art, Gift of Georges D. Rodrigues, 1969.265",Cleveland Museum of Art Open Access,https://clevelandart.org/art/1969.265,,,Cleveland accession 1969.265 accessed 2026-07-05.,2026-07-05,CC0,CC0,assess where culturally governed,verified,,,Cleveland; Tools and Equipment; Ghana,2026-07-05-taxonomy-v1
ARED-GH-00069,Knife-sheath tip (sika boha),,museum object,P2,"Coastal contact and transcultural exchange, c. 1471–1874",V1,"Land, cosmology and authority",1800s,1800,1896,museum dated,Ghana,,"Africa, West Africa, Ghana, Asante Empire/Kingdom, Kumasi or probably Kumasi, member of the goldsmiths' guild","Africa, West Africa, Ghana, Asante Empire/Kingdom, Kumasi or probably Kumasi, member of the goldsmiths' guild",maker,institutional attribution,,,Cleveland Museum of Art,1935.312,Arms and Armor,Gold,Gold,Overall: 8.7 cm (3 7/16 in.),,"The Cleveland Museum of Art records accession 1935.312 as ""Knife-sheath tip (sika boha)"". Date: 1800s. Culture: Africa, West Africa, Ghana, Asante Empire/Kingdom, Kumasi or probably Kumasi, member of the goldsmiths' guild. Technique/material: Gold. Measurements: Overall: 8.7 cm (3 7/16 in.). Tombstone: Knife-sheath tip (sika boha), 1800s. Africa, West Africa, Ghana, Asante Empire/Kingdom, Kumasi or probably Kumasi, member of the goldsmiths' guild. Gold; overall: 8.7 cm (3 7/16 in.). The Cleveland Museum of Art, Dudley P. Allen Fund, 1935.312.",ARED research note: This record forms part of Ghana's history of graphic design and visual communication. The interpretation below is ARED analysis supported by the cited source — not presented as direct institutional quotation.,,,"Knife-sheath tip (sika boha), 1800s. Africa, West Africa, Ghana, Asante Empire/Kingdom, Kumasi or probably Kumasi, member of the goldsmiths' guild. Gold; overall: 8.7 cm (3 7/16 in.). The Cleveland Museum of Art, Dudley P. Allen Fund, 1935.312","Knife-sheath tip (sika boha), 1800s. Africa, West Africa, Ghana, Asante Empire/Kingdom, Kumasi or probably Kumasi, member of the goldsmiths' guild. Gold; overall: 8.7 cm (3 7/16 in.). The Cleveland Museum of Art, Dudley P. Allen Fund, 1935.312",Cleveland Museum of Art Open Access,https://clevelandart.org/art/1935.312,,,Cleveland accession 1935.312 accessed 2026-07-05.,2026-07-05,CC0,CC0,assess where culturally governed,verified,,,Cleveland; Arms and Armor; Ghana,2026-07-05-taxonomy-v1
ARED-GH-00070,Pendant: Rectangular Pendant,,museum object,P3,"Colonial print and institutional design, 1874–1945",V1,"Land, cosmology and authority",before 1951,1941,1951,museum dated,Ghana,,"Africa, West Africa, Ghana, Asante goldsmith","Africa, West Africa, Ghana, Asante goldsmith",maker,institutional attribution,,,Cleveland Museum of Art,1951.322,Jewelry,Gold,Gold,Overall: 4.4 x 1.5 x 1.5 cm (1 3/4 x 9/16 x 9/16 in.),,"The Cleveland Museum of Art records accession 1951.322 as ""Pendant: Rectangular Pendant"". Date: before 1951. Culture: Africa, West Africa, Ghana, Asante goldsmith. Technique/material: Gold. Measurements: Overall: 4.4 x 1.5 x 1.5 cm (1 3/4 x 9/16 x 9/16 in.). Tombstone: Pendant: Rectangular Pendant, before 1951. Africa, West Africa, Ghana, Asante goldsmith. Gold; overall: 4.4 x 1.5 x 1.5 cm (1 3/4 x 9/16 x 9/16 in.). The Cleveland Museum of Art, Purchase from the J. H. Wade Fund, 1951.322.",ARED research note: This record forms part of Ghana's history of graphic design and visual communication. The interpretation below is ARED analysis supported by the cited source — not presented as direct institutional quotation.,,,"Pendant: Rectangular Pendant, before 1951. Africa, West Africa, Ghana, Asante goldsmith. Gold; overall: 4.4 x 1.5 x 1.5 cm (1 3/4 x 9/16 x 9/16 in.). The Cleveland Museum of Art, Purchase from the J. H. Wade Fund, 1951.322","Pendant: Rectangular Pendant, before 1951. Africa, West Africa, Ghana, Asante goldsmith. Gold; overall: 4.4 x 1.5 x 1.5 cm (1 3/4 x 9/16 x 9/16 in.). The Cleveland Museum of Art, Purchase from the J. H. Wade Fund, 1951.322",Cleveland Museum of Art Open Access,https://clevelandart.org/art/1951.322,,,Cleveland accession 1951.322 accessed 2026-07-05.,2026-07-05,linked_record,Copyrighted,assess where culturally governed,verified,,,Cleveland; Jewelry; Ghana,2026-07-05-taxonomy-v1
ARED-GH-00071,Gold Weight (abrammuo): figure,,museum object,P4,"Anticolonial and independence visual culture, 1945–1966",V1,"Land, cosmology and authority",1950–60,1950,1960,museum dated,Ghana,,"Africa, West Africa, Ghana, Asante goldsmith","Africa, West Africa, Ghana, Asante goldsmith",maker,institutional attribution,,,Cleveland Museum of Art,1962.243,Tools and Equipment,Copper alloy,Copper alloy,Overall: 6.8 cm (2 11/16 in.),,"The Cleveland Museum of Art records accession 1962.243 as ""Gold Weight (abrammuo): figure"". Date: 1950–60. Culture: Africa, West Africa, Ghana, Asante goldsmith. Technique/material: Copper alloy. Measurements: Overall: 6.8 cm (2 11/16 in.). Tombstone: Gold Weight (abrammuo): figure, 1950–60. Africa, West Africa, Ghana, Asante goldsmith. Copper alloy; overall: 6.8 cm (2 11/16 in.). The Cleveland Museum of Art, Gift of Mr. and Mrs. Robert M. Hornung, 1962.243.",ARED research note: This record forms part of Ghana's history of graphic design and visual communication. The interpretation below is ARED analysis supported by the cited source — not presented as direct institutional quotation.,,,"Gold Weight (abrammuo): figure, 1950–60. Africa, West Africa, Ghana, Asante goldsmith. Copper alloy; overall: 6.8 cm (2 11/16 in.). The Cleveland Museum of Art, Gift of Mr. and Mrs. Robert M. Hornung, 1962.243","Gold Weight (abrammuo): figure, 1950–60. Africa, West Africa, Ghana, Asante goldsmith. Copper alloy; overall: 6.8 cm (2 11/16 in.). The Cleveland Museum of Art, Gift of Mr. and Mrs. Robert M. Hornung, 1962.243",Cleveland Museum of Art Open Access,https://clevelandart.org/art/1962.243,,,Cleveland accession 1962.243 accessed 2026-07-05.,2026-07-05,linked_record,Copyrighted,assess where culturally governed,verified,,,Cleveland; Tools and Equipment; Ghana,2026-07-05-taxonomy-v1
ARED-GH-00072,Disk Pendant (akrafokɔnmu),,museum object,P2,"Coastal contact and transcultural exchange, c. 1471–1874",V1,"Land, cosmology and authority","1800s, before 1896",1800,1895,museum dated,Ghana,,"Africa, West Africa, Ghana, Asante Empire/Kingdom, probably Kumasi, member of the goldsmiths’ guild","Africa, West Africa, Ghana, Asante Empire/Kingdom, probably Kumasi, member of the goldsmiths’ guild",maker,institutional attribution,,,Cleveland Museum of Art,1935.310,Jewelry,Gold,Gold,Diameter: 9.8 cm (3 7/8 in.); Overall: 1.3 cm (1/2 in.),,"The Cleveland Museum of Art records accession 1935.310 as ""Disk Pendant (akrafokɔnmu)"". Date: 1800s, before 1896. Culture: Africa, West Africa, Ghana, Asante Empire/Kingdom, probably Kumasi, member of the goldsmiths’ guild. Technique/material: Gold. Measurements: Diameter: 9.8 cm (3 7/8 in.); Overall: 1.3 cm (1/2 in.). Tombstone: Disk Pendant (akrafokɔnmu), 1800s, before 1896. Africa, West Africa, Ghana, Asante Empire/Kingdom, probably Kumasi, member of the goldsmiths’ guild. Gold; diameter: 9.8 cm (3 7/8 in.); overall: 1.3 cm (1/2 in.). The Cleveland Museum of Art, Dudley P. Allen Fund, 1935.310.",ARED research note: This record forms part of Ghana's history of graphic design and visual communication. The interpretation below is ARED analysis supported by the cited source — not presented as direct institutional quotation.,,,"Disk Pendant (akrafokɔnmu), 1800s, before 1896. Africa, West Africa, Ghana, Asante Empire/Kingdom, probably Kumasi, member of the goldsmiths’ guild. Gold; diameter: 9.8 cm (3 7/8 in.); overall: 1.3 cm (1/2 in.). The Cleveland Museum of Art, Dudley P. Allen Fund, 1935.310","Disk Pendant (akrafokɔnmu), 1800s, before 1896. Africa, West Africa, Ghana, Asante Empire/Kingdom, probably Kumasi, member of the goldsmiths’ guild. Gold; diameter: 9.8 cm (3 7/8 in.); overall: 1.3 cm (1/2 in.). The Cleveland Museum of Art, Dudley P. Allen Fund, 1935.310",Cleveland Museum of Art Open Access,https://clevelandart.org/art/1935.310,,,Cleveland accession 1935.310 accessed 2026-07-05.,2026-07-05,CC0,CC0,assess where culturally governed,verified,,,Cleveland; Jewelry; Ghana,2026-07-05-taxonomy-v1
ARED-GH-00073,Knife Handle Cover,,museum object,P3,"Colonial print and institutional design, 1874–1945",V1,"Land, cosmology and authority",1800s,1886,1896,museum dated,Ghana,,"Africa, West Africa, Ghana, Asante Empire/Kingdom, Kumasi or probably Kumasi, member of the goldsmiths' guild","Africa, West Africa, Ghana, Asante Empire/Kingdom, Kumasi or probably Kumasi, member of the goldsmiths' guild",maker,institutional attribution,,,Cleveland Museum of Art,1935.311,Arms and Armor,Gold,Gold,Overall: 4.3 cm (1 11/16 in.),,"The Cleveland Museum of Art records accession 1935.311 as ""Knife Handle Cover"". Date: 1800s. Culture: Africa, West Africa, Ghana, Asante Empire/Kingdom, Kumasi or probably Kumasi, member of the goldsmiths' guild. Technique/material: Gold. Measurements: Overall: 4.3 cm (1 11/16 in.). Tombstone: Knife Handle Cover, 1800s. Africa, West Africa, Ghana, Asante Empire/Kingdom, Kumasi or probably Kumasi, member of the goldsmiths' guild. Gold; overall: 4.3 cm (1 11/16 in.). The Cleveland Museum of Art, Dudley P. Allen Fund, 1935.311.",ARED research note: This record forms part of Ghana's history of graphic design and visual communication. The interpretation below is ARED analysis supported by the cited source — not presented as direct institutional quotation.,,,"Knife Handle Cover, 1800s. Africa, West Africa, Ghana, Asante Empire/Kingdom, Kumasi or probably Kumasi, member of the goldsmiths' guild. Gold; overall: 4.3 cm (1 11/16 in.). The Cleveland Museum of Art, Dudley P. Allen Fund, 1935.311","Knife Handle Cover, 1800s. Africa, West Africa, Ghana, Asante Empire/Kingdom, Kumasi or probably Kumasi, member of the goldsmiths' guild. Gold; overall: 4.3 cm (1 11/16 in.). The Cleveland Museum of Art, Dudley P. Allen Fund, 1935.311",Cleveland Museum of Art Open Access,https://clevelandart.org/art/1935.311,,,Cleveland accession 1935.311 accessed 2026-07-05.,2026-07-05,CC0,CC0,assess where culturally governed,verified,,,Cleveland; Arms and Armor; Ghana,2026-07-05-taxonomy-v1
ARED-GH-00074,"Oil Refinery, Tema, Ghana",,museum object,P4,"Anticolonial and independence visual culture, 1945–1966",V1,"Land, cosmology and authority","1963, printed 1980",1963,1963,museum dated,Ghana,,America,America,maker,institutional attribution,,,Cleveland Museum of Art,1988.217.10,Portfolio,gelatin silver print,gelatin silver print,Image: 23.7 x 19 cm (9 5/16 x 7 1/2 in.); Paper: 24.9 x 20.1 cm (9 13/16 x 7 15/16 in.); Matted: 50.8 x 40.6 cm (20 x 16 in.),,"The Cleveland Museum of Art records accession 1988.217.10 as ""Oil Refinery, Tema, Ghana"". Date: 1963, printed 1980. Culture: America. Technique/material: gelatin silver print. Measurements: Image: 23.7 x 19 cm (9 5/16 x 7 1/2 in.); Paper: 24.9 x 20.1 cm (9 13/16 x 7 15/16 in.); Matted: 50.8 x 40.6 cm (20 x 16 in.). Tombstone: Portfolio III: Oil Refinery, Tema, Ghana, 1963, printed 1980. Paul Strand (American, 1890–1976). Gelatin silver print; image: 23.7 x 19 cm (9 5/16 x 7 1/2 in.); paper: 24.9 x 20.1 cm (9 13/16 x 7 15/16 in.); matted: 50.8 x 40.6 cm (20 x 16 in.). The Cleveland Museum of Art, In honor of Brenda and Evan Turner, 1988.217.10. © Aperture Foundation, Inc., Paul Strand Archive.",ARED research note: This record forms part of Ghana's history of graphic design and visual communication. The interpretation below is ARED analysis supported by the cited source — not presented as direct institutional quotation.,,,"Portfolio III: Oil Refinery, Tema, Ghana, 1963, printed 1980. Paul Strand (American, 1890–1976). Gelatin silver print; image: 23.7 x 19 cm (9 5/16 x 7 1/2 in.); paper: 24.9 x 20.1 cm (9 13/16 x 7 15/16 in.); matted: 50.8 x 40.6 cm (20 x 16 in.). The Cleveland Museum of Art, In honor of Brenda and Evan Turner, 1988.217.10. © Aperture Foundation, Inc., Paul Strand Archive","Portfolio III: Oil Refinery, Tema, Ghana, 1963, printed 1980. Paul Strand (American, 1890–1976). Gelatin silver print; image: 23.7 x 19 cm (9 5/16 x 7 1/2 in.); paper: 24.9 x 20.1 cm (9 13/16 x 7 15/16 in.); matted: 50.8 x 40.6 cm (20 x 16 in.). The Cleveland Museum of Art, In honor of Brenda and Evan Turner, 1988.217.10. © Aperture Foundation, Inc., Paul Strand Archive",Cleveland Museum of Art Open Access,https://clevelandart.org/art/1988.217.10,,,Cleveland accession 1988.217.10 accessed 2026-07-05.,2026-07-05,linked_record,Copyrighted,assess where culturally governed,verified,,,Cleveland; Portfolio; Ghana,2026-07-05-taxonomy-v1
ARED-GH-00075,Knife-sheath tip (sika boha),,museum object,P2,"Coastal contact and transcultural exchange, c. 1471–1874",V1,"Land, cosmology and authority",1800s,1800,1896,museum dated,Ghana,,"Africa, West Africa, Ghana, Asante Empire/Kingdom, Kumasi or probably Kumasi, member of the goldsmiths' guild","Africa, West Africa, Ghana, Asante Empire/Kingdom, Kumasi or probably Kumasi, member of the goldsmiths' guild",maker,institutional attribution,,,Cleveland Museum of Art,1935.308,Arms and Armor,Gold,Gold,Overall: 6.9 cm (2 11/16 in.),,"The Cleveland Museum of Art records accession 1935.308 as ""Knife-sheath tip (sika boha)"". Date: 1800s. Culture: Africa, West Africa, Ghana, Asante Empire/Kingdom, Kumasi or probably Kumasi, member of the goldsmiths' guild. Technique/material: Gold. Measurements: Overall: 6.9 cm (2 11/16 in.). Tombstone: Knife-sheath tip (sika boha), 1800s. Africa, West Africa, Ghana, Asante Empire/Kingdom, Kumasi or probably Kumasi, member of the goldsmiths' guild. Gold; overall: 6.9 cm (2 11/16 in.). The Cleveland Museum of Art, Dudley P. Allen Fund, 1935.308.",ARED research note: This record forms part of Ghana's history of graphic design and visual communication. The interpretation below is ARED analysis supported by the cited source — not presented as direct institutional quotation.,,,"Knife-sheath tip (sika boha), 1800s. Africa, West Africa, Ghana, Asante Empire/Kingdom, Kumasi or probably Kumasi, member of the goldsmiths' guild. Gold; overall: 6.9 cm (2 11/16 in.). The Cleveland Museum of Art, Dudley P. Allen Fund, 1935.308","Knife-sheath tip (sika boha), 1800s. Africa, West Africa, Ghana, Asante Empire/Kingdom, Kumasi or probably Kumasi, member of the goldsmiths' guild. Gold; overall: 6.9 cm (2 11/16 in.). The Cleveland Museum of Art, Dudley P. Allen Fund, 1935.308",Cleveland Museum of Art Open Access,https://clevelandart.org/art/1935.308,,,Cleveland accession 1935.308 accessed 2026-07-05.,2026-07-05,CC0,CC0,assess where culturally governed,verified,,,Cleveland; Arms and Armor; Ghana,2026-07-05-taxonomy-v1
ARED-GH-00076,Ring: Cannon Flanked by Two Birds,,museum object,P3,"Colonial print and institutional design, 1874–1945",V1,"Land, cosmology and authority",before 1951,1941,1951,museum dated,Ghana,,"Africa, West Africa, Ghana, Asante goldsmith","Africa, West Africa, Ghana, Asante goldsmith",maker,institutional attribution,,,Cleveland Museum of Art,1951.321,Jewelry,Gold,Gold,Overall: 2.3 cm (7/8 in.),,"The Cleveland Museum of Art records accession 1951.321 as ""Ring: Cannon Flanked by Two Birds"". Date: before 1951. Culture: Africa, West Africa, Ghana, Asante goldsmith. Technique/material: Gold. Measurements: Overall: 2.3 cm (7/8 in.). Tombstone: Ring: Cannon Flanked by Two Birds, before 1951. Africa, West Africa, Ghana, Asante goldsmith. Gold; overall: 2.3 cm (7/8 in.). The Cleveland Museum of Art, Purchase from the J. H. Wade Fund, 1951.321.",ARED research note: This record forms part of Ghana's history of graphic design and visual communication. The interpretation below is ARED analysis supported by the cited source — not presented as direct institutional quotation.,,,"Ring: Cannon Flanked by Two Birds, before 1951. Africa, West Africa, Ghana, Asante goldsmith. Gold; overall: 2.3 cm (7/8 in.). The Cleveland Museum of Art, Purchase from the J. H. Wade Fund, 1951.321","Ring: Cannon Flanked by Two Birds, before 1951. Africa, West Africa, Ghana, Asante goldsmith. Gold; overall: 2.3 cm (7/8 in.). The Cleveland Museum of Art, Purchase from the J. H. Wade Fund, 1951.321",Cleveland Museum of Art Open Access,https://clevelandart.org/art/1951.321,,,Cleveland accession 1951.321 accessed 2026-07-05.,2026-07-05,linked_record,Copyrighted,assess where culturally governed,verified,,,Cleveland; Jewelry; Ghana,2026-07-05-taxonomy-v1
ARED-GH-00077,Figure ,,museum object,P2,"Coastal contact and transcultural exchange, c. 1471–1874",V1,"Land, cosmology and authority",1800s,1800,1899,museum dated,Ghana,,"Africa, West Africa, Ghana, Akan-style artist","Africa, West Africa, Ghana, Akan-style artist",maker,institutional attribution,,,Cleveland Museum of Art,1974.205,Sculpture,Terracotta,Terracotta,Overall: 12.7 cm (5 in.),,"The Cleveland Museum of Art records accession 1974.205 as ""Figure "". Date: 1800s. Culture: Africa, West Africa, Ghana, Akan-style artist. Technique/material: Terracotta. Measurements: Overall: 12.7 cm (5 in.). Tombstone: Figure , 1800s. Africa, West Africa, Ghana, Akan-style artist. Terracotta; overall: 12.7 cm (5 in.). The Cleveland Museum of Art, Gift of Katherine C. White, 1974.205.",ARED research note: This record forms part of Ghana's history of graphic design and visual communication. The interpretation below is ARED analysis supported by the cited source — not presented as direct institutional quotation.,,,"Figure , 1800s. Africa, West Africa, Ghana, Akan-style artist. Terracotta; overall: 12.7 cm (5 in.). The Cleveland Museum of Art, Gift of Katherine C. White, 1974.205","Figure , 1800s. Africa, West Africa, Ghana, Akan-style artist. Terracotta; overall: 12.7 cm (5 in.). The Cleveland Museum of Art, Gift of Katherine C. White, 1974.205",Cleveland Museum of Art Open Access,https://clevelandart.org/art/1974.205,,,Cleveland accession 1974.205 accessed 2026-07-05.,2026-07-05,CC0,CC0,assess where culturally governed,verified,,,Cleveland; Sculpture; Ghana,2026-07-05-taxonomy-v1
ARED-GH-00078,Knife-sheath tip (sika boha),,museum object,P2,"Coastal contact and transcultural exchange, c. 1471–1874",V1,"Land, cosmology and authority",1800s,1800,1899,museum dated,Ghana,,"Africa, West Africa, Ghana, Asante Empire/Kingdom, Kumasi or probably Kumasi, member of the goldsmiths' guild","Africa, West Africa, Ghana, Asante Empire/Kingdom, Kumasi or probably Kumasi, member of the goldsmiths' guild",maker,institutional attribution,,,Cleveland Museum of Art,1935.309,Arms and Armor,Gold,Gold,Overall: 6.4 x 2.1 cm (2 1/2 x 13/16 in.),,"The Cleveland Museum of Art records accession 1935.309 as ""Knife-sheath tip (sika boha)"". Date: 1800s. Culture: Africa, West Africa, Ghana, Asante Empire/Kingdom, Kumasi or probably Kumasi, member of the goldsmiths' guild. Technique/material: Gold. Measurements: Overall: 6.4 x 2.1 cm (2 1/2 x 13/16 in.). Tombstone: Knife-sheath tip (sika boha), 1800s. Africa, West Africa, Ghana, Asante Empire/Kingdom, Kumasi or probably Kumasi, member of the goldsmiths' guild. Gold; overall: 6.4 x 2.1 cm (2 1/2 x 13/16 in.). The Cleveland Museum of Art, Dudley P. Allen Fund, 1935.309.",ARED research note: This record forms part of Ghana's history of graphic design and visual communication. The interpretation below is ARED analysis supported by the cited source — not presented as direct institutional quotation.,,,"Knife-sheath tip (sika boha), 1800s. Africa, West Africa, Ghana, Asante Empire/Kingdom, Kumasi or probably Kumasi, member of the goldsmiths' guild. Gold; overall: 6.4 x 2.1 cm (2 1/2 x 13/16 in.). The Cleveland Museum of Art, Dudley P. Allen Fund, 1935.309","Knife-sheath tip (sika boha), 1800s. Africa, West Africa, Ghana, Asante Empire/Kingdom, Kumasi or probably Kumasi, member of the goldsmiths' guild. Gold; overall: 6.4 x 2.1 cm (2 1/2 x 13/16 in.). The Cleveland Museum of Art, Dudley P. Allen Fund, 1935.309",Cleveland Museum of Art Open Access,https://clevelandart.org/art/1935.309,,,Cleveland accession 1935.309 accessed 2026-07-05.,2026-07-05,CC0,CC0,assess where culturally governed,verified,,,Cleveland; Arms and Armor; Ghana,2026-07-05-taxonomy-v1
ARED-GH-00079,"Advertisement for Ghana Railway, Ghana",,museum object,P4,"Anticolonial and independence visual culture, 1945–1966",V6,Popular and everyday graphics,1960,1960,1960,museum dated,Ghana,,France,France,maker,institutional attribution,,,Cleveland Museum of Art,2018.620,Photograph,"Gelatin silver print, ferrotyped","Gelatin silver print, ferrotyped",Image: 24.8 x 17.1 cm (9 3/4 x 6 3/4 in.); Paper: 24.8 x 17.1 cm (9 3/4 x 6 3/4 in.),,"The Cleveland Museum of Art records accession 2018.620 as ""Advertisement for Ghana Railway, Ghana"". Date: 1960. Culture: France. Technique/material: Gelatin silver print, ferrotyped. Measurements: Image: 24.8 x 17.1 cm (9 3/4 x 6 3/4 in.); Paper: 24.8 x 17.1 cm (9 3/4 x 6 3/4 in.). Tombstone: Advertisement for Ghana Railway, Ghana, 1960. Marc Riboud (French, 1923–2016). Gelatin silver print, ferrotyped; image: 24.8 x 17.1 cm (9 3/4 x 6 3/4 in.); paper: 24.8 x 17.1 cm (9 3/4 x 6 3/4 in.). The Cleveland Museum of Art, Gift of George Stephanopoulos, 2018.620.","ARED research note: Popular graphics, photography and advertising in Ghana form part of the country's visual communication history. This interpretation is ARED analysis based on the object record — not a direct museum quotation.",,,"Advertisement for Ghana Railway, Ghana, 1960. Marc Riboud (French, 1923–2016). Gelatin silver print, ferrotyped; image: 24.8 x 17.1 cm (9 3/4 x 6 3/4 in.); paper: 24.8 x 17.1 cm (9 3/4 x 6 3/4 in.). The Cleveland Museum of Art, Gift of George Stephanopoulos, 2018.620","Advertisement for Ghana Railway, Ghana, 1960. Marc Riboud (French, 1923–2016). Gelatin silver print, ferrotyped; image: 24.8 x 17.1 cm (9 3/4 x 6 3/4 in.); paper: 24.8 x 17.1 cm (9 3/4 x 6 3/4 in.). The Cleveland Museum of Art, Gift of George Stephanopoulos, 2018.620",Cleveland Museum of Art Open Access,https://clevelandart.org/art/2018.620,,,Cleveland accession 2018.620 accessed 2026-07-05.,2026-07-05,linked_record,Copyrighted,assess where culturally governed,verified,,,Cleveland; Photograph; Ghana,2026-07-05-taxonomy-v1
ARED-GH-00080,"Akan Fisherman, Ghana: Hope",,museum object,P6,"Democratic, digital and diasporic design, 1992–present",V6,Popular and everyday graphics,2010,2010,2010,museum dated,Ghana,,America,America,maker,institutional attribution,,,Cleveland Museum of Art,2010.488,Photograph,"gelatin silver print, gold-toned","gelatin silver print, gold-toned",Image: 51.8 x 42.5 cm (20 3/8 x 16 3/4 in.); Paper: 60.4 x 50.4 cm (23 3/4 x 19 13/16 in.); Matted: 76.2 x 61 cm (30 x 24 in.),,"The Cleveland Museum of Art records accession 2010.488 as ""Akan Fisherman, Ghana: Hope"". Date: 2010. Culture: America. Technique/material: gelatin silver print, gold-toned. Measurements: Image: 51.8 x 42.5 cm (20 3/8 x 16 3/4 in.); Paper: 60.4 x 50.4 cm (23 3/4 x 19 13/16 in.); Matted: 76.2 x 61 cm (30 x 24 in.). Tombstone: Akan Fisherman, Ghana: Hope, 2010. Elisabeth Sunday (American, b. 1958). Gelatin silver print, gold-toned; image: 51.8 x 42.5 cm (20 3/8 x 16 3/4 in.); paper: 60.4 x 50.4 cm (23 3/4 x 19 13/16 in.); matted: 76.2 x 61 cm (30 x 24 in.). The Cleveland Museum of Art, Gift of Linda Grey and Ken Heitz, 2010.488.","ARED research note: Popular graphics, photography and advertising in Ghana form part of the country's visual communication history. This interpretation is ARED analysis based on the object record — not a direct museum quotation.",,,"Akan Fisherman, Ghana: Hope, 2010. Elisabeth Sunday (American, b. 1958). Gelatin silver print, gold-toned; image: 51.8 x 42.5 cm (20 3/8 x 16 3/4 in.); paper: 60.4 x 50.4 cm (23 3/4 x 19 13/16 in.); matted: 76.2 x 61 cm (30 x 24 in.). The Cleveland Museum of Art, Gift of Linda Grey and Ken Heitz, 2010.488","Akan Fisherman, Ghana: Hope, 2010. Elisabeth Sunday (American, b. 1958). Gelatin silver print, gold-toned; image: 51.8 x 42.5 cm (20 3/8 x 16 3/4 in.); paper: 60.4 x 50.4 cm (23 3/4 x 19 13/16 in.); matted: 76.2 x 61 cm (30 x 24 in.). The Cleveland Museum of Art, Gift of Linda Grey and Ken Heitz, 2010.488",Cleveland Museum of Art Open Access,https://clevelandart.org/art/2010.488,,,Cleveland accession 2010.488 accessed 2026-07-05.,2026-07-05,linked_record,Copyrighted,assess where culturally governed,verified,,,Cleveland; Photograph; Ghana,2026-07-05-taxonomy-v1
ARED-GH-00081,Prestige cloth (kete or kente),,museum object,P3,"Colonial print and institutional design, 1874–1945",V3,"Cloth, pattern and social identity",c. 1930s–50s,1930,1959,museum dated,Ghana,,"Africa, West Africa, Ghana or Togo, Ewe-style weaver","Africa, West Africa, Ghana or Togo, Ewe-style weaver",maker,institutional attribution,,,Cleveland Museum of Art,2023.9,Textile,Cotton and dye,Cotton and dye,Overall: 322.6 x 175.3 cm (127 x 69 in.),,"The Cleveland Museum of Art records accession 2023.9 as ""Prestige cloth (kete or kente)"". Date: c. 1930s–50s. Culture: Africa, West Africa, Ghana or Togo, Ewe-style weaver. Technique/material: Cotton and dye. Measurements: Overall: 322.6 x 175.3 cm (127 x 69 in.). Tombstone: Prestige cloth (kete or kente), c. 1930s–50s. Africa, West Africa, Ghana or Togo, Ewe-style weaver. Cotton and dye; overall: 322.6 x 175.3 cm (127 x 69 in.). The Cleveland Museum of Art, L. E. Holden Fund, 2023.9.","ARED research note: Woven and stamped textiles in Ghana operate as systems of pattern, identity and social communication. This interpretation is ARED analysis based on the object record and textile scholarship — not a direct museum quotation.",,,"Prestige cloth (kete or kente), c. 1930s–50s. Africa, West Africa, Ghana or Togo, Ewe-style weaver. Cotton and dye; overall: 322.6 x 175.3 cm (127 x 69 in.). The Cleveland Museum of Art, L. E. Holden Fund, 2023.9","Prestige cloth (kete or kente), c. 1930s–50s. Africa, West Africa, Ghana or Togo, Ewe-style weaver. Cotton and dye; overall: 322.6 x 175.3 cm (127 x 69 in.). The Cleveland Museum of Art, L. E. Holden Fund, 2023.9",Cleveland Museum of Art Open Access,https://clevelandart.org/art/2023.9,,,Cleveland accession 2023.9 accessed 2026-07-05.,2026-07-05,linked_record,Copyrighted,assess where culturally governed,verified,,,Cleveland; Textile; Ghana,2026-07-05-taxonomy-v1
ARED-GH-00082,"Akan Fisherman, Ghana: Totem",,museum object,P6,"Democratic, digital and diasporic design, 1992–present",V6,Popular and everyday graphics,2010,2010,2010,museum dated,Ghana,,America,America,maker,institutional attribution,,,Cleveland Museum of Art,2010.487,Photograph,"gelatin silver print, gold-toned","gelatin silver print, gold-toned",Image: 51.8 x 42.5 cm (20 3/8 x 16 3/4 in.); Paper: 60.4 x 50.4 cm (23 3/4 x 19 13/16 in.); Matted: 76.2 x 61 cm (30 x 24 in.),,"The Cleveland Museum of Art records accession 2010.487 as ""Akan Fisherman, Ghana: Totem"". Date: 2010. Culture: America. Technique/material: gelatin silver print, gold-toned. Measurements: Image: 51.8 x 42.5 cm (20 3/8 x 16 3/4 in.); Paper: 60.4 x 50.4 cm (23 3/4 x 19 13/16 in.); Matted: 76.2 x 61 cm (30 x 24 in.). Tombstone: Akan Fisherman, Ghana: Totem, 2010. Elisabeth Sunday (American, b. 1958). Gelatin silver print, gold-toned; image: 51.8 x 42.5 cm (20 3/8 x 16 3/4 in.); paper: 60.4 x 50.4 cm (23 3/4 x 19 13/16 in.); matted: 76.2 x 61 cm (30 x 24 in.). The Cleveland Museum of Art, Gift of Linda Grey and Ken Heitz, 2010.487.","ARED research note: Popular graphics, photography and advertising in Ghana form part of the country's visual communication history. This interpretation is ARED analysis based on the object record — not a direct museum quotation.",,,"Akan Fisherman, Ghana: Totem, 2010. Elisabeth Sunday (American, b. 1958). Gelatin silver print, gold-toned; image: 51.8 x 42.5 cm (20 3/8 x 16 3/4 in.); paper: 60.4 x 50.4 cm (23 3/4 x 19 13/16 in.); matted: 76.2 x 61 cm (30 x 24 in.). The Cleveland Museum of Art, Gift of Linda Grey and Ken Heitz, 2010.487","Akan Fisherman, Ghana: Totem, 2010. Elisabeth Sunday (American, b. 1958). Gelatin silver print, gold-toned; image: 51.8 x 42.5 cm (20 3/8 x 16 3/4 in.); paper: 60.4 x 50.4 cm (23 3/4 x 19 13/16 in.); matted: 76.2 x 61 cm (30 x 24 in.). The Cleveland Museum of Art, Gift of Linda Grey and Ken Heitz, 2010.487",Cleveland Museum of Art Open Access,https://clevelandart.org/art/2010.487,,,Cleveland accession 2010.487 accessed 2026-07-05.,2026-07-05,linked_record,Copyrighted,assess where culturally governed,verified,,,Cleveland; Photograph; Ghana,2026-07-05-taxonomy-v1
ARED-GH-00083,"Akan Fisherman, Ghana: Return",,museum object,P6,"Democratic, digital and diasporic design, 1992–present",V6,Popular and everyday graphics,2010,2010,2010,museum dated,Ghana,,America,America,maker,institutional attribution,,,Cleveland Museum of Art,2010.489,Photograph,"gelatin silver print, gold-toned","gelatin silver print, gold-toned",Image: 51.7 x 42.6 cm (20 3/8 x 16 3/4 in.); Paper: 60.4 x 50.4 cm (23 3/4 x 19 13/16 in.); Matted: 76.2 x 61 cm (30 x 24 in.),,"The Cleveland Museum of Art records accession 2010.489 as ""Akan Fisherman, Ghana: Return"". Date: 2010. Culture: America. Technique/material: gelatin silver print, gold-toned. Measurements: Image: 51.7 x 42.6 cm (20 3/8 x 16 3/4 in.); Paper: 60.4 x 50.4 cm (23 3/4 x 19 13/16 in.); Matted: 76.2 x 61 cm (30 x 24 in.). Tombstone: Akan Fisherman, Ghana: Return, 2010. Elisabeth Sunday (American, b. 1958). Gelatin silver print, gold-toned; image: 51.7 x 42.6 cm (20 3/8 x 16 3/4 in.); paper: 60.4 x 50.4 cm (23 3/4 x 19 13/16 in.); matted: 76.2 x 61 cm (30 x 24 in.). The Cleveland Museum of Art, Gift of Linda Grey and Ken Heitz, 2010.489.","ARED research note: Popular graphics, photography and advertising in Ghana form part of the country's visual communication history. This interpretation is ARED analysis based on the object record — not a direct museum quotation.",,,"Akan Fisherman, Ghana: Return, 2010. Elisabeth Sunday (American, b. 1958). Gelatin silver print, gold-toned; image: 51.7 x 42.6 cm (20 3/8 x 16 3/4 in.); paper: 60.4 x 50.4 cm (23 3/4 x 19 13/16 in.); matted: 76.2 x 61 cm (30 x 24 in.). The Cleveland Museum of Art, Gift of Linda Grey and Ken Heitz, 2010.489","Akan Fisherman, Ghana: Return, 2010. Elisabeth Sunday (American, b. 1958). Gelatin silver print, gold-toned; image: 51.7 x 42.6 cm (20 3/8 x 16 3/4 in.); paper: 60.4 x 50.4 cm (23 3/4 x 19 13/16 in.); matted: 76.2 x 61 cm (30 x 24 in.). The Cleveland Museum of Art, Gift of Linda Grey and Ken Heitz, 2010.489",Cleveland Museum of Art Open Access,https://clevelandart.org/art/2010.489,,,Cleveland accession 2010.489 accessed 2026-07-05.,2026-07-05,linked_record,Copyrighted,assess where culturally governed,verified,,,Cleveland; Photograph; Ghana,2026-07-05-taxonomy-v1
ARED-GH-00084,"Akan Fisherman, Ghana: Mercy",,museum object,P6,"Democratic, digital and diasporic design, 1992–present",V6,Popular and everyday graphics,2010,2010,2010,museum dated,Ghana,,America,America,maker,institutional attribution,,,Cleveland Museum of Art,2010.490,Photograph,"gelatin silver print, gold-toned","gelatin silver print, gold-toned",Image: 51.5 x 40 cm (20 1/4 x 15 3/4 in.); Paper: 60.4 x 50.3 cm (23 3/4 x 19 13/16 in.); Matted: 76.2 x 61 cm (30 x 24 in.),,"The Cleveland Museum of Art records accession 2010.490 as ""Akan Fisherman, Ghana: Mercy"". Date: 2010. Culture: America. Technique/material: gelatin silver print, gold-toned. Measurements: Image: 51.5 x 40 cm (20 1/4 x 15 3/4 in.); Paper: 60.4 x 50.3 cm (23 3/4 x 19 13/16 in.); Matted: 76.2 x 61 cm (30 x 24 in.). Tombstone: Akan Fisherman, Ghana: Mercy, 2010. Elisabeth Sunday (American, b. 1958). Gelatin silver print, gold-toned; image: 51.5 x 40 cm (20 1/4 x 15 3/4 in.); paper: 60.4 x 50.3 cm (23 3/4 x 19 13/16 in.); matted: 76.2 x 61 cm (30 x 24 in.). The Cleveland Museum of Art, Gift of Linda Grey and Ken Heitz, 2010.490.","ARED research note: Popular graphics, photography and advertising in Ghana form part of the country's visual communication history. This interpretation is ARED analysis based on the object record — not a direct museum quotation.",,,"Akan Fisherman, Ghana: Mercy, 2010. Elisabeth Sunday (American, b. 1958). Gelatin silver print, gold-toned; image: 51.5 x 40 cm (20 1/4 x 15 3/4 in.); paper: 60.4 x 50.3 cm (23 3/4 x 19 13/16 in.); matted: 76.2 x 61 cm (30 x 24 in.). The Cleveland Museum of Art, Gift of Linda Grey and Ken Heitz, 2010.490","Akan Fisherman, Ghana: Mercy, 2010. Elisabeth Sunday (American, b. 1958). Gelatin silver print, gold-toned; image: 51.5 x 40 cm (20 1/4 x 15 3/4 in.); paper: 60.4 x 50.3 cm (23 3/4 x 19 13/16 in.); matted: 76.2 x 61 cm (30 x 24 in.). The Cleveland Museum of Art, Gift of Linda Grey and Ken Heitz, 2010.490",Cleveland Museum of Art Open Access,https://clevelandart.org/art/2010.490,,,Cleveland accession 2010.490 accessed 2026-07-05.,2026-07-05,linked_record,Copyrighted,assess where culturally governed,verified,,,Cleveland; Photograph; Ghana,2026-07-05-taxonomy-v1
ARED-GH-00085,"Ovaltine Advertisement, Ghana",,museum object,P4,"Anticolonial and independence visual culture, 1945–1966",V6,Popular and everyday graphics,1960,1960,1960,museum dated,Ghana,,France,France,maker,institutional attribution,,,Cleveland Museum of Art,2018.621,Photograph,"Gelatin silver print, ferrotyped","Gelatin silver print, ferrotyped",Image: 18.4 x 24.8 cm (7 1/4 x 9 3/4 in.); Paper: 18.4 x 24.8 cm (7 1/4 x 9 3/4 in.),,"The Cleveland Museum of Art records accession 2018.621 as ""Ovaltine Advertisement, Ghana"". Date: 1960. Culture: France. Technique/material: Gelatin silver print, ferrotyped. Measurements: Image: 18.4 x 24.8 cm (7 1/4 x 9 3/4 in.); Paper: 18.4 x 24.8 cm (7 1/4 x 9 3/4 in.). Tombstone: Ovaltine Advertisement, Ghana, 1960. Marc Riboud (French, 1923–2016). Gelatin silver print, ferrotyped; image: 18.4 x 24.8 cm (7 1/4 x 9 3/4 in.); paper: 18.4 x 24.8 cm (7 1/4 x 9 3/4 in.). The Cleveland Museum of Art, Gift of George Stephanopoulos, 2018.621.","ARED research note: Popular graphics, photography and advertising in Ghana form part of the country's visual communication history. This interpretation is ARED analysis based on the object record — not a direct museum quotation.",,,"Ovaltine Advertisement, Ghana, 1960. Marc Riboud (French, 1923–2016). Gelatin silver print, ferrotyped; image: 18.4 x 24.8 cm (7 1/4 x 9 3/4 in.); paper: 18.4 x 24.8 cm (7 1/4 x 9 3/4 in.). The Cleveland Museum of Art, Gift of George Stephanopoulos, 2018.621","Ovaltine Advertisement, Ghana, 1960. Marc Riboud (French, 1923–2016). Gelatin silver print, ferrotyped; image: 18.4 x 24.8 cm (7 1/4 x 9 3/4 in.); paper: 18.4 x 24.8 cm (7 1/4 x 9 3/4 in.). The Cleveland Museum of Art, Gift of George Stephanopoulos, 2018.621",Cleveland Museum of Art Open Access,https://clevelandart.org/art/2018.621,,,Cleveland accession 2018.621 accessed 2026-07-05.,2026-07-05,linked_record,Copyrighted,assess where culturally governed,verified,,,Cleveland; Photograph; Ghana,2026-07-05-taxonomy-v1
ARED-GH-00086,"Advertisement for Al Schnapps, Ghana",,museum object,P4,"Anticolonial and independence visual culture, 1945–1966",V6,Popular and everyday graphics,1960,1960,1960,museum dated,Ghana,,France,France,maker,institutional attribution,,,Cleveland Museum of Art,2018.619,Photograph,"Gelatin silver print, ferrotyped","Gelatin silver print, ferrotyped",Image: 24.8 x 15.6 cm (9 3/4 x 6 1/8 in.); Paper: 24.8 x 15.6 cm (9 3/4 x 6 1/8 in.),,"The Cleveland Museum of Art records accession 2018.619 as ""Advertisement for Al Schnapps, Ghana"". Date: 1960. Culture: France. Technique/material: Gelatin silver print, ferrotyped. Measurements: Image: 24.8 x 15.6 cm (9 3/4 x 6 1/8 in.); Paper: 24.8 x 15.6 cm (9 3/4 x 6 1/8 in.). Tombstone: Advertisement for Al Schnapps, Ghana, 1960. Marc Riboud (French, 1923–2016). Gelatin silver print, ferrotyped; image: 24.8 x 15.6 cm (9 3/4 x 6 1/8 in.); paper: 24.8 x 15.6 cm (9 3/4 x 6 1/8 in.). The Cleveland Museum of Art, Gift of George Stephanopoulos, 2018.619.","ARED research note: Popular graphics, photography and advertising in Ghana form part of the country's visual communication history. This interpretation is ARED analysis based on the object record — not a direct museum quotation.",,,"Advertisement for Al Schnapps, Ghana, 1960. Marc Riboud (French, 1923–2016). Gelatin silver print, ferrotyped; image: 24.8 x 15.6 cm (9 3/4 x 6 1/8 in.); paper: 24.8 x 15.6 cm (9 3/4 x 6 1/8 in.). The Cleveland Museum of Art, Gift of George Stephanopoulos, 2018.619","Advertisement for Al Schnapps, Ghana, 1960. Marc Riboud (French, 1923–2016). Gelatin silver print, ferrotyped; image: 24.8 x 15.6 cm (9 3/4 x 6 1/8 in.); paper: 24.8 x 15.6 cm (9 3/4 x 6 1/8 in.). The Cleveland Museum of Art, Gift of George Stephanopoulos, 2018.619",Cleveland Museum of Art Open Access,https://clevelandart.org/art/2018.619,,,Cleveland accession 2018.619 accessed 2026-07-05.,2026-07-05,linked_record,Copyrighted,assess where culturally governed,verified,,,Cleveland; Photograph; Ghana,2026-07-05-taxonomy-v1
ARED-GH-00087,"Oil Refinery, Tema, Ghana",,museum object,P4,"Anticolonial and independence visual culture, 1945–1966",V6,Popular and everyday graphics,1963,1963,1963,museum dated,Ghana,,America,America,maker,institutional attribution,,,Cleveland Museum of Art,2022.409,Photograph,gelatin silver print,gelatin silver print,Image: 24.1 x 19.1 cm (9 1/2 x 7 1/2 in.),,"The Cleveland Museum of Art records accession 2022.409 as ""Oil Refinery, Tema, Ghana"". Date: 1963. Culture: America. Technique/material: gelatin silver print. Measurements: Image: 24.1 x 19.1 cm (9 1/2 x 7 1/2 in.). Tombstone: Oil Refinery, Tema, Ghana, 1963. Paul Strand (American, 1890–1976). Gelatin silver print; image: 24.1 x 19.1 cm (9 1/2 x 7 1/2 in.). The Cleveland Museum of Art, Gift of Nina Rosenblum and Lisa Rosenblum, 2022.409.","ARED research note: Popular graphics, photography and advertising in Ghana form part of the country's visual communication history. This interpretation is ARED analysis based on the object record — not a direct museum quotation.",,,"Oil Refinery, Tema, Ghana, 1963. Paul Strand (American, 1890–1976). Gelatin silver print; image: 24.1 x 19.1 cm (9 1/2 x 7 1/2 in.). The Cleveland Museum of Art, Gift of Nina Rosenblum and Lisa Rosenblum, 2022.409","Oil Refinery, Tema, Ghana, 1963. Paul Strand (American, 1890–1976). Gelatin silver print; image: 24.1 x 19.1 cm (9 1/2 x 7 1/2 in.). The Cleveland Museum of Art, Gift of Nina Rosenblum and Lisa Rosenblum, 2022.409",Cleveland Museum of Art Open Access,https://clevelandart.org/art/2022.409,,,Cleveland accession 2022.409 accessed 2026-07-05.,2026-07-05,linked_record,Copyrighted,assess where culturally governed,verified,,,Cleveland; Photograph; Ghana,2026-07-05-taxonomy-v1
ARED-GH-00088,"Man Standing Behind Shrine Dedicated to Dr. Kwame Nkruhmah, the First Prime Minister of Ghana",,museum object,P4,"Anticolonial and independence visual culture, 1945–1966",V6,Popular and everyday graphics,c. 1960s,1960,1969,museum dated,Ghana,,France,France,maker,institutional attribution,,,Cleveland Museum of Art,2018.526,Photograph,"Gelatin silver print, ferrotyped","Gelatin silver print, ferrotyped",Image: 25.4 x 17.3 cm (10 x 6 13/16 in.); Paper: 25.4 x 17.3 cm (10 x 6 13/16 in.),,"The Cleveland Museum of Art records accession 2018.526 as ""Man Standing Behind Shrine Dedicated to Dr. Kwame Nkruhmah, the First Prime Minister of Ghana"". Date: c. 1960s. Culture: France. Technique/material: Gelatin silver print, ferrotyped. Measurements: Image: 25.4 x 17.3 cm (10 x 6 13/16 in.); Paper: 25.4 x 17.3 cm (10 x 6 13/16 in.). Tombstone: Man Standing Behind Shrine Dedicated to Dr. Kwame Nkruhmah, the First Prime Minister of Ghana, c. 1960s. Marc Riboud (French, 1923–2016). Gelatin silver print, ferrotyped; image: 25.4 x 17.3 cm (10 x 6 13/16 in.); paper: 25.4 x 17.3 cm (10 x 6 13/16 in.). The Cleveland Museum of Art, Gift of George Stephanopoulos, 2018.526.","ARED research note: Popular graphics, photography and advertising in Ghana form part of the country's visual communication history. This interpretation is ARED analysis based on the object record — not a direct museum quotation.",,,"Man Standing Behind Shrine Dedicated to Dr. Kwame Nkruhmah, the First Prime Minister of Ghana, c. 1960s. Marc Riboud (French, 1923–2016). Gelatin silver print, ferrotyped; image: 25.4 x 17.3 cm (10 x 6 13/16 in.); paper: 25.4 x 17.3 cm (10 x 6 13/16 in.). The Cleveland Museum of Art, Gift of George Stephanopoulos, 2018.526","Man Standing Behind Shrine Dedicated to Dr. Kwame Nkruhmah, the First Prime Minister of Ghana, c. 1960s. Marc Riboud (French, 1923–2016). Gelatin silver print, ferrotyped; image: 25.4 x 17.3 cm (10 x 6 13/16 in.); paper: 25.4 x 17.3 cm (10 x 6 13/16 in.). The Cleveland Museum of Art, Gift of George Stephanopoulos, 2018.526",Cleveland Museum of Art Open Access,https://clevelandart.org/art/2018.526,,,Cleveland accession 2018.526 accessed 2026-07-05.,2026-07-05,linked_record,Copyrighted,assess where culturally governed,verified,,,Cleveland; Photograph; Ghana,2026-07-05-taxonomy-v1
